/*******************************************************************************
 * Size: 44 px
 * Bpp: 1
 * Opts: --bpp 1 --size 44 --no-compress --stride 1 --align 1 --font JetBrainsMono.ttf --range 32-127,1025,1040-1103,1105,8470,8212,171,187,8230,176,9472-9599 --format lvgl -o term_font_60.c
 ******************************************************************************/

#ifdef __has_include
    #if __has_include("lvgl.h")
        #ifndef LV_LVGL_H_INCLUDE_SIMPLE
            #define LV_LVGL_H_INCLUDE_SIMPLE
        #endif
    #endif
#endif

#ifdef LV_LVGL_H_INCLUDE_SIMPLE
    #include "lvgl.h"
#else
    #include "lvgl/lvgl.h"
#endif



#ifndef TERM_FONT_60
#define TERM_FONT_60 1
#endif

#if TERM_FONT_60

/*-----------------
 *    BITMAPS
 *----------------*/

/*Store the image of the glyphs*/
static LV_ATTRIBUTE_LARGE_CONST const uint8_t glyph_bitmap[] = {
    /* U+0020 " " */
    0x0,

    /* U+0021 "!" */
    0x78, 0xf1, 0xe3, 0xc7, 0x8f, 0x1e, 0x3c, 0x78,
    0xf1, 0xe3, 0xc7, 0x8f, 0x1e, 0x3c, 0x78, 0xf1,
    0xe3, 0xc7, 0x8f, 0x1e, 0x0, 0x0, 0x0, 0x0,
    0x7, 0xdf, 0xff, 0xff, 0x7c,

    /* U+0022 "\"" */
    0xf0, 0x7f, 0x83, 0xfc, 0x1f, 0xe0, 0xff, 0x7,
    0xf8, 0x3f, 0xc1, 0xfe, 0xf, 0xf0, 0x7f, 0x83,
    0xfc, 0x1f, 0xe0, 0xff, 0x7, 0x80,

    /* U+0023 "#" */
    0x0, 0xe0, 0x38, 0x3, 0xc0, 0x70, 0x7, 0x0,
    0xe0, 0xe, 0x1, 0xc0, 0x1c, 0x7, 0x80, 0x38,
    0xe, 0x0, 0xf0, 0x1c, 0x1, 0xe0, 0x38, 0x3,
    0x80, 0x70, 0xff, 0xff, 0xfd, 0xff, 0xff, 0xfb,
    0xff, 0xff, 0xf0, 0x78, 0xe, 0x0, 0xe0, 0x1c,
    0x1, 0xc0, 0x38, 0x3, 0x80, 0xf0, 0x7, 0x1,
    0xc0, 0x1e, 0x3, 0x80, 0x38, 0x7, 0x0, 0x70,
    0xe, 0x0, 0xe0, 0x3c, 0x1f, 0xff, 0xff, 0xbf,
    0xff, 0xff, 0x7f, 0xff, 0xfe, 0x1c, 0x3, 0x80,
    0x38, 0xf, 0x0, 0x70, 0x1e, 0x0, 0xe0, 0x38,
    0x3, 0xc0, 0x70, 0x7, 0x0, 0xe0, 0xe, 0x1,
    0xc0, 0x1c, 0x7, 0x80, 0x38, 0xe, 0x0,

    /* U+0024 "$" */
    0x0, 0x70, 0x0, 0x7, 0x0, 0x0, 0x70, 0x0,
    0x7, 0x0, 0x0, 0x70, 0x0, 0x7, 0x0, 0x3,
    0xfe, 0x0, 0xff, 0xf8, 0x1f, 0xff, 0xc3, 0xff,
    0xfe, 0x3e, 0x73, 0xe7, 0xc7, 0x1f, 0x78, 0x70,
    0xf7, 0x87, 0xf, 0x78, 0x70, 0xf7, 0x87, 0x0,
    0x78, 0x70, 0x7, 0xc7, 0x0, 0x3e, 0x70, 0x3,
    0xff, 0x0, 0x1f, 0xf0, 0x0, 0xff, 0xe0, 0x7,
    0xff, 0x0, 0x1f, 0xf8, 0x0, 0x7f, 0xc0, 0x7,
    0x7e, 0x0, 0x71, 0xe0, 0x7, 0x1f, 0x0, 0x70,
    0xf0, 0x7, 0xf, 0xf0, 0x70, 0xff, 0x7, 0xf,
    0xf0, 0x70, 0xff, 0x87, 0x1f, 0x7c, 0x73, 0xe7,
    0xf7, 0x7e, 0x3f, 0xff, 0xc1, 0xff, 0xf8, 0x7,
    0xfe, 0x0, 0x7, 0x0, 0x0, 0x70, 0x0, 0x7,
    0x0, 0x0, 0x70, 0x0, 0x7, 0x0, 0x0, 0x70,
    0x0,

    /* U+0025 "%" */
    0x1f, 0x80, 0x7, 0x9f, 0xe0, 0x7, 0x9f, 0xf8,
    0x7, 0x9e, 0x1e, 0x3, 0xce, 0x7, 0x3, 0xc7,
    0x3, 0x81, 0xc3, 0x81, 0xc1, 0xe1, 0xc0, 0xe1,
    0xe0, 0xe0, 0x70, 0xe0, 0x70, 0x38, 0xf0, 0x38,
    0x1c, 0xf0, 0x1e, 0x1e, 0x70, 0x7, 0xfe, 0x78,
    0x1, 0xfe, 0x78, 0x0, 0x7e, 0x38, 0x0, 0x0,
    0x3c, 0x0, 0x0, 0x3c, 0x0, 0x0, 0x1c, 0x0,
    0x0, 0x1e, 0x3f, 0x0, 0xe, 0x3f, 0xc0, 0xe,
    0x3f, 0xf0, 0xf, 0x3c, 0x7c, 0x7, 0x1c, 0x1e,
    0x7, 0xe, 0xf, 0x7, 0x87, 0x7, 0x83, 0x83,
    0x83, 0xc3, 0x81, 0xc1, 0xe3, 0xc0, 0xe0, 0xf1,
    0xc0, 0x70, 0x79, 0xc0, 0x3c, 0x7c, 0xe0, 0xf,
    0xfc, 0xe0, 0x3, 0xfc, 0xe0, 0x0, 0xfc, 0x0,

    /* U+0026 "&" */
    0x1, 0xf8, 0x0, 0x1f, 0xf8, 0x0, 0xff, 0xf0,
    0x7, 0xc3, 0xe0, 0x3e, 0x7, 0xc0, 0xf0, 0xf,
    0x3, 0xc0, 0x3c, 0xf, 0x0, 0x0, 0x3c, 0x0,
    0x0, 0xf8, 0x0, 0x1, 0xe0, 0x0, 0x7, 0xc0,
    0x0, 0xf, 0x0, 0x0, 0x3e, 0x0, 0x0, 0xfc,
    0x0, 0xf, 0xf0, 0x0, 0x7f, 0xe0, 0x1, 0xf7,
    0xc0, 0xff, 0x8f, 0x7, 0xbc, 0x1e, 0x1e, 0xf0,
    0x7c, 0xf3, 0xc0, 0xf3, 0xcf, 0x1, 0xfe, 0x3c,
    0x7, 0xf8, 0xf0, 0xf, 0xc3, 0xc0, 0x1f, 0xf,
    0x0, 0x7c, 0x3c, 0x3, 0xf0, 0xf8, 0x1f, 0xe1,
    0xf0, 0xfb, 0xc7, 0xff, 0xcf, 0x8f, 0xfe, 0x1e,
    0xf, 0xe0, 0x3c,

    /* U+0027 "'" */
    0xff, 0xff, 0xff, 0xff, 0xff, 0xff, 0xf0,

    /* U+0028 "(" */
    0x0, 0x0, 0x1, 0xc0, 0x3e, 0x3, 0xf0, 0x7f,
    0x3, 0xe0, 0x3e, 0x3, 0xe0, 0x3e, 0x1, 0xe0,
    0x1f, 0x0, 0xf0, 0x7, 0x80, 0x78, 0x3, 0xc0,
    0x1e, 0x0, 0xf0, 0x7, 0x80, 0x3c, 0x1, 0xe0,
    0xf, 0x0, 0x78, 0x3, 0xc0, 0x1e, 0x0, 0xf0,
    0x7, 0x80, 0x3c, 0x1, 0xe0, 0xf, 0x0, 0x78,
    0x3, 0xe0, 0xf, 0x0, 0x78, 0x3, 0xe0, 0xf,
    0x0, 0x7c, 0x1, 0xf0, 0x7, 0xc0, 0x3f, 0x80,
    0xff, 0x1, 0xf8, 0x7, 0xc0, 0xe,

    /* U+0029 ")" */
    0x0, 0x7, 0x0, 0x3e, 0x1, 0xf8, 0x7, 0xe0,
    0xf, 0x80, 0x3e, 0x0, 0xf8, 0x3, 0xe0, 0xf,
    0x0, 0x7c, 0x1, 0xe0, 0xf, 0x0, 0x7c, 0x1,
    0xe0, 0xf, 0x0, 0x78, 0x3, 0xc0, 0x1e, 0x0,
    0xf0, 0x7, 0x80, 0x3c, 0x1, 0xe0, 0xf, 0x0,
    0x78, 0x3, 0xc0, 0x1e, 0x0, 0xf0, 0x7, 0x80,
    0x3c, 0x3, 0xe0, 0x1e, 0x0, 0xf0, 0xf, 0x80,
    0x78, 0x7, 0xc0, 0x7c, 0x7, 0xc0, 0xfc, 0x1f,
    0xc0, 0xfc, 0x7, 0xc0, 0x38, 0x0,

    /* U+002A "*" */
    0x0, 0x3c, 0x0, 0x0, 0x3c, 0x0, 0x0, 0x3c,
    0x0, 0x0, 0x3c, 0x0, 0x0, 0x3c, 0x0, 0x0,
    0x3c, 0x0, 0x40, 0x3c, 0x2, 0x78, 0x3c, 0x1e,
    0x7e, 0x18, 0x7e, 0xff, 0x99, 0xff, 0x3f, 0xdf,
    0xfc, 0xf, 0xff, 0xe0, 0x0, 0x3c, 0x0, 0x0,
    0x3c, 0x0, 0x0, 0xff, 0x0, 0x1, 0xe7, 0x80,
    0x1, 0xe7, 0x80, 0x3, 0xc3, 0xc0, 0x7, 0xc3,
    0xe0, 0xf, 0x81, 0xf0, 0xf, 0x1, 0xf0, 0xf,
    0x0, 0xe0, 0x2, 0x0, 0x40,

    /* U+002B "+" */
    0x0, 0xf0, 0x0, 0x7, 0x80, 0x0, 0x3c, 0x0,
    0x1, 0xe0, 0x0, 0xf, 0x0, 0x0, 0x78, 0x0,
    0x3, 0xc0, 0x0, 0x1e, 0x0, 0x0, 0xf0, 0x7,
    0xff, 0xff, 0xff, 0xff, 0xff, 0xff, 0xff, 0xf0,
    0xf, 0x0, 0x0, 0x78, 0x0, 0x3, 0xc0, 0x0,
    0x1e, 0x0, 0x0, 0xf0, 0x0, 0x7, 0x80, 0x0,
    0x3c, 0x0, 0x1, 0xe0, 0x0, 0xf, 0x0, 0x0,

    /* U+002C "," */
    0xf, 0x87, 0xe1, 0xf0, 0x7c, 0x1f, 0xf, 0x83,
    0xe0, 0xf0, 0x3c, 0x1f, 0x7, 0x81, 0xe0, 0x70,
    0x3c, 0x0,

    /* U+002D "-" */
    0xff, 0xff, 0xff, 0xff, 0xff, 0xc0,

    /* U+002E "." */
    0x38, 0xfb, 0xff, 0xff, 0xff, 0xde, 0x0,

    /* U+002F "/" */
    0x0, 0x0, 0xf0, 0x0, 0x1f, 0x0, 0x1, 0xe0,
    0x0, 0x1e, 0x0, 0x3, 0xc0, 0x0, 0x3c, 0x0,
    0x7, 0xc0, 0x0, 0x78, 0x0, 0x7, 0x80, 0x0,
    0xf8, 0x0, 0xf, 0x0, 0x0, 0xf0, 0x0, 0x1e,
    0x0, 0x1, 0xe0, 0x0, 0x1e, 0x0, 0x3, 0xc0,
    0x0, 0x3c, 0x0, 0x7, 0xc0, 0x0, 0x78, 0x0,
    0x7, 0x80, 0x0, 0xf0, 0x0, 0xf, 0x0, 0x0,
    0xf0, 0x0, 0x1e, 0x0, 0x1, 0xe0, 0x0, 0x3e,
    0x0, 0x3, 0xc0, 0x0, 0x3c, 0x0, 0x7, 0xc0,
    0x0, 0x78, 0x0, 0x7, 0x80, 0x0, 0xf0, 0x0,
    0xf, 0x0, 0x1, 0xf0, 0x0, 0x1e, 0x0, 0x1,
    0xe0, 0x0, 0x3e, 0x0, 0x3, 0xc0, 0x0, 0x3c,
    0x0, 0x7, 0x80, 0x0, 0x78, 0x0, 0xf, 0x80,
    0x0,

    /* U+0030 "0" */
    0x3, 0xf8, 0x1, 0xff, 0xc0, 0x7f, 0xfc, 0x1f,
    0x7, 0xc7, 0xc0, 0x7c, 0xf0, 0x7, 0xbe, 0x0,
    0x7f, 0x80, 0xf, 0xf0, 0x1, 0xfe, 0x0, 0x3f,
    0xc0, 0x7, 0xf8, 0x0, 0xff, 0x0, 0x1f, 0xe0,
    0x3, 0xfc, 0x38, 0x7f, 0x8f, 0x8f, 0xf1, 0xf1,
    0xfe, 0x3e, 0x3f, 0xc3, 0x87, 0xf8, 0x0, 0xff,
    0x0, 0x1f, 0xe0, 0x3, 0xfc, 0x0, 0x7f, 0x80,
    0xf, 0xf0, 0x1, 0xfe, 0x0, 0x3f, 0xc0, 0x7,
    0xbc, 0x1, 0xe7, 0xc0, 0x7c, 0x7c, 0x1f, 0x7,
    0xff, 0xc0, 0x7f, 0xf0, 0x3, 0xf8, 0x0,

    /* U+0031 "1" */
    0x1, 0xf8, 0x0, 0x3f, 0x80, 0xf, 0xf8, 0x1,
    0xff, 0x80, 0x3f, 0x78, 0xf, 0xc7, 0x80, 0xf8,
    0x78, 0xf, 0x7, 0x80, 0xc0, 0x78, 0x8, 0x7,
    0x80, 0x0, 0x78, 0x0, 0x7, 0x80, 0x0, 0x78,
    0x0, 0x7, 0x80, 0x0, 0x78, 0x0, 0x7, 0x80,
    0x0, 0x78, 0x0, 0x7, 0x80, 0x0, 0x78, 0x0,
    0x7, 0x80, 0x0, 0x78, 0x0, 0x7, 0x80, 0x0,
    0x78, 0x0, 0x7, 0x80, 0x0, 0x78, 0x0, 0x7,
    0x80, 0x0, 0x78, 0x0, 0x7, 0x80, 0x0, 0x78,
    0x0, 0x7, 0x80, 0xff, 0xff, 0xff, 0xff, 0xff,
    0xff, 0xff, 0xf0,

    /* U+0032 "2" */
    0x3, 0xf8, 0x0, 0xff, 0xe0, 0x1f, 0xff, 0x3,
    0xe0, 0xf8, 0x7c, 0x7, 0xc7, 0x80, 0x3c, 0xf0,
    0x1, 0xef, 0x0, 0x1e, 0xf0, 0x1, 0xe0, 0x0,
    0x1e, 0x0, 0x1, 0xe0, 0x0, 0x1e, 0x0, 0x3,
    0xe0, 0x0, 0x3c, 0x0, 0x7, 0xc0, 0x0, 0x78,
    0x0, 0xf, 0x80, 0x1, 0xf0, 0x0, 0x3e, 0x0,
    0x3, 0xe0, 0x0, 0x7c, 0x0, 0xf, 0x80, 0x1,
    0xf0, 0x0, 0x3e, 0x0, 0x7, 0xc0, 0x0, 0xf8,
    0x0, 0xf, 0x0, 0x1, 0xf0, 0x0, 0x3e, 0x0,
    0x7, 0xc0, 0x0, 0x7f, 0xff, 0xf7, 0xff, 0xff,
    0x7f, 0xff, 0xf0,

    /* U+0033 "3" */
    0x7f, 0xff, 0xcf, 0xff, 0xf9, 0xff, 0xff, 0x0,
    0x1, 0xe0, 0x0, 0x78, 0x0, 0x1e, 0x0, 0x7,
    0x80, 0x1, 0xe0, 0x0, 0x78, 0x0, 0x1e, 0x0,
    0x7, 0x80, 0x1, 0xe0, 0x0, 0x3f, 0x80, 0x7,
    0xfc, 0x0, 0xff, 0xc0, 0x0, 0x7c, 0x0, 0x7,
    0xc0, 0x0, 0x78, 0x0, 0x7, 0x80, 0x0, 0xf0,
    0x0, 0x1e, 0x0, 0x3, 0xc0, 0x0, 0x78, 0x0,
    0xf, 0xf0, 0x1, 0xfe, 0x0, 0x3f, 0xc0, 0x7,
    0xbc, 0x1, 0xe7, 0xc0, 0x7c, 0x7c, 0x1f, 0x7,
    0xff, 0xc0, 0x7f, 0xf0, 0x3, 0xf8, 0x0,

    /* U+0034 "4" */
    0x0, 0xf, 0x0, 0x7, 0xc0, 0x1, 0xe0, 0x0,
    0xf0, 0x0, 0x3c, 0x0, 0x1e, 0x0, 0xf, 0x80,
    0x3, 0xc0, 0x1, 0xe0, 0x0, 0xf8, 0x0, 0x3c,
    0x0, 0x1f, 0x0, 0x7, 0x80, 0x3, 0xc0, 0x1,
    0xf0, 0x3c, 0x78, 0xf, 0x3e, 0x3, 0xcf, 0x0,
    0xf7, 0xc0, 0x3f, 0xe0, 0xf, 0xf0, 0x3, 0xfc,
    0x0, 0xff, 0x0, 0x3f, 0xff, 0xff, 0xff, 0xff,
    0xff, 0xff, 0xf0, 0x0, 0x3c, 0x0, 0xf, 0x0,
    0x3, 0xc0, 0x0, 0xf0, 0x0, 0x3c, 0x0, 0xf,
    0x0, 0x3, 0xc0,

    /* U+0035 "5" */
    0x7f, 0xff, 0xcf, 0xff, 0xf9, 0xff, 0xff, 0x3c,
    0x0, 0x7, 0x80, 0x0, 0xf0, 0x0, 0x1e, 0x0,
    0x3, 0xc0, 0x0, 0x78, 0x0, 0xf, 0x0, 0x1,
    0xe0, 0x0, 0x3c, 0x7e, 0x7, 0xbf, 0xf0, 0xf7,
    0xff, 0x1f, 0xc3, 0xf3, 0xf0, 0x1e, 0x7c, 0x3,
    0xcf, 0x0, 0x3c, 0x0, 0x7, 0x80, 0x0, 0xf0,
    0x0, 0x1e, 0x0, 0x3, 0xc0, 0x0, 0x78, 0x0,
    0xf, 0x0, 0x1, 0xe0, 0x0, 0x3f, 0xe0, 0x7,
    0xbc, 0x1, 0xe7, 0xc0, 0x3c, 0x7c, 0x1f, 0x7,
    0xff, 0xc0, 0x7f, 0xf0, 0x3, 0xf8, 0x0,

    /* U+0036 "6" */
    0x0, 0x3c, 0x0, 0x3, 0xc0, 0x0, 0x78, 0x0,
    0xf, 0x80, 0x0, 0xf0, 0x0, 0x1e, 0x0, 0x1,
    0xe0, 0x0, 0x3c, 0x0, 0x7, 0xc0, 0x0, 0x78,
    0x0, 0xf, 0x0, 0x0, 0xf0, 0x0, 0x1e, 0x7e,
    0x3, 0xff, 0xf0, 0x3f, 0xff, 0x87, 0xf0, 0xfc,
    0x7c, 0x3, 0xe7, 0x80, 0x1e, 0xf8, 0x1, 0xff,
    0x0, 0xf, 0xf0, 0x0, 0xff, 0x0, 0xf, 0xf0,
    0x0, 0xff, 0x0, 0xf, 0xf0, 0x0, 0xff, 0x0,
    0xf, 0x78, 0x1, 0xe7, 0x80, 0x1e, 0x3c, 0x3,
    0xc3, 0xf0, 0xfc, 0x1f, 0xff, 0x80, 0xff, 0xf0,
    0x1, 0xf8, 0x0,

    /* U+0037 "7" */
    0xff, 0xff, 0xff, 0xff, 0xff, 0xff, 0xff, 0xff,
    0x0, 0xf, 0xf0, 0x0, 0xff, 0x0, 0x1e, 0xf0,
    0x1, 0xef, 0x0, 0x3c, 0x0, 0x3, 0xc0, 0x0,
    0x3c, 0x0, 0x7, 0x80, 0x0, 0x78, 0x0, 0xf,
    0x80, 0x0, 0xf0, 0x0, 0xf, 0x0, 0x1, 0xe0,
    0x0, 0x1e, 0x0, 0x1, 0xe0, 0x0, 0x3c, 0x0,
    0x3, 0xc0, 0x0, 0x7c, 0x0, 0x7, 0x80, 0x0,
    0x78, 0x0, 0xf, 0x0, 0x0, 0xf0, 0x0, 0x1f,
    0x0, 0x1, 0xe0, 0x0, 0x1e, 0x0, 0x3, 0xe0,
    0x0, 0x3c, 0x0, 0x3, 0xc0, 0x0, 0x78, 0x0,
    0x7, 0x80, 0x0,

    /* U+0038 "8" */
    0x3, 0xfc, 0x1, 0xff, 0xe0, 0x7f, 0xfe, 0x1f,
    0x87, 0xe3, 0xc0, 0x3c, 0xf0, 0x3, 0xde, 0x0,
    0x7b, 0xc0, 0xf, 0x78, 0x1, 0xef, 0x0, 0x3d,
    0xf0, 0xf, 0x9e, 0x1, 0xe3, 0xe0, 0xfc, 0x3f,
    0x3f, 0x3, 0xff, 0xc0, 0x3f, 0xe0, 0x7, 0xfc,
    0x3, 0xff, 0xe0, 0xfe, 0x7e, 0x3f, 0x7, 0xe7,
    0xc0, 0x7d, 0xf0, 0x7, 0xfc, 0x0, 0x7f, 0x80,
    0xf, 0xf0, 0x1, 0xfe, 0x0, 0x3f, 0xc0, 0x7,
    0xfc, 0x1, 0xe7, 0x80, 0x3c, 0x7c, 0x1f, 0xf,
    0xff, 0xe0, 0x7f, 0xf0, 0x3, 0xf8, 0x0,

    /* U+0039 "9" */
    0x1, 0xf8, 0x0, 0xff, 0xf0, 0x1f, 0xff, 0x83,
    0xf0, 0xfc, 0x3c, 0x3, 0xc7, 0x80, 0x1e, 0x78,
    0x1, 0xef, 0x0, 0xf, 0xf0, 0x0, 0xff, 0x0,
    0xf, 0xf0, 0x0, 0xff, 0x0, 0xf, 0xf0, 0x0,
    0xff, 0x0, 0xf, 0xf8, 0x1, 0xf7, 0x80, 0x1e,
    0x7c, 0x3, 0xe3, 0xf0, 0xfe, 0x1f, 0xff, 0xc0,
    0xff, 0xfc, 0x7, 0xe7, 0x80, 0x0, 0xf0, 0x0,
    0xf, 0x0, 0x1, 0xe0, 0x0, 0x3e, 0x0, 0x3,
    0xc0, 0x0, 0x78, 0x0, 0x7, 0x80, 0x0, 0xf0,
    0x0, 0x1f, 0x0, 0x1, 0xe0, 0x0, 0x3c, 0x0,
    0x3, 0xc0, 0x0,

    /* U+003A ":" */
    0x7d, 0xff, 0xff, 0xff, 0xef, 0x80, 0x0, 0x0,
    0x0, 0x0, 0x0, 0x0, 0x0, 0x0, 0x0, 0x0,
    0x3, 0xef, 0xff, 0xff, 0xff, 0x7c,

    /* U+003B ";" */
    0x1f, 0x1f, 0xcf, 0xe7, 0xf3, 0xf8, 0xf8, 0x0,
    0x0, 0x0, 0x0, 0x0, 0x0, 0x0, 0x0, 0x0,
    0x0, 0x0, 0x0, 0x0, 0x7, 0xc3, 0xe1, 0xf1,
    0xf0, 0xf8, 0x7c, 0x3c, 0x3e, 0x1e, 0xf, 0x7,
    0x83, 0x83, 0xc1, 0xc0,

    /* U+003C "<" */
    0x0, 0x0, 0x0, 0x0, 0xc, 0x0, 0x7, 0x80,
    0x3, 0xf0, 0x1, 0xfe, 0x0, 0xff, 0x0, 0x7f,
    0x80, 0x3f, 0xc0, 0x1f, 0xe0, 0xf, 0xf0, 0x3,
    0xf8, 0x0, 0x7c, 0x0, 0xf, 0x0, 0x1, 0xf8,
    0x0, 0x3f, 0xc0, 0x1, 0xfe, 0x0, 0xf, 0xf0,
    0x0, 0x7f, 0x80, 0x3, 0xfc, 0x0, 0x1f, 0xe0,
    0x0, 0xfe, 0x0, 0x7, 0xc0, 0x0, 0x38, 0x0,
    0x1,

    /* U+003D "=" */
    0xff, 0xff, 0xff, 0xff, 0xff, 0xff, 0xff, 0x80,
    0x0, 0x0, 0x0, 0x0, 0x0, 0x0, 0x0, 0x0,
    0x0, 0x0, 0x0, 0x0, 0x0, 0x0, 0x0, 0x0,
    0x0, 0x0, 0x7f, 0xff, 0xff, 0xff, 0xff, 0xff,
    0xff, 0xc0,

    /* U+003E ">" */
    0x0, 0x0, 0x18, 0x0, 0x3, 0xc0, 0x0, 0x7e,
    0x0, 0xf, 0xf0, 0x0, 0x7f, 0x80, 0x3, 0xfc,
    0x0, 0x1f, 0xe0, 0x0, 0xff, 0x0, 0x7, 0xf8,
    0x0, 0x3f, 0x80, 0x1, 0xf0, 0x0, 0xe, 0x0,
    0x7, 0xc0, 0x3, 0xf8, 0x3, 0xfc, 0x1, 0xfe,
    0x0, 0xff, 0x0, 0x7f, 0x80, 0x3f, 0xc0, 0xf,
    0xe0, 0x1, 0xf0, 0x0, 0x38, 0x0, 0x4, 0x0,
    0x0,

    /* U+003F "?" */
    0xff, 0x80, 0xff, 0xf0, 0xff, 0xf8, 0x0, 0xfc,
    0x0, 0x3e, 0x0, 0x1e, 0x0, 0x1f, 0x0, 0xf,
    0x0, 0xf, 0x0, 0xf, 0x0, 0xf, 0x0, 0xf,
    0x0, 0x1f, 0x0, 0x1e, 0x0, 0x3e, 0x0, 0xfc,
    0x1f, 0xf8, 0x1f, 0xf0, 0x1f, 0xc0, 0x1e, 0x0,
    0x1e, 0x0, 0x1e, 0x0, 0x1e, 0x0, 0x1e, 0x0,
    0x0, 0x0, 0x0, 0x0, 0x0, 0x0, 0x0, 0x0,
    0x1f, 0x0, 0x3f, 0x80, 0x3f, 0x80, 0x3f, 0x80,
    0x1f, 0x0,

    /* U+0040 "@" */
    0x0, 0xff, 0x0, 0x7, 0xff, 0x80, 0x3f, 0xff,
    0xc0, 0xfc, 0xf, 0xc3, 0xe0, 0x7, 0x87, 0x80,
    0x7, 0x9f, 0x0, 0xf, 0x3c, 0x0, 0xf, 0xf8,
    0x0, 0x1f, 0xe0, 0x0, 0x3f, 0xc0, 0x0, 0x7f,
    0x80, 0xfc, 0xff, 0x3, 0xfd, 0xfe, 0xf, 0xff,
    0xfc, 0x1f, 0xf, 0xf8, 0x7c, 0xf, 0xf0, 0xf0,
    0x1f, 0xe1, 0xe0, 0x3f, 0xc3, 0xc0, 0x7f, 0x87,
    0x80, 0xff, 0xf, 0x1, 0xfe, 0x1e, 0x3, 0xfc,
    0x3c, 0x7, 0xf8, 0x78, 0xf, 0xf0, 0xf0, 0x1f,
    0xe1, 0xe0, 0x3f, 0xc3, 0xe0, 0xff, 0x83, 0xe1,
    0x7f, 0x7, 0xfe, 0xfe, 0x7, 0xf9, 0xfc, 0x7,
    0xe3, 0xf8, 0x0, 0x0, 0x78, 0x0, 0x0, 0xf0,
    0x0, 0x1, 0xf0, 0x0, 0x1, 0xe0, 0x0, 0x3,
    0xe0, 0x0, 0x3, 0xf0, 0x0, 0x3, 0xff, 0x80,
    0x1, 0xff, 0x0, 0x0, 0xfe, 0x0,

    /* U+0041 "A" */
    0x0, 0xfc, 0x0, 0x3, 0xf0, 0x0, 0xf, 0xe0,
    0x0, 0x3f, 0x80, 0x1, 0xfe, 0x0, 0x7, 0xb8,
    0x0, 0x1e, 0xf0, 0x0, 0x73, 0xc0, 0x3, 0xcf,
    0x0, 0xf, 0x3c, 0x0, 0x3c, 0x78, 0x0, 0xe1,
    0xe0, 0x7, 0x87, 0x80, 0x1e, 0x1e, 0x0, 0x78,
    0x3c, 0x1, 0xc0, 0xf0, 0xf, 0x3, 0xc0, 0x3c,
    0xf, 0x0, 0xf0, 0x1e, 0x3, 0xc0, 0x78, 0x1e,
    0x1, 0xe0, 0x7f, 0xff, 0x81, 0xff, 0xff, 0x7,
    0xff, 0xfc, 0x3c, 0x0, 0xf0, 0xf0, 0x3, 0xc3,
    0xc0, 0x7, 0x8f, 0x0, 0x1e, 0x78, 0x0, 0x79,
    0xe0, 0x1, 0xe7, 0x80, 0x3, 0xde, 0x0, 0xf,
    0xf0, 0x0, 0x3c,

    /* U+0042 "B" */
    0xff, 0xf8, 0x1f, 0xff, 0xc3, 0xff, 0xfe, 0x78,
    0x7, 0xef, 0x0, 0x7d, 0xe0, 0x7, 0xfc, 0x0,
    0x7f, 0x80, 0xf, 0xf0, 0x1, 0xfe, 0x0, 0x3f,
    0xc0, 0x7, 0xf8, 0x0, 0xff, 0x0, 0x3d, 0xe0,
    0xf, 0x3c, 0x3, 0xc7, 0xff, 0xe0, 0xff, 0xff,
    0x1f, 0xff, 0xf3, 0xc0, 0x3f, 0x78, 0x3, 0xef,
    0x0, 0x3f, 0xe0, 0x3, 0xfc, 0x0, 0x7f, 0x80,
    0xf, 0xf0, 0x1, 0xfe, 0x0, 0x3f, 0xc0, 0x7,
    0xf8, 0x1, 0xef, 0x0, 0x7d, 0xe0, 0x1f, 0x3f,
    0xff, 0xe7, 0xff, 0xf0, 0xff, 0xf8, 0x0,

    /* U+0043 "C" */
    0x3, 0xf8, 0x1, 0xff, 0xc0, 0x7f, 0xfe, 0x1f,
    0x7, 0xc7, 0x80, 0x7c, 0xf0, 0x7, 0xbc, 0x0,
    0x7f, 0x80, 0xf, 0xf0, 0x1, 0xfe, 0x0, 0x3,
    0xc0, 0x0, 0x78, 0x0, 0xf, 0x0, 0x1, 0xe0,
    0x0, 0x3c, 0x0, 0x7, 0x80, 0x0, 0xf0, 0x0,
    0x1e, 0x0, 0x3, 0xc0, 0x0, 0x78, 0x0, 0xf,
    0x0, 0x1, 0xe0, 0x0, 0x3c, 0x0, 0x7, 0x80,
    0x0, 0xf0, 0x1, 0xfe, 0x0, 0x3f, 0xc0, 0x7,
    0xbc, 0x1, 0xe7, 0xc0, 0x3c, 0x7c, 0x1f, 0x7,
    0xff, 0xe0, 0x7f, 0xf0, 0x3, 0xf8, 0x0,

    /* U+0044 "D" */
    0xff, 0xf0, 0x3f, 0xff, 0xf, 0xff, 0xe3, 0xc0,
    0x7c, 0xf0, 0xf, 0xbc, 0x1, 0xef, 0x0, 0x7f,
    0xc0, 0xf, 0xf0, 0x3, 0xfc, 0x0, 0xff, 0x0,
    0x3f, 0xc0, 0xf, 0xf0, 0x3, 0xfc, 0x0, 0xff,
    0x0, 0x3f, 0xc0, 0xf, 0xf0, 0x3, 0xfc, 0x0,
    0xff, 0x0, 0x3f, 0xc0, 0xf, 0xf0, 0x3, 0xfc,
    0x0, 0xff, 0x0, 0x3f, 0xc0, 0xf, 0xf0, 0x3,
    0xfc, 0x0, 0xff, 0x0, 0x7f, 0xc0, 0x1e, 0xf0,
    0xf, 0xbc, 0x7, 0xcf, 0xff, 0xe3, 0xff, 0xf0,
    0xff, 0xf0, 0x0,

    /* U+0045 "E" */
    0xff, 0xff, 0xff, 0xff, 0xff, 0xff, 0xff, 0xf8,
    0x0, 0xf, 0x0, 0x1, 0xe0, 0x0, 0x3c, 0x0,
    0x7, 0x80, 0x0, 0xf0, 0x0, 0x1e, 0x0, 0x3,
    0xc0, 0x0, 0x78, 0x0, 0xf, 0x0, 0x1, 0xe0,
    0x0, 0x3f, 0xff, 0xe7, 0xff, 0xfc, 0xff, 0xff,
    0x9e, 0x0, 0x3, 0xc0, 0x0, 0x78, 0x0, 0xf,
    0x0, 0x1, 0xe0, 0x0, 0x3c, 0x0, 0x7, 0x80,
    0x0, 0xf0, 0x0, 0x1e, 0x0, 0x3, 0xc0, 0x0,
    0x78, 0x0, 0xf, 0x0, 0x1, 0xe0, 0x0, 0x3f,
    0xff, 0xff, 0xff, 0xff, 0xff, 0xff, 0xe0,

    /* U+0046 "F" */
    0xff, 0xff, 0xff, 0xff, 0xff, 0xff, 0xff, 0xf8,
    0x0, 0xf, 0x0, 0x1, 0xe0, 0x0, 0x3c, 0x0,
    0x7, 0x80, 0x0, 0xf0, 0x0, 0x1e, 0x0, 0x3,
    0xc0, 0x0, 0x78, 0x0, 0xf, 0x0, 0x1, 0xe0,
    0x0, 0x3c, 0x0, 0x7, 0xff, 0xfe, 0xff, 0xff,
    0xdf, 0xff, 0xfb, 0xc0, 0x0, 0x78, 0x0, 0xf,
    0x0, 0x1, 0xe0, 0x0, 0x3c, 0x0, 0x7, 0x80,
    0x0, 0xf0, 0x0, 0x1e, 0x0, 0x3, 0xc0, 0x0,
    0x78, 0x0, 0xf, 0x0, 0x1, 0xe0, 0x0, 0x3c,
    0x0, 0x7, 0x80, 0x0, 0xf0, 0x0, 0x0,

    /* U+0047 "G" */
    0x3, 0xf8, 0x1, 0xff, 0xc0, 0x7f, 0xfe, 0x1f,
    0x7, 0xc7, 0x80, 0x3c, 0xf0, 0x7, 0xbc, 0x0,
    0x7f, 0x80, 0xf, 0xf0, 0x1, 0xfe, 0x0, 0x3,
    0xc0, 0x0, 0x78, 0x0, 0xf, 0x0, 0x1, 0xe0,
    0x0, 0x3c, 0x0, 0x7, 0x80, 0x0, 0xf0, 0xff,
    0xfe, 0x1f, 0xff, 0xc3, 0xff, 0xf8, 0x0, 0xff,
    0x0, 0x1f, 0xe0, 0x3, 0xfc, 0x0, 0x7f, 0x80,
    0xf, 0xf0, 0x1, 0xfe, 0x0, 0x3f, 0xc0, 0x7,
    0xbc, 0x1, 0xe7, 0xc0, 0x7c, 0x7c, 0x1f, 0x7,
    0xff, 0xc0, 0x7f, 0xf0, 0x3, 0xf8, 0x0,

    /* U+0048 "H" */
    0xf0, 0x3, 0xfc, 0x0, 0xff, 0x0, 0x3f, 0xc0,
    0xf, 0xf0, 0x3, 0xfc, 0x0, 0xff, 0x0, 0x3f,
    0xc0, 0xf, 0xf0, 0x3, 0xfc, 0x0, 0xff, 0x0,
    0x3f, 0xc0, 0xf, 0xf0, 0x3, 0xfc, 0x0, 0xff,
    0x0, 0x3f, 0xff, 0xff, 0xff, 0xff, 0xff, 0xff,
    0xff, 0x0, 0x3f, 0xc0, 0xf, 0xf0, 0x3, 0xfc,
    0x0, 0xff, 0x0, 0x3f, 0xc0, 0xf, 0xf0, 0x3,
    0xfc, 0x0, 0xff, 0x0, 0x3f, 0xc0, 0xf, 0xf0,
    0x3, 0xfc, 0x0, 0xff, 0x0, 0x3f, 0xc0, 0xf,
    0xf0, 0x3, 0xc0,

    /* U+0049 "I" */
    0xff, 0xff, 0xff, 0xff, 0xff, 0xff, 0xe0, 0x3c,
    0x0, 0x1e, 0x0, 0xf, 0x0, 0x7, 0x80, 0x3,
    0xc0, 0x1, 0xe0, 0x0, 0xf0, 0x0, 0x78, 0x0,
    0x3c, 0x0, 0x1e, 0x0, 0xf, 0x0, 0x7, 0x80,
    0x3, 0xc0, 0x1, 0xe0, 0x0, 0xf0, 0x0, 0x78,
    0x0, 0x3c, 0x0, 0x1e, 0x0, 0xf, 0x0, 0x7,
    0x80, 0x3, 0xc0, 0x1, 0xe0, 0x0, 0xf0, 0x0,
    0x78, 0x0, 0x3c, 0x0, 0x1e, 0x0, 0xf, 0x3,
    0xff, 0xff, 0xff, 0xff, 0xff, 0xff, 0x80,

    /* U+004A "J" */
    0x0, 0xff, 0xf0, 0xf, 0xff, 0x0, 0xff, 0xf0,
    0x0, 0xf, 0x0, 0x0, 0xf0, 0x0, 0xf, 0x0,
    0x0, 0xf0, 0x0, 0xf, 0x0, 0x0, 0xf0, 0x0,
    0xf, 0x0, 0x0, 0xf0, 0x0, 0xf, 0x0, 0x0,
    0xf0, 0x0, 0xf, 0x0, 0x0, 0xf0, 0x0, 0xf,
    0x0, 0x0, 0xf0, 0x0, 0xf, 0x0, 0x0, 0xf0,
    0x0, 0xf, 0x0, 0x0, 0xf0, 0x0, 0xf, 0x0,
    0x0, 0xff, 0x0, 0xf, 0xf0, 0x0, 0xff, 0x0,
    0xf, 0xf0, 0x1, 0xf7, 0x80, 0x1e, 0x7c, 0x3,
    0xe3, 0xe0, 0x7c, 0x1f, 0xff, 0x80, 0xff, 0xf0,
    0x3, 0xfc, 0x0,

    /* U+004B "K" */
    0xf0, 0x0, 0xf7, 0x80, 0xf, 0x3c, 0x0, 0x79,
    0xe0, 0x7, 0x8f, 0x0, 0x3c, 0x78, 0x3, 0xe3,
    0xc0, 0x1e, 0x1e, 0x1, 0xf0, 0xf0, 0xf, 0x7,
    0x80, 0xf8, 0x3c, 0x7, 0x81, 0xe0, 0x7c, 0xf,
    0x3, 0xc0, 0x78, 0x3e, 0x3, 0xc1, 0xe0, 0x1f,
    0xff, 0x0, 0xff, 0xf0, 0x7, 0xff, 0xc0, 0x3c,
    0x1e, 0x1, 0xe0, 0xf8, 0xf, 0x3, 0xc0, 0x78,
    0x1f, 0x3, 0xc0, 0x78, 0x1e, 0x3, 0xe0, 0xf0,
    0xf, 0x7, 0x80, 0x7c, 0x3c, 0x1, 0xe1, 0xe0,
    0xf, 0x8f, 0x0, 0x3c, 0x78, 0x1, 0xf3, 0xc0,
    0x7, 0x9e, 0x0, 0x3e, 0xf0, 0x0, 0xf0,

    /* U+004C "L" */
    0xf0, 0x0, 0x1e, 0x0, 0x3, 0xc0, 0x0, 0x78,
    0x0, 0xf, 0x0, 0x1, 0xe0, 0x0, 0x3c, 0x0,
    0x7, 0x80, 0x0, 0xf0, 0x0, 0x1e, 0x0, 0x3,
    0xc0, 0x0, 0x78, 0x0, 0xf, 0x0, 0x1, 0xe0,
    0x0, 0x3c, 0x0, 0x7, 0x80, 0x0, 0xf0, 0x0,
    0x1e, 0x0, 0x3, 0xc0, 0x0, 0x78, 0x0, 0xf,
    0x0, 0x1, 0xe0, 0x0, 0x3c, 0x0, 0x7, 0x80,
    0x0, 0xf0, 0x0, 0x1e, 0x0, 0x3, 0xc0, 0x0,
    0x78, 0x0, 0xf, 0x0, 0x1, 0xe0, 0x0, 0x3f,
    0xff, 0xff, 0xff, 0xff, 0xff, 0xff, 0xe0,

    /* U+004D "M" */
    0xfc, 0x3, 0xff, 0xc0, 0x3f, 0xfc, 0x3, 0xff,
    0xe0, 0x3f, 0xee, 0x7, 0xff, 0xe0, 0x77, 0xff,
    0x7, 0x7f, 0x70, 0xf7, 0xf7, 0xe, 0x7f, 0x70,
    0xef, 0xf3, 0x8e, 0xff, 0x39, 0xcf, 0xf3, 0x9c,
    0xff, 0x1d, 0xcf, 0xf1, 0xd8, 0xff, 0x1f, 0x8f,
    0xf1, 0xf8, 0xff, 0xf, 0x8f, 0xf0, 0xf0, 0xff,
    0x0, 0xf, 0xf0, 0x0, 0xff, 0x0, 0xf, 0xf0,
    0x0, 0xff, 0x0, 0xf, 0xf0, 0x0, 0xff, 0x0,
    0xf, 0xf0, 0x0, 0xff, 0x0, 0xf, 0xf0, 0x0,
    0xff, 0x0, 0xf, 0xf0, 0x0, 0xff, 0x0, 0xf,
    0xf0, 0x0, 0xf0,

    /* U+004E "N" */
    0xfc, 0x1, 0xff, 0x80, 0x3f, 0xf0, 0x7, 0xff,
    0x0, 0xff, 0xe0, 0x1f, 0xfe, 0x3, 0xff, 0xc0,
    0x7f, 0xb8, 0xf, 0xf7, 0x81, 0xfe, 0xf0, 0x3f,
    0xce, 0x7, 0xf9, 0xe0, 0xff, 0x3c, 0x1f, 0xe3,
    0x83, 0xfc, 0x78, 0x7f, 0x8f, 0xf, 0xf0, 0xe1,
    0xfe, 0x1e, 0x3f, 0xc3, 0xc7, 0xf8, 0x38, 0xff,
    0x7, 0x9f, 0xe0, 0xf3, 0xfc, 0xe, 0x7f, 0x81,
    0xef, 0xf0, 0x3d, 0xfe, 0x3, 0xbf, 0xc0, 0x7f,
    0xf8, 0x7, 0xff, 0x0, 0xff, 0xe0, 0x1f, 0xfc,
    0x1, 0xff, 0x80, 0x3f, 0xf0, 0x7, 0xe0,

    /* U+004F "O" */
    0x3, 0xf8, 0x1, 0xff, 0xc0, 0xff, 0xfe, 0x1f,
    0x7, 0xc7, 0x80, 0x3c, 0xf0, 0x7, 0xbc, 0x0,
    0x7f, 0x80, 0xf, 0xf0, 0x1, 0xfe, 0x0, 0x3f,
    0xc0, 0x7, 0xf8, 0x0, 0xff, 0x0, 0x1f, 0xe0,
    0x3, 0xfc, 0x0, 0x7f, 0x80, 0xf, 0xf0, 0x1,
    0xfe, 0x0, 0x3f, 0xc0, 0x7, 0xf8, 0x0, 0xff,
    0x0, 0x1f, 0xe0, 0x3, 0xfc, 0x0, 0x7f, 0x80,
    0xf, 0xf0, 0x1, 0xfe, 0x0, 0x3f, 0xc0, 0x7,
    0xbc, 0x1, 0xe7, 0x80, 0x3c, 0x7c, 0x1f, 0xf,
    0xff, 0xe0, 0x7f, 0xf0, 0x3, 0xf8, 0x0,

    /* U+0050 "P" */
    0xff, 0xfc, 0xf, 0xff, 0xf0, 0xff, 0xff, 0x8f,
    0x0, 0x7c, 0xf0, 0x3, 0xef, 0x0, 0x1e, 0xf0,
    0x1, 0xff, 0x0, 0xf, 0xf0, 0x0, 0xff, 0x0,
    0xf, 0xf0, 0x0, 0xff, 0x0, 0xf, 0xf0, 0x1,
    0xff, 0x0, 0x1e, 0xf0, 0x3, 0xef, 0x0, 0x7c,
    0xff, 0xff, 0x8f, 0xff, 0xf0, 0xff, 0xfc, 0xf,
    0x0, 0x0, 0xf0, 0x0, 0xf, 0x0, 0x0, 0xf0,
    0x0, 0xf, 0x0, 0x0, 0xf0, 0x0, 0xf, 0x0,
    0x0, 0xf0, 0x0, 0xf, 0x0, 0x0, 0xf0, 0x0,
    0xf, 0x0, 0x0, 0xf0, 0x0, 0xf, 0x0, 0x0,
    0xf0, 0x0, 0x0,

    /* U+0051 "Q" */
    0x3, 0xf8, 0x1, 0xff, 0xc0, 0x7f, 0xfc, 0x1f,
    0x7, 0xc7, 0xc0, 0x7c, 0xf0, 0x7, 0xbc, 0x0,
    0x7f, 0x80, 0xf, 0xf0, 0x1, 0xfe, 0x0, 0x3f,
    0xc0, 0x7, 0xf8, 0x0, 0xff, 0x0, 0x1f, 0xe0,
    0x3, 0xfc, 0x0, 0x7f, 0x80, 0xf, 0xf0, 0x1,
    0xfe, 0x0, 0x3f, 0xc0, 0x7, 0xf8, 0x0, 0xff,
    0x0, 0x1f, 0xe0, 0x3, 0xfc, 0x0, 0x7f, 0x80,
    0xf, 0xf0, 0x1, 0xfe, 0x0, 0x3f, 0xc0, 0x7,
    0xbc, 0x1, 0xe7, 0xc0, 0x7c, 0x7c, 0x1f, 0x7,
    0xff, 0xc0, 0x7f, 0xf0, 0x3, 0xfc, 0x0, 0x3,
    0xc0, 0x0, 0x78, 0x0, 0x7, 0x80, 0x0, 0xf8,
    0x0, 0xf, 0x0, 0x1, 0xf0, 0x0, 0x1e, 0x0,
    0x3, 0xe0,

    /* U+0052 "R" */
    0xff, 0xf8, 0x1f, 0xff, 0xc3, 0xff, 0xfc, 0x78,
    0x7, 0xcf, 0x0, 0x7d, 0xe0, 0x7, 0xbc, 0x0,
    0xff, 0x80, 0xf, 0xf0, 0x1, 0xfe, 0x0, 0x3f,
    0xc0, 0x7, 0xf8, 0x0, 0xff, 0x0, 0x3f, 0xe0,
    0x7, 0xbc, 0x1, 0xf7, 0x80, 0x7c, 0xff, 0xff,
    0x1f, 0xff, 0xc3, 0xff, 0xe0, 0x78, 0x3c, 0xf,
    0x3, 0xc1, 0xe0, 0x78, 0x3c, 0xf, 0x87, 0x80,
    0xf0, 0xf0, 0x1f, 0x1e, 0x1, 0xe3, 0xc0, 0x3c,
    0x78, 0x3, 0xcf, 0x0, 0x79, 0xe0, 0xf, 0xbc,
    0x0, 0xf7, 0x80, 0x1f, 0xf0, 0x1, 0xe0,

    /* U+0053 "S" */
    0x1, 0xfc, 0x0, 0x7f, 0xf0, 0x1f, 0xff, 0xc1,
    0xf0, 0x7e, 0x3c, 0x1, 0xe7, 0x80, 0x1f, 0x78,
    0x0, 0xf7, 0x80, 0xf, 0x78, 0x0, 0x7, 0x80,
    0x0, 0x7c, 0x0, 0x7, 0xc0, 0x0, 0x3e, 0x0,
    0x3, 0xfc, 0x0, 0x1f, 0xf8, 0x0, 0xff, 0xe0,
    0x7, 0xff, 0x80, 0x1f, 0xfc, 0x0, 0x3f, 0xc0,
    0x0, 0x7e, 0x0, 0x3, 0xe0, 0x0, 0x1f, 0x0,
    0x0, 0xf0, 0x0, 0xf, 0x0, 0x0, 0xff, 0x0,
    0xf, 0xf0, 0x0, 0xff, 0x80, 0x1e, 0x7c, 0x1,
    0xe3, 0xe0, 0x7c, 0x3f, 0xff, 0x80, 0xff, 0xf0,
    0x3, 0xfc, 0x0,

    /* U+0054 "T" */
    0xff, 0xff, 0xff, 0xff, 0xff, 0xff, 0xff, 0xff,
    0xc0, 0x1e, 0x0, 0x0, 0x78, 0x0, 0x1, 0xe0,
    0x0, 0x7, 0x80, 0x0, 0x1e, 0x0, 0x0, 0x78,
    0x0, 0x1, 0xe0, 0x0, 0x7, 0x80, 0x0, 0x1e,
    0x0, 0x0, 0x78, 0x0, 0x1, 0xe0, 0x0, 0x7,
    0x80, 0x0, 0x1e, 0x0, 0x0, 0x78, 0x0, 0x1,
    0xe0, 0x0, 0x7, 0x80, 0x0, 0x1e, 0x0, 0x0,
    0x78, 0x0, 0x1, 0xe0, 0x0, 0x7, 0x80, 0x0,
    0x1e, 0x0, 0x0, 0x78, 0x0, 0x1, 0xe0, 0x0,
    0x7, 0x80, 0x0, 0x1e, 0x0, 0x0, 0x78, 0x0,
    0x1, 0xe0, 0x0, 0x7, 0x80, 0x0, 0x1e, 0x0,
    0x0, 0x78, 0x0,

    /* U+0055 "U" */
    0xf0, 0x3, 0xfc, 0x0, 0xff, 0x0, 0x3f, 0xc0,
    0xf, 0xf0, 0x3, 0xfc, 0x0, 0xff, 0x0, 0x3f,
    0xc0, 0xf, 0xf0, 0x3, 0xfc, 0x0, 0xff, 0x0,
    0x3f, 0xc0, 0xf, 0xf0, 0x3, 0xfc, 0x0, 0xff,
    0x0, 0x3f, 0xc0, 0xf, 0xf0, 0x3, 0xfc, 0x0,
    0xff, 0x0, 0x3f, 0xc0, 0xf, 0xf0, 0x3, 0xfc,
    0x0, 0xff, 0x0, 0x3f, 0xc0, 0xf, 0xf0, 0x3,
    0xfc, 0x0, 0xff, 0x0, 0x3d, 0xe0, 0x1e, 0x78,
    0x7, 0x8f, 0x87, 0xc3, 0xff, 0xf0, 0x7f, 0xf8,
    0x7, 0xf0, 0x0,

    /* U+0056 "V" */
    0xf0, 0x0, 0x3d, 0xe0, 0x0, 0xf7, 0x80, 0x3,
    0xde, 0x0, 0x1e, 0x78, 0x0, 0x78, 0xf0, 0x1,
    0xe3, 0xc0, 0x7, 0x8f, 0x0, 0x3c, 0x3c, 0x0,
    0xf0, 0x78, 0x3, 0xc1, 0xe0, 0xf, 0x7, 0x80,
    0x78, 0x1e, 0x1, 0xe0, 0x3c, 0x7, 0x80, 0xf0,
    0x1e, 0x3, 0xc0, 0xf0, 0xf, 0x3, 0xc0, 0x1e,
    0xf, 0x0, 0x78, 0x3c, 0x1, 0xe1, 0xe0, 0x7,
    0x87, 0x80, 0xf, 0x1e, 0x0, 0x3c, 0x78, 0x0,
    0xf1, 0xc0, 0x3, 0xcf, 0x0, 0x7, 0x3c, 0x0,
    0x1e, 0xf0, 0x0, 0x7b, 0x80, 0x1, 0xee, 0x0,
    0x3, 0xf8, 0x0, 0xf, 0xe0, 0x0, 0x3f, 0x0,
    0x0, 0xfc, 0x0,

    /* U+0057 "W" */
    0xf0, 0x3e, 0x7, 0xb8, 0x1f, 0x3, 0x9c, 0xf,
    0x81, 0xcf, 0x7, 0xc0, 0xe7, 0x83, 0x60, 0x73,
    0xc1, 0xb0, 0x79, 0xe0, 0xd8, 0x3c, 0xf0, 0x6c,
    0x1e, 0x78, 0x37, 0xf, 0x3c, 0x3b, 0x87, 0x8e,
    0x1d, 0xc3, 0x87, 0xe, 0xe1, 0xc3, 0x87, 0x30,
    0xe1, 0xe3, 0x18, 0x70, 0xf1, 0x8c, 0x78, 0x78,
    0xc6, 0x3c, 0x3c, 0x63, 0x9e, 0x1e, 0x71, 0xcf,
    0xf, 0x38, 0xe7, 0x3, 0x9c, 0x73, 0x81, 0xce,
    0x39, 0xc0, 0xe6, 0xc, 0xe0, 0x73, 0x6, 0x70,
    0x3d, 0x83, 0x38, 0x1e, 0xc1, 0xbc, 0xf, 0xe0,
    0xfe, 0x7, 0xf0, 0x7f, 0x3, 0xf8, 0x3f, 0x0,
    0xfc, 0x1f, 0x80, 0x7c, 0xf, 0xc0, 0x3e, 0x3,
    0xe0, 0x1f, 0x1, 0xf0, 0xf, 0x80, 0xf8, 0x0,

    /* U+0058 "X" */
    0x78, 0x0, 0x3c, 0xf8, 0x0, 0xf0, 0xf0, 0x3,
    0xe1, 0xf0, 0x7, 0x81, 0xe0, 0x1f, 0x3, 0xe0,
    0x3c, 0x3, 0xc0, 0xf8, 0x7, 0xc1, 0xe0, 0x7,
    0x87, 0xc0, 0xf, 0x8f, 0x0, 0xf, 0x3c, 0x0,
    0x1f, 0x78, 0x0, 0x1f, 0xe0, 0x0, 0x1f, 0xc0,
    0x0, 0x3f, 0x0, 0x0, 0x3e, 0x0, 0x0, 0x7c,
    0x0, 0x1, 0xf8, 0x0, 0x3, 0xf8, 0x0, 0xf,
    0xf0, 0x0, 0x1e, 0xf0, 0x0, 0x79, 0xe0, 0x0,
    0xf1, 0xe0, 0x3, 0xc3, 0xc0, 0xf, 0x83, 0xc0,
    0x1e, 0x7, 0xc0, 0x7c, 0x7, 0x80, 0xf0, 0xf,
    0x83, 0xe0, 0xf, 0x7, 0x80, 0x1f, 0x1e, 0x0,
    0x1e, 0x3c, 0x0, 0x3e, 0xf0, 0x0, 0x3c,

    /* U+0059 "Y" */
    0x78, 0x0, 0x1e, 0x78, 0x0, 0x1e, 0x7c, 0x0,
    0x3e, 0x3c, 0x0, 0x3c, 0x3e, 0x0, 0x7c, 0x1e,
    0x0, 0x78, 0x1e, 0x0, 0x78, 0xf, 0x0, 0xf0,
    0xf, 0x0, 0xf0, 0x7, 0x81, 0xe0, 0x7, 0x81,
    0xe0, 0x3, 0xc3, 0xc0, 0x3, 0xc3, 0xc0, 0x1,
    0xe7, 0x80, 0x1, 0xe7, 0x80, 0x0, 0xff, 0x0,
    0x0, 0xff, 0x0, 0x0, 0x7e, 0x0, 0x0, 0x7e,
    0x0, 0x0, 0x7e, 0x0, 0x0, 0x3c, 0x0, 0x0,
    0x3c, 0x0, 0x0, 0x3c, 0x0, 0x0, 0x3c, 0x0,
    0x0, 0x3c, 0x0, 0x0, 0x3c, 0x0, 0x0, 0x3c,
    0x0, 0x0, 0x3c, 0x0, 0x0, 0x3c, 0x0, 0x0,
    0x3c, 0x0, 0x0, 0x3c, 0x0, 0x0, 0x3c, 0x0,
    0x0, 0x3c, 0x0,

    /* U+005A "Z" */
    0xff, 0xff, 0xdf, 0xff, 0xfb, 0xff, 0xff, 0x0,
    0x1, 0xe0, 0x0, 0x78, 0x0, 0xf, 0x0, 0x3,
    0xc0, 0x0, 0x78, 0x0, 0x1e, 0x0, 0x3, 0xc0,
    0x0, 0xf0, 0x0, 0x1e, 0x0, 0x7, 0x80, 0x0,
    0xf0, 0x0, 0x3c, 0x0, 0xf, 0x80, 0x1, 0xe0,
    0x0, 0x7c, 0x0, 0xf, 0x0, 0x3, 0xc0, 0x0,
    0x78, 0x0, 0x1e, 0x0, 0x3, 0xc0, 0x0, 0xf0,
    0x0, 0x1e, 0x0, 0x7, 0x80, 0x0, 0xf0, 0x0,
    0x3c, 0x0, 0x7, 0x80, 0x1, 0xe0, 0x0, 0x3f,
    0xff, 0xff, 0xff, 0xff, 0xff, 0xff, 0xe0,

    /* U+005B "[" */
    0xff, 0xff, 0xff, 0xff, 0xf8, 0xf, 0x1, 0xe0,
    0x3c, 0x7, 0x80, 0xf0, 0x1e, 0x3, 0xc0, 0x78,
    0xf, 0x1, 0xe0, 0x3c, 0x7, 0x80, 0xf0, 0x1e,
    0x3, 0xc0, 0x78, 0xf, 0x1, 0xe0, 0x3c, 0x7,
    0x80, 0xf0, 0x1e, 0x3, 0xc0, 0x78, 0xf, 0x1,
    0xe0, 0x3c, 0x7, 0x80, 0xf0, 0x1e, 0x3, 0xc0,
    0x78, 0xf, 0x1, 0xe0, 0x3c, 0x7, 0xff, 0xff,
    0xff, 0xfc,

    /* U+005C "\\" */
    0xf8, 0x0, 0x7, 0x80, 0x0, 0x78, 0x0, 0x3,
    0xc0, 0x0, 0x3c, 0x0, 0x3, 0xe0, 0x0, 0x1e,
    0x0, 0x1, 0xe0, 0x0, 0x1f, 0x0, 0x0, 0xf0,
    0x0, 0xf, 0x0, 0x0, 0x78, 0x0, 0x7, 0x80,
    0x0, 0x7c, 0x0, 0x3, 0xc0, 0x0, 0x3c, 0x0,
    0x3, 0xe0, 0x0, 0x1e, 0x0, 0x1, 0xe0, 0x0,
    0xf, 0x0, 0x0, 0xf0, 0x0, 0xf, 0x0, 0x0,
    0x78, 0x0, 0x7, 0x80, 0x0, 0x7c, 0x0, 0x3,
    0xc0, 0x0, 0x3c, 0x0, 0x1, 0xe0, 0x0, 0x1e,
    0x0, 0x1, 0xe0, 0x0, 0xf, 0x0, 0x0, 0xf0,
    0x0, 0xf, 0x80, 0x0, 0x78, 0x0, 0x7, 0x80,
    0x0, 0x3c, 0x0, 0x3, 0xc0, 0x0, 0x3c, 0x0,
    0x1, 0xe0, 0x0, 0x1e, 0x0, 0x1, 0xf0, 0x0,
    0xf,

    /* U+005D "]" */
    0xff, 0xff, 0xff, 0xff, 0x80, 0xf0, 0x1e, 0x3,
    0xc0, 0x78, 0xf, 0x1, 0xe0, 0x3c, 0x7, 0x80,
    0xf0, 0x1e, 0x3, 0xc0, 0x78, 0xf, 0x1, 0xe0,
    0x3c, 0x7, 0x80, 0xf0, 0x1e, 0x3, 0xc0, 0x78,
    0xf, 0x1, 0xe0, 0x3c, 0x7, 0x80, 0xf0, 0x1e,
    0x3, 0xc0, 0x78, 0xf, 0x1, 0xe0, 0x3c, 0x7,
    0x80, 0xf0, 0x1e, 0x3, 0xc0, 0x7f, 0xff, 0xff,
    0xff, 0xfc,

    /* U+005E "^" */
    0x1, 0xe0, 0x0, 0x3e, 0x0, 0xf, 0xc0, 0x1,
    0xf8, 0x0, 0x3b, 0x80, 0xf, 0x70, 0x1, 0xcf,
    0x0, 0x78, 0xe0, 0xe, 0x1e, 0x3, 0xc1, 0xc0,
    0x70, 0x3c, 0x1e, 0x3, 0x83, 0xc0, 0x70, 0x70,
    0xf, 0x1e, 0x0, 0xe3, 0x80, 0x1e, 0xf0, 0x1,
    0xdc, 0x0, 0x3c,

    /* U+005F "_" */
    0xff, 0xff, 0xff, 0xff, 0xff, 0xff, 0xff, 0xfe,

    /* U+0060 "`" */
    0xf0, 0x3c, 0xf, 0x7, 0xc1, 0xe0, 0x78, 0x1e,

    /* U+0061 "a" */
    0x1, 0xfc, 0x0, 0x7f, 0xf8, 0x1f, 0xff, 0xc3,
    0xf0, 0x7e, 0x3c, 0x1, 0xe7, 0x80, 0xf, 0x0,
    0x0, 0xf0, 0x0, 0xf, 0x0, 0x0, 0xf0, 0x0,
    0xf, 0x7, 0xff, 0xf1, 0xff, 0xff, 0x3f, 0xff,
    0xf7, 0xc0, 0xf, 0xf8, 0x0, 0xff, 0x0, 0xf,
    0xf0, 0x0, 0xff, 0x0, 0xf, 0xf0, 0x0, 0xff,
    0x0, 0x1f, 0x78, 0x3, 0xf7, 0xe0, 0xff, 0x3f,
    0xfe, 0xf1, 0xff, 0xcf, 0x7, 0xf0, 0xf0,

    /* U+0062 "b" */
    0xf0, 0x0, 0x1e, 0x0, 0x3, 0xc0, 0x0, 0x78,
    0x0, 0xf, 0x0, 0x1, 0xe0, 0x0, 0x3c, 0x0,
    0x7, 0x80, 0x0, 0xf0, 0xfc, 0x1e, 0x7f, 0xe3,
    0xdf, 0xfe, 0x7f, 0x7, 0xef, 0xc0, 0x7d, 0xf0,
    0x7, 0xfc, 0x0, 0x7f, 0x80, 0xf, 0xf0, 0x1,
    0xfe, 0x0, 0x3f, 0xc0, 0x7, 0xf8, 0x0, 0xff,
    0x0, 0x1f, 0xe0, 0x3, 0xfc, 0x0, 0x7f, 0x80,
    0xf, 0xf0, 0x1, 0xfe, 0x0, 0x3f, 0xc0, 0x7,
    0xfc, 0x1, 0xff, 0xc0, 0x7d, 0xfc, 0x1f, 0xbd,
    0xff, 0xe7, 0x9f, 0xf8, 0xf0, 0xfc, 0x0,

    /* U+0063 "c" */
    0x3, 0xf8, 0x1, 0xff, 0xe0, 0x7f, 0xfe, 0x1f,
    0x7, 0xe7, 0xc0, 0x3c, 0xf0, 0x7, 0xfc, 0x0,
    0x7f, 0x80, 0xf, 0xf0, 0x0, 0x1e, 0x0, 0x3,
    0xc0, 0x0, 0x78, 0x0, 0xf, 0x0, 0x1, 0xe0,
    0x0, 0x3c, 0x0, 0x7, 0x80, 0x0, 0xf0, 0x0,
    0x1e, 0x0, 0x3f, 0xc0, 0x7, 0xbc, 0x1, 0xf7,
    0xc0, 0x3c, 0x7c, 0x1f, 0x87, 0xff, 0xe0, 0x7f,
    0xf0, 0x3, 0xf8, 0x0,

    /* U+0064 "d" */
    0x0, 0x1, 0xe0, 0x0, 0x3c, 0x0, 0x7, 0x80,
    0x0, 0xf0, 0x0, 0x1e, 0x0, 0x3, 0xc0, 0x0,
    0x78, 0x0, 0xf, 0x7, 0xe1, 0xe3, 0xff, 0x3c,
    0xff, 0xf7, 0xbf, 0x6, 0xf7, 0xc0, 0x7f, 0xf0,
    0x7, 0xfc, 0x0, 0x7f, 0x80, 0xf, 0xf0, 0x1,
    0xfe, 0x0, 0x3f, 0xc0, 0x7, 0xf8, 0x0, 0xff,
    0x0, 0x1f, 0xe0, 0x3, 0xfc, 0x0, 0x7f, 0x80,
    0xf, 0xf0, 0x1, 0xfe, 0x0, 0x3f, 0xc0, 0x7,
    0xfc, 0x1, 0xf7, 0xc0, 0x7e, 0xfc, 0x1f, 0xcf,
    0xff, 0x78, 0xff, 0xcf, 0x7, 0xe1, 0xe0,

    /* U+0065 "e" */
    0x3, 0xf8, 0x1, 0xff, 0xc0, 0x7f, 0xfc, 0x1f,
    0x7, 0xc7, 0x80, 0x3c, 0xf0, 0x7, 0xbc, 0x0,
    0x7f, 0x80, 0xf, 0xf0, 0x1, 0xfe, 0x0, 0x3f,
    0xff, 0xff, 0xff, 0xff, 0xff, 0xff, 0xff, 0xe0,
    0x0, 0x3c, 0x0, 0x7, 0x80, 0x0, 0xf0, 0x0,
    0x1e, 0x0, 0x3, 0xc0, 0x7, 0xbc, 0x1, 0xf7,
    0xc0, 0x3c, 0x7c, 0x1f, 0x87, 0xff, 0xe0, 0x7f,
    0xf0, 0x3, 0xf8, 0x0,

    /* U+0066 "f" */
    0x0, 0x1f, 0xf8, 0x3, 0xff, 0xc0, 0x3f, 0xfe,
    0x1, 0xe0, 0x0, 0x1e, 0x0, 0x0, 0xf0, 0x0,
    0x7, 0x80, 0x0, 0x3c, 0x0, 0x1, 0xe0, 0x0,
    0xf, 0x0, 0x0, 0x78, 0x1, 0xff, 0xff, 0xff,
    0xff, 0xff, 0xff, 0xff, 0xfc, 0x7, 0x80, 0x0,
    0x3c, 0x0, 0x1, 0xe0, 0x0, 0xf, 0x0, 0x0,
    0x78, 0x0, 0x3, 0xc0, 0x0, 0x1e, 0x0, 0x0,
    0xf0, 0x0, 0x7, 0x80, 0x0, 0x3c, 0x0, 0x1,
    0xe0, 0x0, 0xf, 0x0, 0x0, 0x78, 0x0, 0x3,
    0xc0, 0x0, 0x1e, 0x0, 0x0, 0xf0, 0x0, 0x7,
    0x80, 0x0, 0x3c, 0x0, 0x1, 0xe0, 0x0,

    /* U+0067 "g" */
    0x7, 0xe3, 0xc7, 0xfe, 0xf3, 0xff, 0xfd, 0xf8,
    0x3f, 0x78, 0x7, 0xfe, 0x0, 0xff, 0x0, 0x3f,
    0xc0, 0xf, 0xf0, 0x3, 0xfc, 0x0, 0xff, 0x0,
    0x3f, 0xc0, 0xf, 0xf0, 0x3, 0xfc, 0x0, 0xff,
    0x0, 0x3f, 0xc0, 0xf, 0xf0, 0x3, 0xfe, 0x0,
    0xf7, 0x80, 0x7d, 0xf8, 0x3f, 0x3f, 0xff, 0xc7,
    0xfe, 0xf0, 0x7e, 0x3c, 0x0, 0xf, 0x0, 0x3,
    0xc0, 0x0, 0xf0, 0x0, 0x3c, 0x0, 0xf, 0x0,
    0x3, 0xc0, 0x1, 0xe1, 0xff, 0xf8, 0x7f, 0xfc,
    0x1f, 0xfc, 0x0,

    /* U+0068 "h" */
    0xf0, 0x0, 0x3c, 0x0, 0xf, 0x0, 0x3, 0xc0,
    0x0, 0xf0, 0x0, 0x3c, 0x0, 0xf, 0x0, 0x3,
    0xc0, 0x0, 0xf1, 0xf8, 0x3c, 0xff, 0x8f, 0x7f,
    0xf3, 0xf8, 0x7e, 0xf8, 0x7, 0xbe, 0x1, 0xff,
    0x0, 0x3f, 0xc0, 0xf, 0xf0, 0x3, 0xfc, 0x0,
    0xff, 0x0, 0x3f, 0xc0, 0xf, 0xf0, 0x3, 0xfc,
    0x0, 0xff, 0x0, 0x3f, 0xc0, 0xf, 0xf0, 0x3,
    0xfc, 0x0, 0xff, 0x0, 0x3f, 0xc0, 0xf, 0xf0,
    0x3, 0xfc, 0x0, 0xff, 0x0, 0x3f, 0xc0, 0xf,
    0xf0, 0x3, 0xc0,

    /* U+0069 "i" */
    0x0, 0xf0, 0x0, 0xf, 0xc0, 0x0, 0x7e, 0x0,
    0x3, 0xf0, 0x0, 0xf, 0x0, 0x0, 0x0, 0x0,
    0x0, 0x0, 0x0, 0x0, 0x0, 0x0, 0x0, 0x3,
    0xff, 0xc0, 0x1f, 0xfe, 0x0, 0xff, 0xf0, 0x0,
    0x7, 0x80, 0x0, 0x3c, 0x0, 0x1, 0xe0, 0x0,
    0xf, 0x0, 0x0, 0x78, 0x0, 0x3, 0xc0, 0x0,
    0x1e, 0x0, 0x0, 0xf0, 0x0, 0x7, 0x80, 0x0,
    0x3c, 0x0, 0x1, 0xe0, 0x0, 0xf, 0x0, 0x0,
    0x78, 0x0, 0x3, 0xc0, 0x0, 0x1e, 0x0, 0x0,
    0xf0, 0x0, 0x7, 0x80, 0x0, 0x3c, 0x0, 0x1,
    0xe0, 0x1f, 0xff, 0xff, 0xff, 0xff, 0xff, 0xff,
    0xff, 0xc0,

    /* U+006A "j" */
    0x0, 0x1e, 0x0, 0x3f, 0x0, 0x3f, 0x0, 0x3f,
    0x0, 0x1e, 0x0, 0x0, 0x0, 0x0, 0x0, 0x0,
    0x0, 0x0, 0x7f, 0xfe, 0x7f, 0xfe, 0x7f, 0xfe,
    0x0, 0x1e, 0x0, 0x1e, 0x0, 0x1e, 0x0, 0x1e,
    0x0, 0x1e, 0x0, 0x1e, 0x0, 0x1e, 0x0, 0x1e,
    0x0, 0x1e, 0x0, 0x1e, 0x0, 0x1e, 0x0, 0x1e,
    0x0, 0x1e, 0x0, 0x1e, 0x0, 0x1e, 0x0, 0x1e,
    0x0, 0x1e, 0x0, 0x1e, 0x0, 0x1e, 0x0, 0x1e,
    0x0, 0x1e, 0x0, 0x1e, 0x0, 0x1e, 0x0, 0x1e,
    0x0, 0x3c, 0x0, 0x7c, 0x0, 0xf8, 0xff, 0xf0,
    0xff, 0xe0, 0xff, 0x80,

    /* U+006B "k" */
    0xf0, 0x0, 0xf, 0x0, 0x0, 0xf0, 0x0, 0xf,
    0x0, 0x0, 0xf0, 0x0, 0xf, 0x0, 0x0, 0xf0,
    0x0, 0xf, 0x0, 0x0, 0xf0, 0x1, 0xff, 0x0,
    0x1e, 0xf0, 0x3, 0xef, 0x0, 0x7c, 0xf0, 0x7,
    0x8f, 0x0, 0xf8, 0xf0, 0xf, 0xf, 0x1, 0xe0,
    0xf0, 0x3e, 0xf, 0x3, 0xc0, 0xf0, 0x78, 0xf,
    0xff, 0x80, 0xff, 0xf0, 0xf, 0xff, 0x80, 0xf0,
    0x7c, 0xf, 0x3, 0xc0, 0xf0, 0x3e, 0xf, 0x1,
    0xe0, 0xf0, 0xf, 0xf, 0x0, 0xf8, 0xf0, 0x7,
    0x8f, 0x0, 0x7c, 0xf0, 0x3, 0xef, 0x0, 0x1e,
    0xf0, 0x1, 0xf0,

    /* U+006C "l" */
    0xff, 0xf0, 0x1, 0xff, 0xe0, 0x3, 0xff, 0xc0,
    0x0, 0x7, 0x80, 0x0, 0xf, 0x0, 0x0, 0x1e,
    0x0, 0x0, 0x3c, 0x0, 0x0, 0x78, 0x0, 0x0,
    0xf0, 0x0, 0x1, 0xe0, 0x0, 0x3, 0xc0, 0x0,
    0x7, 0x80, 0x0, 0xf, 0x0, 0x0, 0x1e, 0x0,
    0x0, 0x3c, 0x0, 0x0, 0x78, 0x0, 0x0, 0xf0,
    0x0, 0x1, 0xe0, 0x0, 0x3, 0xc0, 0x0, 0x7,
    0x80, 0x0, 0xf, 0x0, 0x0, 0x1e, 0x0, 0x0,
    0x3c, 0x0, 0x0, 0x78, 0x0, 0x0, 0xf0, 0x0,
    0x1, 0xe0, 0x0, 0x3, 0xc0, 0x0, 0x7, 0x80,
    0x0, 0xf, 0x0, 0x0, 0xf, 0x0, 0x0, 0x1f,
    0xff, 0x80, 0x1f, 0xff, 0x0, 0xf, 0xfe,

    /* U+006D "m" */
    0xf3, 0xc7, 0xc7, 0xbf, 0x7f, 0x3d, 0xff, 0xfd,
    0xf1, 0xf1, 0xff, 0x7, 0x7, 0xf8, 0x38, 0x3f,
    0xc1, 0xc1, 0xfe, 0xe, 0xf, 0xf0, 0x70, 0x7f,
    0x83, 0x83, 0xfc, 0x1c, 0x1f, 0xe0, 0xe0, 0xff,
    0x7, 0x7, 0xf8, 0x38, 0x3f, 0xc1, 0xc1, 0xfe,
    0xe, 0xf, 0xf0, 0x70, 0x7f, 0x83, 0x83, 0xfc,
    0x1c, 0x1f, 0xe0, 0xe0, 0xff, 0x7, 0x7, 0xf8,
    0x38, 0x3f, 0xc1, 0xc1, 0xfe, 0xe, 0xf, 0xf0,
    0x70, 0x78,

    /* U+006E "n" */
    0xf1, 0xf8, 0x3c, 0xff, 0x8f, 0x7f, 0xf3, 0xf8,
    0x7e, 0xf8, 0x7, 0xbe, 0x1, 0xff, 0x0, 0x3f,
    0xc0, 0xf, 0xf0, 0x3, 0xfc, 0x0, 0xff, 0x0,
    0x3f, 0xc0, 0xf, 0xf0, 0x3, 0xfc, 0x0, 0xff,
    0x0, 0x3f, 0xc0, 0xf, 0xf0, 0x3, 0xfc, 0x0,
    0xff, 0x0, 0x3f, 0xc0, 0xf, 0xf0, 0x3, 0xfc,
    0x0, 0xff, 0x0, 0x3f, 0xc0, 0xf, 0xf0, 0x3,
    0xc0,

    /* U+006F "o" */
    0x3, 0xf8, 0x1, 0xff, 0xc0, 0x7f, 0xfc, 0x1f,
    0x7, 0xc7, 0xc0, 0x7c, 0xf0, 0x7, 0xbc, 0x0,
    0x7f, 0x80, 0xf, 0xf0, 0x1, 0xfe, 0x0, 0x3f,
    0xc0, 0x7, 0xf8, 0x0, 0xff, 0x0, 0x1f, 0xe0,
    0x3, 0xfc, 0x0, 0x7f, 0x80, 0xf, 0xf0, 0x1,
    0xfe, 0x0, 0x3f, 0xc0, 0x7, 0xbc, 0x1, 0xe7,
    0xc0, 0x7c, 0x7c, 0x1f, 0x7, 0xff, 0xc0, 0x7f,
    0xf0, 0x3, 0xf8, 0x0,

    /* U+0070 "p" */
    0xf0, 0xfc, 0x1e, 0x7f, 0xe3, 0xdf, 0xfe, 0x7f,
    0x7, 0xef, 0xc0, 0x7d, 0xf0, 0x7, 0xfc, 0x0,
    0x7f, 0x80, 0xf, 0xf0, 0x1, 0xfe, 0x0, 0x3f,
    0xc0, 0x7, 0xf8, 0x0, 0xff, 0x0, 0x1f, 0xe0,
    0x3, 0xfc, 0x0, 0x7f, 0x80, 0xf, 0xf0, 0x1,
    0xfe, 0x0, 0x3f, 0xc0, 0x7, 0xfc, 0x1, 0xef,
    0xc0, 0x7d, 0xfc, 0x1f, 0xbd, 0xff, 0xe7, 0x9f,
    0xf8, 0xf0, 0xfc, 0x1e, 0x0, 0x3, 0xc0, 0x0,
    0x78, 0x0, 0xf, 0x0, 0x1, 0xe0, 0x0, 0x3c,
    0x0, 0x7, 0x80, 0x0, 0xf0, 0x0, 0x0,

    /* U+0071 "q" */
    0x7, 0xe1, 0xe3, 0xff, 0x3c, 0xff, 0xf7, 0xbf,
    0x6, 0xf7, 0xc0, 0x7f, 0xf0, 0x7, 0xfc, 0x0,
    0x7f, 0x80, 0xf, 0xf0, 0x1, 0xfe, 0x0, 0x3f,
    0xc0, 0x7, 0xf8, 0x0, 0xff, 0x0, 0x1f, 0xe0,
    0x3, 0xfc, 0x0, 0x7f, 0x80, 0xf, 0xf0, 0x1,
    0xfe, 0x0, 0x3f, 0xc0, 0x7, 0xfc, 0x1, 0xf7,
    0xc0, 0x7e, 0xfc, 0x1f, 0xcf, 0xff, 0x78, 0xff,
    0xcf, 0x7, 0xe1, 0xe0, 0x0, 0x3c, 0x0, 0x7,
    0x80, 0x0, 0xf0, 0x0, 0x1e, 0x0, 0x3, 0xc0,
    0x0, 0x78, 0x0, 0xf, 0x0, 0x1, 0xe0,

    /* U+0072 "r" */
    0xf1, 0xfc, 0x1e, 0x7f, 0xe3, 0xdf, 0xfe, 0x7f,
    0x7, 0xef, 0xc0, 0x3d, 0xf0, 0x7, 0xfc, 0x0,
    0x7f, 0x80, 0xf, 0xf0, 0x1, 0xfe, 0x0, 0x3f,
    0xc0, 0x0, 0x78, 0x0, 0xf, 0x0, 0x1, 0xe0,
    0x0, 0x3c, 0x0, 0x7, 0x80, 0x0, 0xf0, 0x0,
    0x1e, 0x0, 0x3, 0xc0, 0x0, 0x78, 0x0, 0xf,
    0x0, 0x1, 0xe0, 0x0, 0x3c, 0x0, 0x7, 0x80,
    0x0, 0xf0, 0x0, 0x0,

    /* U+0073 "s" */
    0x7, 0xfc, 0x3, 0xff, 0xe0, 0xff, 0xfe, 0x1f,
    0x3, 0xe7, 0x80, 0x3c, 0xf0, 0x3, 0xde, 0x0,
    0x3, 0xc0, 0x0, 0x7c, 0x0, 0xf, 0xe0, 0x0,
    0xff, 0xe0, 0x1f, 0xff, 0x81, 0xff, 0xf8, 0xf,
    0xff, 0x80, 0xf, 0xf0, 0x0, 0x3f, 0x0, 0x3,
    0xe0, 0x0, 0x3c, 0x0, 0x7, 0xfc, 0x0, 0xf7,
    0x80, 0x3e, 0xf8, 0xf, 0x8f, 0xff, 0xe0, 0xff,
    0xf8, 0x7, 0xfc, 0x0,

    /* U+0074 "t" */
    0x1, 0xe0, 0x0, 0x1e, 0x0, 0x1, 0xe0, 0x0,
    0x1e, 0x0, 0x1, 0xe0, 0x0, 0x1e, 0x0, 0x1,
    0xe0, 0xf, 0xff, 0xff, 0xff, 0xff, 0xff, 0xff,
    0xff, 0x1, 0xe0, 0x0, 0x1e, 0x0, 0x1, 0xe0,
    0x0, 0x1e, 0x0, 0x1, 0xe0, 0x0, 0x1e, 0x0,
    0x1, 0xe0, 0x0, 0x1e, 0x0, 0x1, 0xe0, 0x0,
    0x1e, 0x0, 0x1, 0xe0, 0x0, 0x1e, 0x0, 0x1,
    0xe0, 0x0, 0x1e, 0x0, 0x1, 0xe0, 0x0, 0x1e,
    0x0, 0x1, 0xe0, 0x0, 0x1e, 0x0, 0x0, 0xf0,
    0x0, 0xf, 0xff, 0x0, 0x7f, 0xf0, 0x1, 0xff,

    /* U+0075 "u" */
    0xf0, 0x3, 0xfc, 0x0, 0xff, 0x0, 0x3f, 0xc0,
    0xf, 0xf0, 0x3, 0xfc, 0x0, 0xff, 0x0, 0x3f,
    0xc0, 0xf, 0xf0, 0x3, 0xfc, 0x0, 0xff, 0x0,
    0x3f, 0xc0, 0xf, 0xf0, 0x3, 0xfc, 0x0, 0xff,
    0x0, 0x3f, 0xc0, 0xf, 0xf0, 0x3, 0xfc, 0x0,
    0xff, 0x0, 0x3d, 0xe0, 0x1e, 0x78, 0x7, 0x8f,
    0x87, 0xc3, 0xff, 0xf0, 0x3f, 0xf0, 0x3, 0xf0,
    0x0,

    /* U+0076 "v" */
    0x78, 0x0, 0x3d, 0xe0, 0x1, 0xf7, 0x80, 0x7,
    0x8f, 0x0, 0x1e, 0x3c, 0x0, 0x78, 0xf0, 0x3,
    0xc1, 0xe0, 0xf, 0x7, 0x80, 0x3c, 0x1e, 0x1,
    0xe0, 0x3c, 0x7, 0x80, 0xf0, 0x1e, 0x3, 0xc0,
    0xf0, 0xf, 0x3, 0xc0, 0x1e, 0xf, 0x0, 0x78,
    0x78, 0x1, 0xe1, 0xe0, 0x3, 0xc7, 0x80, 0xf,
    0x1c, 0x0, 0x3c, 0xf0, 0x0, 0x7b, 0xc0, 0x1,
    0xee, 0x0, 0x7, 0xf8, 0x0, 0xf, 0xe0, 0x0,
    0x3f, 0x0, 0x0, 0xfc, 0x0,

    /* U+0077 "w" */
    0xe0, 0x78, 0x1f, 0xc0, 0xf0, 0x3f, 0x81, 0xe0,
    0x77, 0x83, 0xe0, 0xef, 0x7, 0xc1, 0xde, 0x1d,
    0x83, 0x9c, 0x3b, 0x7, 0x38, 0x76, 0x1e, 0x70,
    0xcc, 0x3c, 0xe1, 0x9c, 0x71, 0xc3, 0x38, 0xe3,
    0xc6, 0x71, 0xc7, 0x9c, 0x63, 0x87, 0x38, 0xc7,
    0xe, 0x61, 0x9e, 0x1c, 0xc3, 0x38, 0x39, 0x87,
    0x70, 0x73, 0xe, 0xe0, 0xfe, 0x1d, 0xc0, 0xfc,
    0x1b, 0x81, 0xf0, 0x37, 0x3, 0xe0, 0x7c, 0x7,
    0xc0, 0xf8, 0xf, 0x81, 0xf0, 0x1f, 0x3, 0xe0,

    /* U+0078 "x" */
    0x7c, 0x0, 0x78, 0xf0, 0x3, 0xe3, 0xe0, 0xf,
    0x7, 0xc0, 0x78, 0xf, 0x3, 0xe0, 0x3e, 0xf,
    0x0, 0x78, 0x78, 0x0, 0xf3, 0xe0, 0x3, 0xef,
    0x0, 0x7, 0xf8, 0x0, 0xf, 0xe0, 0x0, 0x3f,
    0x0, 0x0, 0x7c, 0x0, 0x3, 0xf8, 0x0, 0x1f,
    0xe0, 0x0, 0x7b, 0xc0, 0x3, 0xcf, 0x80, 0x1f,
    0x1e, 0x0, 0x78, 0x7c, 0x3, 0xc0, 0xf8, 0x1f,
    0x1, 0xe0, 0x78, 0x7, 0xc3, 0xc0, 0xf, 0x9f,
    0x0, 0x1e, 0x78, 0x0, 0x7c,

    /* U+0079 "y" */
    0x78, 0x0, 0x3d, 0xe0, 0x1, 0xe7, 0xc0, 0x7,
    0x8f, 0x0, 0x1e, 0x3c, 0x0, 0xf0, 0x78, 0x3,
    0xc1, 0xe0, 0x1f, 0x7, 0xc0, 0x78, 0xf, 0x1,
    0xe0, 0x3c, 0xf, 0x80, 0xf8, 0x3c, 0x1, 0xe0,
    0xf0, 0x7, 0x87, 0x80, 0xf, 0x1e, 0x0, 0x3c,
    0x78, 0x0, 0xfb, 0xc0, 0x1, 0xef, 0x0, 0x7,
    0xbc, 0x0, 0xe, 0xe0, 0x0, 0x3f, 0x80, 0x0,
    0xfe, 0x0, 0x1, 0xf0, 0x0, 0x7, 0xc0, 0x0,
    0x1f, 0x0, 0x0, 0x78, 0x0, 0x1, 0xe0, 0x0,
    0xf, 0x0, 0x0, 0x3c, 0x0, 0x1, 0xf0, 0x0,
    0x7, 0x80, 0x0, 0x1e, 0x0, 0x0, 0xf8, 0x0,
    0x3, 0xc0, 0x0,

    /* U+007A "z" */
    0xff, 0xff, 0xff, 0xff, 0xff, 0xff, 0xfc, 0x0,
    0x1f, 0x0, 0xf, 0x80, 0x3, 0xc0, 0x1, 0xf0,
    0x0, 0xf8, 0x0, 0x7c, 0x0, 0x1e, 0x0, 0xf,
    0x80, 0x7, 0xc0, 0x1, 0xe0, 0x0, 0xf0, 0x0,
    0x7c, 0x0, 0x3e, 0x0, 0xf, 0x0, 0x7, 0x80,
    0x3, 0xe0, 0x0, 0xf0, 0x0, 0x78, 0x0, 0x3c,
    0x0, 0xf, 0xff, 0xff, 0xff, 0xff, 0xff, 0xff,
    0xc0,

    /* U+007B "{" */
    0x0, 0x3, 0xe0, 0x1, 0xfc, 0x0, 0x7f, 0x80,
    0x1f, 0x0, 0x7, 0xc0, 0x0, 0xf0, 0x0, 0x1e,
    0x0, 0x3, 0xc0, 0x0, 0x78, 0x0, 0xf, 0x0,
    0x1, 0xe0, 0x0, 0x3c, 0x0, 0x7, 0x80, 0x0,
    0xf0, 0x0, 0x1e, 0x0, 0x3, 0xc0, 0x0, 0x78,
    0x0, 0xf, 0x0, 0x3, 0xc0, 0x0, 0xf8, 0xf,
    0xfe, 0x1, 0xfe, 0x0, 0x3f, 0xf8, 0x0, 0xf,
    0x80, 0x0, 0xf0, 0x0, 0xf, 0x0, 0x1, 0xe0,
    0x0, 0x3c, 0x0, 0x7, 0x80, 0x0, 0xf0, 0x0,
    0x1e, 0x0, 0x3, 0xc0, 0x0, 0x78, 0x0, 0xf,
    0x0, 0x1, 0xe0, 0x0, 0x3c, 0x0, 0x7, 0x80,
    0x0, 0xf8, 0x0, 0xf, 0x80, 0x0, 0xff, 0x0,
    0xf, 0xe0, 0x0, 0x7c,

    /* U+007C "|" */
    0xff, 0xff, 0xff, 0xff, 0xff, 0xff, 0xff, 0xff,
    0xff, 0xff, 0xff, 0xff, 0xff, 0xff, 0xff, 0xff,
    0xff, 0xff, 0xff, 0xff, 0xff,

    /* U+007D "}" */
    0xf8, 0x0, 0x1f, 0xc0, 0x3, 0xfc, 0x0, 0x7,
    0xc0, 0x0, 0x78, 0x0, 0x7, 0x80, 0x0, 0xf0,
    0x0, 0x1e, 0x0, 0x3, 0xc0, 0x0, 0x78, 0x0,
    0xf, 0x0, 0x1, 0xe0, 0x0, 0x3c, 0x0, 0x7,
    0x80, 0x0, 0xf0, 0x0, 0x1e, 0x0, 0x3, 0xc0,
    0x0, 0x78, 0x0, 0x7, 0x80, 0x0, 0xf8, 0x0,
    0xf, 0xfe, 0x0, 0x3f, 0xc0, 0x3f, 0xf8, 0xf,
    0x80, 0x1, 0xe0, 0x0, 0x78, 0x0, 0xf, 0x0,
    0x1, 0xe0, 0x0, 0x3c, 0x0, 0x7, 0x80, 0x0,
    0xf0, 0x0, 0x1e, 0x0, 0x3, 0xc0, 0x0, 0x78,
    0x0, 0xf, 0x0, 0x1, 0xe0, 0x0, 0x3c, 0x0,
    0xf, 0x80, 0x3, 0xe0, 0x7, 0xf8, 0x0, 0xfe,
    0x0, 0x1f, 0x0, 0x0,

    /* U+007E "~" */
    0x1f, 0x0, 0x79, 0xfe, 0x3, 0xdf, 0xf8, 0x1f,
    0xf3, 0xe0, 0xff, 0x7, 0x7, 0xf8, 0x3c, 0x7f,
    0xc0, 0xff, 0xde, 0x3, 0xfc, 0xf0, 0x7, 0xc0,

    /* U+00AB "«" */
    0x0, 0x78, 0x1f, 0x0, 0xf8, 0x3e, 0x1, 0xf0,
    0x7c, 0x3, 0xe0, 0xf8, 0x7, 0xc0, 0xf0, 0x7,
    0x81, 0xe0, 0xf, 0x3, 0xc0, 0x1e, 0x7, 0xc0,
    0x3c, 0xf, 0x80, 0x7c, 0x1f, 0x0, 0xf8, 0x1e,
    0x0, 0x7c, 0x1f, 0x0, 0x3e, 0xf, 0x80, 0x1e,
    0x7, 0xc0, 0xf, 0x3, 0xe0, 0x7, 0x81, 0xe0,
    0x7, 0xc0, 0xf0, 0x3, 0xe0, 0xf8, 0x1, 0xf0,
    0x7c, 0x0, 0xf8, 0x3e, 0x0, 0x78, 0x1f,

    /* U+00B0 "°" */
    0xf, 0x81, 0xff, 0x1e, 0x3c, 0xe0, 0xee, 0x3,
    0xf0, 0x1f, 0x80, 0xfc, 0x7, 0xe0, 0x3b, 0x83,
    0x9e, 0x3c, 0x7f, 0xc0, 0xf8, 0x0,

    /* U+00BB "»" */
    0x78, 0x1f, 0x0, 0x3c, 0xf, 0x0, 0x3e, 0x7,
    0x80, 0x1f, 0x3, 0xc0, 0xf, 0x83, 0xe0, 0x7,
    0xc1, 0xf0, 0x3, 0xc0, 0xf8, 0x1, 0xe0, 0x7c,
    0x0, 0xf0, 0x3c, 0x0, 0xf8, 0x1e, 0x0, 0x7c,
    0x1f, 0x0, 0xf8, 0x1e, 0x0, 0xf0, 0x3c, 0x1,
    0xe0, 0x7c, 0x3, 0xc0, 0xf8, 0x7, 0xc1, 0xf0,
    0xf, 0x83, 0xe0, 0x1f, 0x3, 0xc0, 0x3e, 0x7,
    0x80, 0x3c, 0xf, 0x80, 0x78, 0x1f, 0x0,

    /* U+0401 "Ё" */
    0x1e, 0x7, 0x87, 0xe1, 0xf8, 0xfc, 0x3f, 0x1f,
    0x87, 0xe1, 0xe0, 0x78, 0x0, 0x0, 0x0, 0x0,
    0x0, 0x0, 0x0, 0x0, 0x0, 0x1f, 0xff, 0xff,
    0xff, 0xff, 0xff, 0xff, 0xff, 0x0, 0x1, 0xe0,
    0x0, 0x3c, 0x0, 0x7, 0x80, 0x0, 0xf0, 0x0,
    0x1e, 0x0, 0x3, 0xc0, 0x0, 0x78, 0x0, 0xf,
    0x0, 0x1, 0xe0, 0x0, 0x3c, 0x0, 0x7, 0xff,
    0xfe, 0xff, 0xff, 0xdf, 0xff, 0xfb, 0xc0, 0x0,
    0x78, 0x0, 0xf, 0x0, 0x1, 0xe0, 0x0, 0x3c,
    0x0, 0x7, 0x80, 0x0, 0xf0, 0x0, 0x1e, 0x0,
    0x3, 0xc0, 0x0, 0x78, 0x0, 0xf, 0x0, 0x1,
    0xe0, 0x0, 0x3c, 0x0, 0x7, 0xff, 0xff, 0xff,
    0xff, 0xff, 0xff, 0xfc,

    /* U+0410 "А" */
    0x0, 0xfc, 0x0, 0x3, 0xf0, 0x0, 0xf, 0xe0,
    0x0, 0x3f, 0x80, 0x1, 0xfe, 0x0, 0x7, 0xb8,
    0x0, 0x1e, 0xf0, 0x0, 0x73, 0xc0, 0x3, 0xcf,
    0x0, 0xf, 0x3c, 0x0, 0x3c, 0x78, 0x0, 0xe1,
    0xe0, 0x7, 0x87, 0x80, 0x1e, 0x1e, 0x0, 0x78,
    0x3c, 0x1, 0xc0, 0xf0, 0xf, 0x3, 0xc0, 0x3c,
    0xf, 0x0, 0xf0, 0x1e, 0x3, 0xc0, 0x78, 0x1e,
    0x1, 0xe0, 0x7f, 0xff, 0x81, 0xff, 0xff, 0x7,
    0xff, 0xfc, 0x3c, 0x0, 0xf0, 0xf0, 0x3, 0xc3,
    0xc0, 0x7, 0x8f, 0x0, 0x1e, 0x78, 0x0, 0x79,
    0xe0, 0x1, 0xe7, 0x80, 0x3, 0xde, 0x0, 0xf,
    0xf0, 0x0, 0x3c,

    /* U+0411 "Б" */
    0xff, 0xff, 0xdf, 0xff, 0xfb, 0xff, 0xff, 0x78,
    0x0, 0xf, 0x0, 0x1, 0xe0, 0x0, 0x3c, 0x0,
    0x7, 0x80, 0x0, 0xf0, 0x0, 0x1e, 0x0, 0x3,
    0xc0, 0x0, 0x78, 0x0, 0xf, 0x0, 0x1, 0xe0,
    0x0, 0x3f, 0xfe, 0x7, 0xff, 0xf0, 0xff, 0xff,
    0x1e, 0x1, 0xf3, 0xc0, 0x1f, 0x78, 0x1, 0xef,
    0x0, 0x3f, 0xe0, 0x3, 0xfc, 0x0, 0x7f, 0x80,
    0xf, 0xf0, 0x1, 0xfe, 0x0, 0x3f, 0xc0, 0xf,
    0xf8, 0x1, 0xef, 0x0, 0x7d, 0xe0, 0x1f, 0x3f,
    0xff, 0xc7, 0xff, 0xf0, 0xff, 0xf8, 0x0,

    /* U+0412 "В" */
    0xff, 0xf8, 0x1f, 0xff, 0xc3, 0xff, 0xfe, 0x78,
    0x7, 0xef, 0x0, 0x7d, 0xe0, 0x7, 0xfc, 0x0,
    0x7f, 0x80, 0xf, 0xf0, 0x1, 0xfe, 0x0, 0x3f,
    0xc0, 0x7, 0xf8, 0x0, 0xff, 0x0, 0x3d, 0xe0,
    0xf, 0x3c, 0x3, 0xc7, 0xff, 0xe0, 0xff, 0xff,
    0x1f, 0xff, 0xf3, 0xc0, 0x3f, 0x78, 0x3, 0xef,
    0x0, 0x3f, 0xe0, 0x3, 0xfc, 0x0, 0x7f, 0x80,
    0xf, 0xf0, 0x1, 0xfe, 0x0, 0x3f, 0xc0, 0x7,
    0xf8, 0x1, 0xef, 0x0, 0x7d, 0xe0, 0x1f, 0x3f,
    0xff, 0xe7, 0xff, 0xf0, 0xff, 0xf8, 0x0,

    /* U+0413 "Г" */
    0xff, 0xff, 0xff, 0xff, 0xff, 0xff, 0xff, 0xf8,
    0x0, 0xf, 0x0, 0x1, 0xe0, 0x0, 0x3c, 0x0,
    0x7, 0x80, 0x0, 0xf0, 0x0, 0x1e, 0x0, 0x3,
    0xc0, 0x0, 0x78, 0x0, 0xf, 0x0, 0x1, 0xe0,
    0x0, 0x3c, 0x0, 0x7, 0x80, 0x0, 0xf0, 0x0,
    0x1e, 0x0, 0x3, 0xc0, 0x0, 0x78, 0x0, 0xf,
    0x0, 0x1, 0xe0, 0x0, 0x3c, 0x0, 0x7, 0x80,
    0x0, 0xf0, 0x0, 0x1e, 0x0, 0x3, 0xc0, 0x0,
    0x78, 0x0, 0xf, 0x0, 0x1, 0xe0, 0x0, 0x3c,
    0x0, 0x7, 0x80, 0x0, 0xf0, 0x0, 0x0,

    /* U+0414 "Д" */
    0xf, 0xff, 0xf8, 0xf, 0xff, 0xf8, 0xf, 0xff,
    0xf8, 0xf, 0x0, 0x78, 0xf, 0x0, 0x78, 0xf,
    0x0, 0x78, 0xf, 0x0, 0x78, 0xf, 0x0, 0x78,
    0xf, 0x0, 0x78, 0xf, 0x0, 0x78, 0xf, 0x0,
    0x78, 0xf, 0x0, 0x78, 0xf, 0x0, 0x78, 0xf,
    0x0, 0x78, 0xf, 0x0, 0x78, 0xf, 0x0, 0x78,
    0xf, 0x0, 0x78, 0xf, 0x0, 0x78, 0xf, 0x0,
    0x78, 0xf, 0x0, 0x78, 0xf, 0x0, 0x78, 0xf,
    0x0, 0x78, 0xf, 0x0, 0x78, 0xf, 0x0, 0x78,
    0xf, 0x0, 0x78, 0x1e, 0x0, 0x78, 0x1e, 0x0,
    0x78, 0x1e, 0x0, 0x78, 0x1c, 0x0, 0x78, 0x3c,
    0x0, 0x78, 0xff, 0xff, 0xff, 0xff, 0xff, 0xff,
    0xff, 0xff, 0xff, 0xf0, 0x0, 0xf, 0xf0, 0x0,
    0xf, 0xf0, 0x0, 0xf, 0xf0, 0x0, 0xf, 0xf0,
    0x0, 0xf, 0xf0, 0x0, 0xf,

    /* U+0415 "Е" */
    0xff, 0xff, 0xff, 0xff, 0xff, 0xff, 0xff, 0xf8,
    0x0, 0xf, 0x0, 0x1, 0xe0, 0x0, 0x3c, 0x0,
    0x7, 0x80, 0x0, 0xf0, 0x0, 0x1e, 0x0, 0x3,
    0xc0, 0x0, 0x78, 0x0, 0xf, 0x0, 0x1, 0xe0,
    0x0, 0x3f, 0xff, 0xe7, 0xff, 0xfc, 0xff, 0xff,
    0x9e, 0x0, 0x3, 0xc0, 0x0, 0x78, 0x0, 0xf,
    0x0, 0x1, 0xe0, 0x0, 0x3c, 0x0, 0x7, 0x80,
    0x0, 0xf0, 0x0, 0x1e, 0x0, 0x3, 0xc0, 0x0,
    0x78, 0x0, 0xf, 0x0, 0x1, 0xe0, 0x0, 0x3f,
    0xff, 0xff, 0xff, 0xff, 0xff, 0xff, 0xe0,

    /* U+0416 "Ж" */
    0x78, 0x1e, 0x7, 0x9e, 0x7, 0x81, 0xe7, 0x81,
    0xe0, 0x78, 0xf0, 0x78, 0x3c, 0x3c, 0x1e, 0xf,
    0xf, 0x7, 0x83, 0xc1, 0xe1, 0xe1, 0xe0, 0x78,
    0x78, 0x78, 0x1e, 0x1e, 0x1e, 0x3, 0x87, 0x87,
    0x80, 0xf1, 0xe3, 0xc0, 0x3c, 0x78, 0xf0, 0x7,
    0x1e, 0x3c, 0x1, 0xe7, 0x9e, 0x0, 0x79, 0xe7,
    0x80, 0xf, 0xff, 0xe0, 0x3, 0xff, 0xf0, 0x1,
    0xff, 0xfe, 0x0, 0x79, 0xe7, 0x80, 0x1e, 0x79,
    0xe0, 0xf, 0x1e, 0x3c, 0x3, 0xc7, 0x8f, 0x0,
    0xf1, 0xe3, 0xc0, 0x78, 0x78, 0x78, 0x1e, 0x1e,
    0x1e, 0x7, 0x87, 0x87, 0x83, 0xc1, 0xe0, 0xf0,
    0xf0, 0x78, 0x3c, 0x3c, 0x1e, 0xf, 0x1e, 0x7,
    0x81, 0xe7, 0x81, 0xe0, 0x79, 0xe0, 0x78, 0x1e,
    0xf0, 0x1e, 0x3, 0xc0,

    /* U+0417 "З" */
    0x1, 0xfe, 0x0, 0x1f, 0xfe, 0x0, 0xff, 0xfe,
    0x7, 0xc0, 0xfc, 0x3e, 0x0, 0xf1, 0xf0, 0x3,
    0xe7, 0x80, 0x7, 0x9e, 0x0, 0x1e, 0x78, 0x0,
    0x78, 0x0, 0x1, 0xe0, 0x0, 0x7, 0x80, 0x0,
    0x3c, 0x0, 0x1, 0xf0, 0x0, 0xf, 0x80, 0x1f,
    0xfc, 0x0, 0x7f, 0xe0, 0x1, 0xff, 0xe0, 0x0,
    0xf, 0xc0, 0x0, 0xf, 0x80, 0x0, 0x1e, 0x0,
    0x0, 0x7c, 0x0, 0x0, 0xf0, 0x0, 0x3, 0xc0,
    0x0, 0xf, 0xf8, 0x0, 0x3d, 0xe0, 0x0, 0xf7,
    0x80, 0x7, 0xdf, 0x0, 0x1e, 0x3e, 0x0, 0xf8,
    0xfc, 0xf, 0xc1, 0xff, 0xfe, 0x1, 0xff, 0xe0,
    0x1, 0xfe, 0x0,

    /* U+0418 "И" */
    0xf0, 0x7, 0xfe, 0x0, 0xff, 0xc0, 0x1f, 0xf8,
    0x7, 0xff, 0x0, 0xff, 0xe0, 0x3f, 0xfc, 0x7,
    0xff, 0x80, 0xef, 0xf0, 0x3d, 0xfe, 0x7, 0xbf,
    0xc0, 0xe7, 0xf8, 0x3c, 0xff, 0x7, 0x9f, 0xe0,
    0xe3, 0xfc, 0x3c, 0x7f, 0x87, 0x8f, 0xf0, 0xe1,
    0xfe, 0x3c, 0x3f, 0xc7, 0x87, 0xf8, 0xe0, 0xff,
    0x3c, 0x1f, 0xe7, 0x83, 0xfc, 0xe0, 0x7f, 0xbc,
    0xf, 0xf7, 0x81, 0xfe, 0xe0, 0x3f, 0xfc, 0x7,
    0xff, 0x80, 0xff, 0xe0, 0x1f, 0xfc, 0x3, 0xff,
    0x0, 0x7f, 0xe0, 0xf, 0xfc, 0x1, 0xe0,

    /* U+0419 "Й" */
    0x38, 0x7, 0x7, 0x0, 0xe0, 0xe0, 0x1c, 0xe,
    0x7, 0x1, 0xe1, 0xe0, 0x1f, 0xf8, 0x0, 0xfc,
    0x0, 0x0, 0x0, 0x0, 0x0, 0x0, 0x0, 0x3,
    0xc0, 0x1f, 0xf8, 0x3, 0xff, 0x0, 0xff, 0xe0,
    0x1f, 0xfc, 0x3, 0xff, 0x80, 0xff, 0xf0, 0x1f,
    0xfe, 0x3, 0xbf, 0xc0, 0xf7, 0xf8, 0x1c, 0xff,
    0x3, 0x9f, 0xe0, 0xf3, 0xfc, 0x1c, 0x7f, 0x83,
    0x8f, 0xf0, 0xf1, 0xfe, 0x1c, 0x3f, 0xc3, 0x87,
    0xf8, 0xf0, 0xff, 0x1c, 0x1f, 0xe3, 0x83, 0xfc,
    0xf0, 0x7f, 0x9c, 0xf, 0xf3, 0x81, 0xfe, 0xe0,
    0x3f, 0xdc, 0x7, 0xfb, 0x80, 0xff, 0xe0, 0x1f,
    0xfc, 0x3, 0xff, 0x80, 0x7f, 0xe0, 0xf, 0xfc,
    0x1, 0xff, 0x80, 0x3f, 0xe0, 0x7, 0x80,

    /* U+041A "К" */
    0xf0, 0x0, 0xf7, 0x80, 0xf, 0x3c, 0x0, 0x79,
    0xe0, 0x7, 0x8f, 0x0, 0x3c, 0x78, 0x3, 0xe3,
    0xc0, 0x1e, 0x1e, 0x1, 0xf0, 0xf0, 0xf, 0x7,
    0x80, 0xf8, 0x3c, 0x7, 0x81, 0xe0, 0x7c, 0xf,
    0x3, 0xc0, 0x78, 0x3e, 0x3, 0xc1, 0xe0, 0x1f,
    0xff, 0x0, 0xff, 0xf0, 0x7, 0xff, 0xc0, 0x3c,
    0x1e, 0x1, 0xe0, 0xf8, 0xf, 0x3, 0xc0, 0x78,
    0x1f, 0x3, 0xc0, 0x78, 0x1e, 0x3, 0xe0, 0xf0,
    0xf, 0x7, 0x80, 0x7c, 0x3c, 0x1, 0xe1, 0xe0,
    0xf, 0x8f, 0x0, 0x3c, 0x78, 0x1, 0xf3, 0xc0,
    0x7, 0x9e, 0x0, 0x3e, 0xf0, 0x0, 0xf0,

    /* U+041B "Л" */
    0x7, 0xff, 0xfc, 0x1f, 0xff, 0xf0, 0x7f, 0xff,
    0xc1, 0xe0, 0xf, 0x7, 0x80, 0x3c, 0x1e, 0x0,
    0xf0, 0x78, 0x3, 0xc1, 0xe0, 0xf, 0x7, 0x80,
    0x3c, 0x1e, 0x0, 0xf0, 0x78, 0x3, 0xc1, 0xe0,
    0xf, 0x7, 0x80, 0x3c, 0x1e, 0x0, 0xf0, 0x78,
    0x3, 0xc1, 0xe0, 0xf, 0x7, 0x80, 0x3c, 0x1e,
    0x0, 0xf0, 0x78, 0x3, 0xc1, 0xe0, 0xf, 0x7,
    0x80, 0x3c, 0x1e, 0x0, 0xf0, 0x78, 0x3, 0xc1,
    0xe0, 0xf, 0x7, 0x80, 0x3c, 0x1e, 0x0, 0xf0,
    0x78, 0x3, 0xc3, 0xc0, 0xf, 0xf, 0x0, 0x3c,
    0x7c, 0x0, 0xff, 0xe0, 0x3, 0xff, 0x0, 0xf,
    0xf0, 0x0, 0x3c,

    /* U+041C "М" */
    0xfc, 0x3, 0xff, 0xc0, 0x3f, 0xfc, 0x3, 0xff,
    0xe0, 0x3f, 0xee, 0x7, 0xff, 0xe0, 0x77, 0xff,
    0x7, 0x7f, 0x70, 0xf7, 0xf7, 0xe, 0x7f, 0x70,
    0xef, 0xf3, 0x8e, 0xff, 0x39, 0xcf, 0xf3, 0x9c,
    0xff, 0x1d, 0xcf, 0xf1, 0xd8, 0xff, 0x1f, 0x8f,
    0xf1, 0xf8, 0xff, 0xf, 0x8f, 0xf0, 0xf0, 0xff,
    0x0, 0xf, 0xf0, 0x0, 0xff, 0x0, 0xf, 0xf0,
    0x0, 0xff, 0x0, 0xf, 0xf0, 0x0, 0xff, 0x0,
    0xf, 0xf0, 0x0, 0xff, 0x0, 0xf, 0xf0, 0x0,
    0xff, 0x0, 0xf, 0xf0, 0x0, 0xff, 0x0, 0xf,
    0xf0, 0x0, 0xf0,

    /* U+041D "Н" */
    0xf0, 0x3, 0xfc, 0x0, 0xff, 0x0, 0x3f, 0xc0,
    0xf, 0xf0, 0x3, 0xfc, 0x0, 0xff, 0x0, 0x3f,
    0xc0, 0xf, 0xf0, 0x3, 0xfc, 0x0, 0xff, 0x0,
    0x3f, 0xc0, 0xf, 0xf0, 0x3, 0xfc, 0x0, 0xff,
    0x0, 0x3f, 0xff, 0xff, 0xff, 0xff, 0xff, 0xff,
    0xff, 0x0, 0x3f, 0xc0, 0xf, 0xf0, 0x3, 0xfc,
    0x0, 0xff, 0x0, 0x3f, 0xc0, 0xf, 0xf0, 0x3,
    0xfc, 0x0, 0xff, 0x0, 0x3f, 0xc0, 0xf, 0xf0,
    0x3, 0xfc, 0x0, 0xff, 0x0, 0x3f, 0xc0, 0xf,
    0xf0, 0x3, 0xc0,

    /* U+041E "О" */
    0x3, 0xf8, 0x1, 0xff, 0xc0, 0xff, 0xfe, 0x1f,
    0x7, 0xc7, 0x80, 0x3c, 0xf0, 0x7, 0xbc, 0x0,
    0x7f, 0x80, 0xf, 0xf0, 0x1, 0xfe, 0x0, 0x3f,
    0xc0, 0x7, 0xf8, 0x0, 0xff, 0x0, 0x1f, 0xe0,
    0x3, 0xfc, 0x0, 0x7f, 0x80, 0xf, 0xf0, 0x1,
    0xfe, 0x0, 0x3f, 0xc0, 0x7, 0xf8, 0x0, 0xff,
    0x0, 0x1f, 0xe0, 0x3, 0xfc, 0x0, 0x7f, 0x80,
    0xf, 0xf0, 0x1, 0xfe, 0x0, 0x3f, 0xc0, 0x7,
    0xbc, 0x1, 0xe7, 0x80, 0x3c, 0x7c, 0x1f, 0xf,
    0xff, 0xe0, 0x7f, 0xf0, 0x3, 0xf8, 0x0,

    /* U+041F "П" */
    0xff, 0xff, 0xff, 0xff, 0xff, 0xff, 0xff, 0xc0,
    0xf, 0xf0, 0x3, 0xfc, 0x0, 0xff, 0x0, 0x3f,
    0xc0, 0xf, 0xf0, 0x3, 0xfc, 0x0, 0xff, 0x0,
    0x3f, 0xc0, 0xf, 0xf0, 0x3, 0xfc, 0x0, 0xff,
    0x0, 0x3f, 0xc0, 0xf, 0xf0, 0x3, 0xfc, 0x0,
    0xff, 0x0, 0x3f, 0xc0, 0xf, 0xf0, 0x3, 0xfc,
    0x0, 0xff, 0x0, 0x3f, 0xc0, 0xf, 0xf0, 0x3,
    0xfc, 0x0, 0xff, 0x0, 0x3f, 0xc0, 0xf, 0xf0,
    0x3, 0xfc, 0x0, 0xff, 0x0, 0x3f, 0xc0, 0xf,
    0xf0, 0x3, 0xc0,

    /* U+0420 "Р" */
    0xff, 0xfc, 0xf, 0xff, 0xf0, 0xff, 0xff, 0x8f,
    0x0, 0x7c, 0xf0, 0x3, 0xef, 0x0, 0x1e, 0xf0,
    0x1, 0xff, 0x0, 0xf, 0xf0, 0x0, 0xff, 0x0,
    0xf, 0xf0, 0x0, 0xff, 0x0, 0xf, 0xf0, 0x1,
    0xff, 0x0, 0x1e, 0xf0, 0x3, 0xef, 0x0, 0x7c,
    0xff, 0xff, 0x8f, 0xff, 0xf0, 0xff, 0xfc, 0xf,
    0x0, 0x0, 0xf0, 0x0, 0xf, 0x0, 0x0, 0xf0,
    0x0, 0xf, 0x0, 0x0, 0xf0, 0x0, 0xf, 0x0,
    0x0, 0xf0, 0x0, 0xf, 0x0, 0x0, 0xf0, 0x0,
    0xf, 0x0, 0x0, 0xf0, 0x0, 0xf, 0x0, 0x0,
    0xf0, 0x0, 0x0,

    /* U+0421 "С" */
    0x3, 0xf8, 0x1, 0xff, 0xc0, 0x7f, 0xfe, 0x1f,
    0x7, 0xc7, 0x80, 0x7c, 0xf0, 0x7, 0xbc, 0x0,
    0x7f, 0x80, 0xf, 0xf0, 0x1, 0xfe, 0x0, 0x3,
    0xc0, 0x0, 0x78, 0x0, 0xf, 0x0, 0x1, 0xe0,
    0x0, 0x3c, 0x0, 0x7, 0x80, 0x0, 0xf0, 0x0,
    0x1e, 0x0, 0x3, 0xc0, 0x0, 0x78, 0x0, 0xf,
    0x0, 0x1, 0xe0, 0x0, 0x3c, 0x0, 0x7, 0x80,
    0x0, 0xf0, 0x1, 0xfe, 0x0, 0x3f, 0xc0, 0x7,
    0xbc, 0x1, 0xe7, 0xc0, 0x3c, 0x7c, 0x1f, 0x7,
    0xff, 0xe0, 0x7f, 0xf0, 0x3, 0xf8, 0x0,

    /* U+0422 "Т" */
    0xff, 0xff, 0xff, 0xff, 0xff, 0xff, 0xff, 0xff,
    0xc0, 0x1e, 0x0, 0x0, 0x78, 0x0, 0x1, 0xe0,
    0x0, 0x7, 0x80, 0x0, 0x1e, 0x0, 0x0, 0x78,
    0x0, 0x1, 0xe0, 0x0, 0x7, 0x80, 0x0, 0x1e,
    0x0, 0x0, 0x78, 0x0, 0x1, 0xe0, 0x0, 0x7,
    0x80, 0x0, 0x1e, 0x0, 0x0, 0x78, 0x0, 0x1,
    0xe0, 0x0, 0x7, 0x80, 0x0, 0x1e, 0x0, 0x0,
    0x78, 0x0, 0x1, 0xe0, 0x0, 0x7, 0x80, 0x0,
    0x1e, 0x0, 0x0, 0x78, 0x0, 0x1, 0xe0, 0x0,
    0x7, 0x80, 0x0, 0x1e, 0x0, 0x0, 0x78, 0x0,
    0x1, 0xe0, 0x0, 0x7, 0x80, 0x0, 0x1e, 0x0,
    0x0, 0x78, 0x0,

    /* U+0423 "У" */
    0xf8, 0x0, 0x3d, 0xe0, 0x1, 0xf7, 0x80, 0x7,
    0x8f, 0x0, 0x1e, 0x3c, 0x0, 0xf8, 0xf0, 0x3,
    0xc1, 0xe0, 0xf, 0x7, 0x80, 0x3c, 0x1f, 0x1,
    0xe0, 0x3c, 0x7, 0x80, 0xf0, 0x1e, 0x1, 0xe0,
    0xf0, 0x7, 0x83, 0xc0, 0x1e, 0xe, 0x0, 0x3c,
    0x78, 0x0, 0xf1, 0xe0, 0x1, 0xc7, 0x0, 0x7,
    0xbc, 0x0, 0x1e, 0xf0, 0x0, 0x3b, 0x80, 0x0,
    0xfe, 0x0, 0x1, 0xf8, 0x0, 0x7, 0xc0, 0x0,
    0x1f, 0x0, 0x0, 0x3c, 0x0, 0x1, 0xe0, 0x0,
    0x7, 0x80, 0x0, 0x3e, 0x0, 0x0, 0xf0, 0x0,
    0x3, 0xc0, 0x0, 0x1f, 0x0, 0x0, 0x78, 0x0,
    0x1, 0xe0, 0x0,

    /* U+0424 "Ф" */
    0x0, 0x78, 0x0, 0x1, 0xe0, 0x0, 0x7, 0x80,
    0x0, 0xff, 0xc0, 0xf, 0xff, 0xc0, 0xff, 0xff,
    0x83, 0xe7, 0x9f, 0x1f, 0x1e, 0x3e, 0x78, 0x78,
    0x7b, 0xc1, 0xe0, 0xff, 0x7, 0x83, 0xfc, 0x1e,
    0xf, 0xf0, 0x78, 0x3f, 0xc1, 0xe0, 0xff, 0x7,
    0x83, 0xfc, 0x1e, 0xf, 0xf0, 0x78, 0x3f, 0xc1,
    0xe0, 0xff, 0x7, 0x83, 0xfc, 0x1e, 0xf, 0xf0,
    0x78, 0x3f, 0xc1, 0xe0, 0xff, 0x7, 0x83, 0xfc,
    0x1e, 0xf, 0xf0, 0x78, 0x3f, 0xc1, 0xe0, 0xf7,
    0x87, 0x87, 0x9e, 0x1e, 0x1e, 0x3e, 0x79, 0xf0,
    0xff, 0xff, 0x80, 0xff, 0xfc, 0x0, 0xff, 0xc0,
    0x0, 0x78, 0x0, 0x1, 0xe0, 0x0, 0x7, 0x80,
    0x0,

    /* U+0425 "Х" */
    0x78, 0x0, 0x3c, 0xf8, 0x0, 0xf0, 0xf0, 0x3,
    0xe1, 0xf0, 0x7, 0x81, 0xe0, 0x1f, 0x3, 0xe0,
    0x3c, 0x3, 0xc0, 0xf8, 0x7, 0xc1, 0xe0, 0x7,
    0x87, 0xc0, 0xf, 0x8f, 0x0, 0xf, 0x3c, 0x0,
    0x1f, 0x78, 0x0, 0x1f, 0xe0, 0x0, 0x1f, 0xc0,
    0x0, 0x3f, 0x0, 0x0, 0x3e, 0x0, 0x0, 0x7c,
    0x0, 0x1, 0xf8, 0x0, 0x3, 0xf8, 0x0, 0xf,
    0xf0, 0x0, 0x1e, 0xf0, 0x0, 0x79, 0xe0, 0x0,
    0xf1, 0xe0, 0x3, 0xc3, 0xc0, 0xf, 0x83, 0xc0,
    0x1e, 0x7, 0xc0, 0x7c, 0x7, 0x80, 0xf0, 0xf,
    0x83, 0xe0, 0xf, 0x7, 0x80, 0x1f, 0x1e, 0x0,
    0x1e, 0x3c, 0x0, 0x3e, 0xf0, 0x0, 0x3c,

    /* U+0426 "Ц" */
    0xf0, 0x7, 0x87, 0x80, 0x3c, 0x3c, 0x1, 0xe1,
    0xe0, 0xf, 0xf, 0x0, 0x78, 0x78, 0x3, 0xc3,
    0xc0, 0x1e, 0x1e, 0x0, 0xf0, 0xf0, 0x7, 0x87,
    0x80, 0x3c, 0x3c, 0x1, 0xe1, 0xe0, 0xf, 0xf,
    0x0, 0x78, 0x78, 0x3, 0xc3, 0xc0, 0x1e, 0x1e,
    0x0, 0xf0, 0xf0, 0x7, 0x87, 0x80, 0x3c, 0x3c,
    0x1, 0xe1, 0xe0, 0xf, 0xf, 0x0, 0x78, 0x78,
    0x3, 0xc3, 0xc0, 0x1e, 0x1e, 0x0, 0xf0, 0xf0,
    0x7, 0x87, 0x80, 0x3c, 0x3c, 0x1, 0xe1, 0xe0,
    0xf, 0xf, 0x0, 0x78, 0x78, 0x3, 0xc3, 0xff,
    0xff, 0xff, 0xff, 0xff, 0xff, 0xff, 0xf8, 0x0,
    0x3, 0xc0, 0x0, 0x1e, 0x0, 0x0, 0xf0, 0x0,
    0x7, 0x80, 0x0, 0x3c, 0x0, 0x1, 0xe0, 0x0,
    0xf,

    /* U+0427 "Ч" */
    0xf0, 0x1, 0xfe, 0x0, 0x3f, 0xc0, 0x7, 0xf8,
    0x0, 0xff, 0x0, 0x1f, 0xe0, 0x3, 0xfc, 0x0,
    0x7f, 0x80, 0xf, 0xf0, 0x1, 0xfe, 0x0, 0x3f,
    0xc0, 0x7, 0xf8, 0x0, 0xff, 0x0, 0x1f, 0xe0,
    0x3, 0xfc, 0x0, 0x7b, 0xc0, 0xf, 0x7c, 0x1,
    0xe7, 0xc0, 0x3c, 0x7f, 0xff, 0x87, 0xff, 0xf0,
    0x3f, 0xfe, 0x0, 0x3, 0xc0, 0x0, 0x78, 0x0,
    0xf, 0x0, 0x1, 0xe0, 0x0, 0x3c, 0x0, 0x7,
    0x80, 0x0, 0xf0, 0x0, 0x1e, 0x0, 0x3, 0xc0,
    0x0, 0x78, 0x0, 0xf, 0x0, 0x1, 0xe0,

    /* U+0428 "Ш" */
    0xf0, 0x70, 0x7f, 0x83, 0x83, 0xfc, 0x1c, 0x1f,
    0xe0, 0xe0, 0xff, 0x7, 0x7, 0xf8, 0x38, 0x3f,
    0xc1, 0xc1, 0xfe, 0xe, 0xf, 0xf0, 0x70, 0x7f,
    0x83, 0x83, 0xfc, 0x1c, 0x1f, 0xe0, 0xe0, 0xff,
    0x7, 0x7, 0xf8, 0x38, 0x3f, 0xc1, 0xc1, 0xfe,
    0xe, 0xf, 0xf0, 0x70, 0x7f, 0x83, 0x83, 0xfc,
    0x1c, 0x1f, 0xe0, 0xe0, 0xff, 0x7, 0x7, 0xf8,
    0x38, 0x3f, 0xc1, 0xc1, 0xfe, 0xe, 0xf, 0xf0,
    0x70, 0x7f, 0x83, 0x83, 0xfc, 0x1c, 0x1f, 0xe0,
    0xe0, 0xff, 0x7, 0x7, 0xf8, 0x38, 0x3f, 0xff,
    0xff, 0xff, 0xff, 0xff, 0xff, 0xff, 0xf8,

    /* U+0429 "Щ" */
    0xf0, 0x70, 0x79, 0xe0, 0xe0, 0xf3, 0xc1, 0xc1,
    0xe7, 0x83, 0x83, 0xcf, 0x7, 0x7, 0x9e, 0xe,
    0xf, 0x3c, 0x1c, 0x1e, 0x78, 0x38, 0x3c, 0xf0,
    0x70, 0x79, 0xe0, 0xe0, 0xf3, 0xc1, 0xc1, 0xe7,
    0x83, 0x83, 0xcf, 0x7, 0x7, 0x9e, 0xe, 0xf,
    0x3c, 0x1c, 0x1e, 0x78, 0x38, 0x3c, 0xf0, 0x70,
    0x79, 0xe0, 0xe0, 0xf3, 0xc1, 0xc1, 0xe7, 0x83,
    0x83, 0xcf, 0x7, 0x7, 0x9e, 0xe, 0xf, 0x3c,
    0x1c, 0x1e, 0x78, 0x38, 0x3c, 0xf0, 0x70, 0x79,
    0xe0, 0xe0, 0xf3, 0xc1, 0xc1, 0xe7, 0x83, 0x83,
    0xcf, 0x7, 0x7, 0x9e, 0xe, 0xf, 0x3f, 0xff,
    0xff, 0xff, 0xff, 0xff, 0xff, 0xff, 0xfe, 0x0,
    0x0, 0x3c, 0x0, 0x0, 0x78, 0x0, 0x0, 0xf0,
    0x0, 0x1, 0xe0, 0x0, 0x3, 0xc0, 0x0, 0x7,
    0x80,

    /* U+042A "Ъ" */
    0xff, 0xc0, 0x0, 0xff, 0xc0, 0x0, 0xff, 0xc0,
    0x0, 0x3, 0xc0, 0x0, 0x3, 0xc0, 0x0, 0x3,
    0xc0, 0x0, 0x3, 0xc0, 0x0, 0x3, 0xc0, 0x0,
    0x3, 0xc0, 0x0, 0x3, 0xc0, 0x0, 0x3, 0xc0,
    0x0, 0x3, 0xc0, 0x0, 0x3, 0xc0, 0x0, 0x3,
    0xc0, 0x0, 0x3, 0xff, 0xc0, 0x3, 0xff, 0xf0,
    0x3, 0xff, 0xf8, 0x3, 0xc0, 0x7c, 0x3, 0xc0,
    0x3e, 0x3, 0xc0, 0x1e, 0x3, 0xc0, 0x1f, 0x3,
    0xc0, 0xf, 0x3, 0xc0, 0xf, 0x3, 0xc0, 0xf,
    0x3, 0xc0, 0xf, 0x3, 0xc0, 0xf, 0x3, 0xc0,
    0x1f, 0x3, 0xc0, 0x1e, 0x3, 0xc0, 0x3e, 0x3,
    0xc0, 0x7c, 0x3, 0xff, 0xf8, 0x3, 0xff, 0xf0,
    0x3, 0xff, 0xc0,

    /* U+042B "Ы" */
    0xf0, 0x0, 0x7f, 0x80, 0x3, 0xfc, 0x0, 0x1f,
    0xe0, 0x0, 0xff, 0x0, 0x7, 0xf8, 0x0, 0x3f,
    0xc0, 0x1, 0xfe, 0x0, 0xf, 0xf0, 0x0, 0x7f,
    0x80, 0x3, 0xfc, 0x0, 0x1f, 0xe0, 0x0, 0xff,
    0x0, 0x7, 0xf8, 0x0, 0x3f, 0xfe, 0x1, 0xff,
    0xfc, 0xf, 0xff, 0xf0, 0x7f, 0x87, 0xc3, 0xfc,
    0x1e, 0x1f, 0xe0, 0xf8, 0xff, 0x3, 0xc7, 0xf8,
    0x1e, 0x3f, 0xc0, 0xf1, 0xfe, 0x7, 0x8f, 0xf0,
    0x3c, 0x7f, 0x81, 0xe3, 0xfc, 0xf, 0x1f, 0xe0,
    0xf8, 0xff, 0x7, 0x87, 0xf8, 0x7c, 0x3f, 0xff,
    0xc1, 0xff, 0xfc, 0xf, 0xff, 0x80, 0x78,

    /* U+042C "Ь" */
    0xf0, 0x0, 0xf, 0x0, 0x0, 0xf0, 0x0, 0xf,
    0x0, 0x0, 0xf0, 0x0, 0xf, 0x0, 0x0, 0xf0,
    0x0, 0xf, 0x0, 0x0, 0xf0, 0x0, 0xf, 0x0,
    0x0, 0xf0, 0x0, 0xf, 0x0, 0x0, 0xf0, 0x0,
    0xf, 0x0, 0x0, 0xff, 0xfc, 0xf, 0xff, 0xf0,
    0xff, 0xff, 0x8f, 0x0, 0x7c, 0xf0, 0x3, 0xef,
    0x0, 0x1e, 0xf0, 0x1, 0xff, 0x0, 0xf, 0xf0,
    0x0, 0xff, 0x0, 0xf, 0xf0, 0x0, 0xff, 0x0,
    0xf, 0xf0, 0x1, 0xff, 0x0, 0x1e, 0xf0, 0x3,
    0xef, 0x0, 0x7c, 0xff, 0xff, 0x8f, 0xff, 0xf0,
    0xff, 0xfc, 0x0,

    /* U+042D "Э" */
    0x3, 0xf8, 0x1, 0xff, 0xc0, 0xff, 0xfc, 0x1f,
    0x7, 0xc7, 0xc0, 0x7c, 0xf0, 0x7, 0xbc, 0x0,
    0x7f, 0x80, 0xf, 0xf0, 0x1, 0xe0, 0x0, 0x3c,
    0x0, 0x7, 0x80, 0x0, 0xf0, 0x0, 0x1e, 0x0,
    0x3, 0xc0, 0x0, 0x78, 0x3f, 0xff, 0x7, 0xff,
    0xe0, 0xff, 0xfc, 0x0, 0x7, 0x80, 0x0, 0xf0,
    0x0, 0x1e, 0x0, 0x3, 0xc0, 0x0, 0x78, 0x0,
    0xf, 0xf0, 0x1, 0xfe, 0x0, 0x3f, 0xc0, 0x7,
    0xbc, 0x1, 0xe7, 0xc0, 0x7c, 0x7c, 0x1f, 0xf,
    0xff, 0xc0, 0x7f, 0xf0, 0x3, 0xf8, 0x0,

    /* U+042E "Ю" */
    0xf0, 0x1f, 0x83, 0xc0, 0xff, 0x8f, 0x7, 0xff,
    0x3c, 0x3e, 0x3e, 0xf0, 0xf0, 0x7b, 0xc7, 0x80,
    0xff, 0x1e, 0x3, 0xfc, 0x78, 0xf, 0xf1, 0xe0,
    0x3f, 0xc7, 0x80, 0xff, 0x1e, 0x3, 0xfc, 0x78,
    0xf, 0xf1, 0xe0, 0x3f, 0xc7, 0x80, 0xff, 0xfe,
    0x3, 0xff, 0xf8, 0xf, 0xff, 0xe0, 0x3f, 0xc7,
    0x80, 0xff, 0x1e, 0x3, 0xfc, 0x78, 0xf, 0xf1,
    0xe0, 0x3f, 0xc7, 0x80, 0xff, 0x1e, 0x3, 0xfc,
    0x78, 0xf, 0xf1, 0xe0, 0x3f, 0xc7, 0x80, 0xff,
    0x1e, 0x3, 0xfc, 0x78, 0xf, 0xf0, 0xf0, 0x7b,
    0xc3, 0xe3, 0xef, 0x7, 0xff, 0x3c, 0xf, 0xf8,
    0xf0, 0xf, 0x80,

    /* U+042F "Я" */
    0x3, 0xff, 0xe1, 0xff, 0xfc, 0x7f, 0xff, 0x9f,
    0x0, 0xf7, 0xc0, 0x1e, 0xf0, 0x3, 0xfc, 0x0,
    0x7f, 0x80, 0xf, 0xf0, 0x1, 0xfe, 0x0, 0x3f,
    0xc0, 0x7, 0xf8, 0x0, 0xff, 0x0, 0x1e, 0xf0,
    0x3, 0xdf, 0x0, 0x79, 0xf0, 0xf, 0x1f, 0xff,
    0xe1, 0xff, 0xfc, 0xf, 0xff, 0x81, 0xe0, 0xf0,
    0x78, 0x1e, 0xf, 0x3, 0xc3, 0xe0, 0x78, 0x78,
    0xf, 0x1f, 0x1, 0xe3, 0xc0, 0x3c, 0x78, 0x7,
    0x9e, 0x0, 0xf3, 0xc0, 0x1e, 0xf8, 0x3, 0xde,
    0x0, 0x7f, 0xc0, 0xf, 0xf0, 0x1, 0xe0,

    /* U+0430 "а" */
    0x1, 0xfc, 0x0, 0x7f, 0xf8, 0x1f, 0xff, 0xc3,
    0xf0, 0x7e, 0x3c, 0x1, 0xe7, 0x80, 0xf, 0x0,
    0x0, 0xf0, 0x0, 0xf, 0x0, 0x0, 0xf0, 0x0,
    0xf, 0x7, 0xff, 0xf1, 0xff, 0xff, 0x3f, 0xff,
    0xf7, 0xc0, 0xf, 0xf8, 0x0, 0xff, 0x0, 0xf,
    0xf0, 0x0, 0xff, 0x0, 0xf, 0xf0, 0x0, 0xff,
    0x0, 0x1f, 0x78, 0x3, 0xf7, 0xe0, 0xff, 0x3f,
    0xfe, 0xf1, 0xff, 0xcf, 0x7, 0xf0, 0xf0,

    /* U+0431 "б" */
    0x1, 0xff, 0x81, 0xff, 0xe1, 0xff, 0xf8, 0x7c,
    0x0, 0x3e, 0x0, 0x1f, 0x0, 0x7, 0x80, 0x1,
    0xe0, 0x0, 0xf0, 0x0, 0x3c, 0x0, 0xf, 0x0,
    0x3, 0xc7, 0xe0, 0xf3, 0xfe, 0x3d, 0xff, 0xcf,
    0xe1, 0xfb, 0xe0, 0x1e, 0xf8, 0x7, 0xfc, 0x0,
    0xff, 0x0, 0x3f, 0xc0, 0xf, 0xf0, 0x3, 0xfc,
    0x0, 0xff, 0x0, 0x3f, 0xc0, 0xf, 0xf0, 0x3,
    0xfc, 0x0, 0xff, 0x0, 0x3d, 0xe0, 0x1e, 0x78,
    0x7, 0x8f, 0x87, 0xc3, 0xff, 0xf0, 0x3f, 0xf0,
    0x3, 0xf0, 0x0,

    /* U+0432 "в" */
    0xff, 0xfc, 0x1f, 0xff, 0xe3, 0xff, 0xfe, 0x78,
    0x7, 0xcf, 0x0, 0x7d, 0xe0, 0x7, 0xbc, 0x0,
    0xf7, 0x80, 0x1e, 0xf0, 0x3, 0xde, 0x0, 0xf3,
    0xc0, 0x3e, 0x7f, 0xff, 0x8f, 0xff, 0xc1, 0xff,
    0xff, 0x3c, 0x1, 0xf7, 0x80, 0x1e, 0xf0, 0x1,
    0xfe, 0x0, 0x3f, 0xc0, 0x7, 0xf8, 0x0, 0xff,
    0x0, 0x3f, 0xe0, 0xf, 0xbf, 0xff, 0xe7, 0xff,
    0xf8, 0xff, 0xfc, 0x0,

    /* U+0433 "г" */
    0xff, 0xff, 0xff, 0xff, 0xff, 0xff, 0xff, 0xc0,
    0x0, 0xf0, 0x0, 0x3c, 0x0, 0xf, 0x0, 0x3,
    0xc0, 0x0, 0xf0, 0x0, 0x3c, 0x0, 0xf, 0x0,
    0x3, 0xc0, 0x0, 0xf0, 0x0, 0x3c, 0x0, 0xf,
    0x0, 0x3, 0xc0, 0x0, 0xf0, 0x0, 0x3c, 0x0,
    0xf, 0x0, 0x3, 0xc0, 0x0, 0xf0, 0x0, 0x3c,
    0x0, 0xf, 0x0, 0x3, 0xc0, 0x0, 0xf0, 0x0,
    0x0,

    /* U+0434 "д" */
    0xf, 0xff, 0xf0, 0xf, 0xff, 0xf0, 0xf, 0xff,
    0xf0, 0xf, 0x0, 0xf0, 0xf, 0x0, 0xf0, 0xf,
    0x0, 0xf0, 0xf, 0x0, 0xf0, 0xf, 0x0, 0xf0,
    0xf, 0x0, 0xf0, 0xf, 0x0, 0xf0, 0xf, 0x0,
    0xf0, 0xf, 0x0, 0xf0, 0xf, 0x0, 0xf0, 0xf,
    0x0, 0xf0, 0xf, 0x0, 0xf0, 0xf, 0x0, 0xf0,
    0xf, 0x0, 0xf0, 0xf, 0x0, 0xf0, 0x1e, 0x0,
    0xf0, 0x1e, 0x0, 0xf0, 0x1e, 0x0, 0xf0, 0x1c,
    0x0, 0xf0, 0xff, 0xff, 0xff, 0xff, 0xff, 0xff,
    0xff, 0xff, 0xff, 0xf0, 0x0, 0xf, 0xf0, 0x0,
    0xf, 0xf0, 0x0, 0xf, 0xf0, 0x0, 0xf, 0xf0,
    0x0, 0xf, 0xf0, 0x0, 0xf,

    /* U+0435 "е" */
    0x3, 0xf8, 0x1, 0xff, 0xc0, 0x7f, 0xfc, 0x1f,
    0x7, 0xc7, 0x80, 0x3c, 0xf0, 0x7, 0xbc, 0x0,
    0x7f, 0x80, 0xf, 0xf0, 0x1, 0xfe, 0x0, 0x3f,
    0xff, 0xff, 0xff, 0xff, 0xff, 0xff, 0xff, 0xe0,
    0x0, 0x3c, 0x0, 0x7, 0x80, 0x0, 0xf0, 0x0,
    0x1e, 0x0, 0x3, 0xc0, 0x7, 0xbc, 0x1, 0xf7,
    0xc0, 0x3c, 0x7c, 0x1f, 0x87, 0xff, 0xe0, 0x7f,
    0xf0, 0x3, 0xf8, 0x0,

    /* U+0436 "ж" */
    0x78, 0x1e, 0x7, 0x9e, 0x7, 0x81, 0xe3, 0x81,
    0xe0, 0x70, 0xf0, 0x78, 0x3c, 0x3c, 0x1e, 0xf,
    0x7, 0x87, 0x87, 0x81, 0xe1, 0xe1, 0xe0, 0x38,
    0x78, 0x70, 0xf, 0x1e, 0x3c, 0x1, 0xc7, 0x8e,
    0x0, 0x71, 0xe7, 0x80, 0x1f, 0xff, 0xe0, 0x7,
    0xff, 0xf8, 0x1, 0xc7, 0x8e, 0x0, 0xf1, 0xe3,
    0xc0, 0x3c, 0x78, 0xf0, 0xe, 0x1e, 0x1c, 0x7,
    0x87, 0x87, 0x81, 0xe1, 0xe1, 0xe0, 0xf0, 0x78,
    0x3c, 0x3c, 0x1e, 0xf, 0xe, 0x7, 0x83, 0xc7,
    0x81, 0xe0, 0x79, 0xe0, 0x78, 0x1e, 0xf0, 0x1e,
    0x3, 0xc0,

    /* U+0437 "з" */
    0x7, 0xfc, 0x1, 0xff, 0xf0, 0x3f, 0xff, 0x87,
    0xc0, 0x7c, 0xf8, 0x3, 0xef, 0x0, 0x1e, 0x0,
    0x1, 0xe0, 0x0, 0x1e, 0x0, 0x1, 0xe0, 0x0,
    0x3c, 0x0, 0x7, 0xc0, 0x7f, 0xf0, 0x7, 0xfe,
    0x0, 0x7f, 0xfc, 0x0, 0x3, 0xe0, 0x0, 0x1f,
    0x0, 0x0, 0xf0, 0x0, 0xf, 0x0, 0x0, 0xff,
    0x0, 0xf, 0xf0, 0x1, 0xff, 0xc0, 0x3e, 0x7f,
    0xff, 0xc1, 0xff, 0xf8, 0x7, 0xfe, 0x0,

    /* U+0438 "и" */
    0xf0, 0x7, 0xfc, 0x3, 0xff, 0x0, 0xff, 0xc0,
    0x7f, 0xf0, 0x1f, 0xfc, 0xf, 0xff, 0x3, 0xbf,
    0xc0, 0xef, 0xf0, 0x73, 0xfc, 0x1c, 0xff, 0xf,
    0x3f, 0xc3, 0x8f, 0xf1, 0xe3, 0xfc, 0x70, 0xff,
    0x1c, 0x3f, 0xce, 0xf, 0xf3, 0x83, 0xfd, 0xe0,
    0xff, 0x70, 0x3f, 0xfc, 0xf, 0xfe, 0x3, 0xff,
    0x80, 0xff, 0xc0, 0x3f, 0xf0, 0xf, 0xfc, 0x3,
    0xc0,

    /* U+0439 "й" */
    0x38, 0x7, 0xe, 0x1, 0xc3, 0xc0, 0xe0, 0x78,
    0x78, 0xf, 0xfc, 0x0, 0xfc, 0x0, 0x0, 0x0,
    0x0, 0x0, 0x0, 0x0, 0x0, 0x0, 0xf, 0x0,
    0x7f, 0xc0, 0x3f, 0xf0, 0xf, 0xfc, 0x7, 0xff,
    0x1, 0xff, 0xc0, 0xff, 0xf0, 0x3b, 0xfc, 0xe,
    0xff, 0x7, 0x3f, 0xc1, 0xcf, 0xf0, 0xe3, 0xfc,
    0x38, 0xff, 0x1c, 0x3f, 0xc7, 0xf, 0xf3, 0xc3,
    0xfc, 0xe0, 0xff, 0x38, 0x3f, 0xdc, 0xf, 0xf7,
    0x3, 0xff, 0x80, 0xff, 0xe0, 0x3f, 0xf0, 0xf,
    0xfc, 0x3, 0xff, 0x0, 0xff, 0x80, 0x3c,

    /* U+043A "к" */
    0xf0, 0x1, 0xef, 0x0, 0x3e, 0xf0, 0x3, 0xcf,
    0x0, 0x78, 0xf0, 0xf, 0x8f, 0x0, 0xf0, 0xf0,
    0x1e, 0xf, 0x3, 0xe0, 0xf0, 0x3c, 0xf, 0x7,
    0x80, 0xf0, 0xf8, 0xf, 0xff, 0x0, 0xff, 0xf0,
    0xf, 0xff, 0x0, 0xf0, 0xf8, 0xf, 0x7, 0xc0,
    0xf0, 0x3c, 0xf, 0x3, 0xe0, 0xf0, 0x1f, 0xf,
    0x0, 0xf0, 0xf0, 0xf, 0x8f, 0x0, 0x7c, 0xf0,
    0x3, 0xcf, 0x0, 0x3e, 0xf0, 0x1, 0xf0,

    /* U+043B "л" */
    0x7, 0xff, 0xfc, 0x1f, 0xff, 0xf0, 0x7f, 0xff,
    0xc1, 0xe0, 0xf, 0x7, 0x80, 0x3c, 0x1e, 0x0,
    0xf0, 0x78, 0x3, 0xc1, 0xe0, 0xf, 0x7, 0x80,
    0x3c, 0x1e, 0x0, 0xf0, 0x78, 0x3, 0xc1, 0xe0,
    0xf, 0x7, 0x80, 0x3c, 0x1e, 0x0, 0xf0, 0x78,
    0x3, 0xc1, 0xe0, 0xf, 0x7, 0x80, 0x3c, 0x1e,
    0x0, 0xf0, 0x78, 0x3, 0xc3, 0xc0, 0xf, 0xf,
    0x0, 0x3c, 0x7c, 0x0, 0xff, 0xe0, 0x3, 0xff,
    0x0, 0xf, 0xf0, 0x0, 0x3c,

    /* U+043C "м" */
    0xfc, 0x3, 0xff, 0xc0, 0x3f, 0xfc, 0x3, 0xff,
    0xe0, 0x7f, 0xfe, 0x7, 0xff, 0x60, 0x6f, 0xf7,
    0xe, 0xff, 0x70, 0xef, 0xf7, 0xe, 0xff, 0x39,
    0xcf, 0xf3, 0x9c, 0xff, 0x39, 0xcf, 0xf1, 0xd8,
    0xff, 0x1f, 0x8f, 0xf1, 0xf8, 0xff, 0x1f, 0x8f,
    0xf0, 0xf0, 0xff, 0xf, 0xf, 0xf0, 0x0, 0xff,
    0x0, 0xf, 0xf0, 0x0, 0xff, 0x0, 0xf, 0xf0,
    0x0, 0xff, 0x0, 0xf, 0xf0, 0x0, 0xf0,

    /* U+043D "н" */
    0xf0, 0x3, 0xfc, 0x0, 0xff, 0x0, 0x3f, 0xc0,
    0xf, 0xf0, 0x3, 0xfc, 0x0, 0xff, 0x0, 0x3f,
    0xc0, 0xf, 0xf0, 0x3, 0xfc, 0x0, 0xff, 0x0,
    0x3f, 0xff, 0xff, 0xff, 0xff, 0xff, 0xff, 0xff,
    0x0, 0x3f, 0xc0, 0xf, 0xf0, 0x3, 0xfc, 0x0,
    0xff, 0x0, 0x3f, 0xc0, 0xf, 0xf0, 0x3, 0xfc,
    0x0, 0xff, 0x0, 0x3f, 0xc0, 0xf, 0xf0, 0x3,
    0xc0,

    /* U+043E "о" */
    0x3, 0xf8, 0x1, 0xff, 0xc0, 0x7f, 0xfc, 0x1f,
    0x7, 0xc7, 0xc0, 0x7c, 0xf0, 0x7, 0xbc, 0x0,
    0x7f, 0x80, 0xf, 0xf0, 0x1, 0xfe, 0x0, 0x3f,
    0xc0, 0x7, 0xf8, 0x0, 0xff, 0x0, 0x1f, 0xe0,
    0x3, 0xfc, 0x0, 0x7f, 0x80, 0xf, 0xf0, 0x1,
    0xfe, 0x0, 0x3f, 0xc0, 0x7, 0xbc, 0x1, 0xe7,
    0xc0, 0x7c, 0x7c, 0x1f, 0x7, 0xff, 0xc0, 0x7f,
    0xf0, 0x3, 0xf8, 0x0,

    /* U+043F "п" */
    0xff, 0xff, 0xff, 0xff, 0xff, 0xff, 0xff, 0xc0,
    0xf, 0xf0, 0x3, 0xfc, 0x0, 0xff, 0x0, 0x3f,
    0xc0, 0xf, 0xf0, 0x3, 0xfc, 0x0, 0xff, 0x0,
    0x3f, 0xc0, 0xf, 0xf0, 0x3, 0xfc, 0x0, 0xff,
    0x0, 0x3f, 0xc0, 0xf, 0xf0, 0x3, 0xfc, 0x0,
    0xff, 0x0, 0x3f, 0xc0, 0xf, 0xf0, 0x3, 0xfc,
    0x0, 0xff, 0x0, 0x3f, 0xc0, 0xf, 0xf0, 0x3,
    0xc0,

    /* U+0440 "р" */
    0xf0, 0xfc, 0x1e, 0x7f, 0xe3, 0xdf, 0xfe, 0x7f,
    0x7, 0xef, 0xc0, 0x7d, 0xf0, 0x7, 0xfc, 0x0,
    0x7f, 0x80, 0xf, 0xf0, 0x1, 0xfe, 0x0, 0x3f,
    0xc0, 0x7, 0xf8, 0x0, 0xff, 0x0, 0x1f, 0xe0,
    0x3, 0xfc, 0x0, 0x7f, 0x80, 0xf, 0xf0, 0x1,
    0xfe, 0x0, 0x3f, 0xc0, 0x7, 0xfc, 0x1, 0xef,
    0xc0, 0x7d, 0xfc, 0x1f, 0xbd, 0xff, 0xe7, 0x9f,
    0xf8, 0xf0, 0xfc, 0x1e, 0x0, 0x3, 0xc0, 0x0,
    0x78, 0x0, 0xf, 0x0, 0x1, 0xe0, 0x0, 0x3c,
    0x0, 0x7, 0x80, 0x0, 0xf0, 0x0, 0x0,

    /* U+0441 "с" */
    0x3, 0xf8, 0x1, 0xff, 0xe0, 0x7f, 0xfe, 0x1f,
    0x7, 0xe7, 0xc0, 0x3c, 0xf0, 0x7, 0xfc, 0x0,
    0x7f, 0x80, 0xf, 0xf0, 0x0, 0x1e, 0x0, 0x3,
    0xc0, 0x0, 0x78, 0x0, 0xf, 0x0, 0x1, 0xe0,
    0x0, 0x3c, 0x0, 0x7, 0x80, 0x0, 0xf0, 0x0,
    0x1e, 0x0, 0x3f, 0xc0, 0x7, 0xbc, 0x1, 0xf7,
    0xc0, 0x3c, 0x7c, 0x1f, 0x87, 0xff, 0xe0, 0x7f,
    0xf0, 0x3, 0xf8, 0x0,

    /* U+0442 "т" */
    0xff, 0xff, 0xff, 0xff, 0xff, 0xff, 0xff, 0xff,
    0xc0, 0x1e, 0x0, 0x0, 0x78, 0x0, 0x1, 0xe0,
    0x0, 0x7, 0x80, 0x0, 0x1e, 0x0, 0x0, 0x78,
    0x0, 0x1, 0xe0, 0x0, 0x7, 0x80, 0x0, 0x1e,
    0x0, 0x0, 0x78, 0x0, 0x1, 0xe0, 0x0, 0x7,
    0x80, 0x0, 0x1e, 0x0, 0x0, 0x78, 0x0, 0x1,
    0xe0, 0x0, 0x7, 0x80, 0x0, 0x1e, 0x0, 0x0,
    0x78, 0x0, 0x1, 0xe0, 0x0, 0x7, 0x80, 0x0,
    0x1e, 0x0, 0x0, 0x78, 0x0,

    /* U+0443 "у" */
    0x78, 0x0, 0x3d, 0xe0, 0x1, 0xe7, 0xc0, 0x7,
    0x8f, 0x0, 0x1e, 0x3c, 0x0, 0xf0, 0x78, 0x3,
    0xc1, 0xe0, 0x1f, 0x7, 0xc0, 0x78, 0xf, 0x1,
    0xe0, 0x3c, 0xf, 0x80, 0xf8, 0x3c, 0x1, 0xe0,
    0xf0, 0x7, 0x87, 0x80, 0xf, 0x1e, 0x0, 0x3c,
    0x78, 0x0, 0xfb, 0xc0, 0x1, 0xef, 0x0, 0x7,
    0xbc, 0x0, 0xe, 0xe0, 0x0, 0x3f, 0x80, 0x0,
    0xfe, 0x0, 0x1, 0xf0, 0x0, 0x7, 0xc0, 0x0,
    0x1f, 0x0, 0x0, 0x78, 0x0, 0x1, 0xe0, 0x0,
    0xf, 0x0, 0x0, 0x3c, 0x0, 0x1, 0xf0, 0x0,
    0x7, 0x80, 0x0, 0x1e, 0x0, 0x0, 0xf8, 0x0,
    0x3, 0xc0, 0x0,

    /* U+0444 "ф" */
    0x0, 0x78, 0x0, 0x1, 0xe0, 0x0, 0x7, 0x80,
    0x0, 0x1e, 0x0, 0x0, 0x78, 0x0, 0x1, 0xe0,
    0x0, 0x7, 0x80, 0x0, 0x1e, 0x0, 0x3, 0xff,
    0x0, 0x3f, 0xff, 0x3, 0xff, 0xff, 0xf, 0x9e,
    0x7c, 0x78, 0x78, 0x79, 0xe1, 0xe1, 0xef, 0x7,
    0x83, 0xfc, 0x1e, 0xf, 0xf0, 0x78, 0x3f, 0xc1,
    0xe0, 0xff, 0x7, 0x83, 0xfc, 0x1e, 0xf, 0xf0,
    0x78, 0x3f, 0xc1, 0xe0, 0xff, 0x7, 0x83, 0xfc,
    0x1e, 0xf, 0xf0, 0x78, 0x3f, 0xc1, 0xe0, 0xff,
    0x7, 0x83, 0xde, 0x1e, 0x1e, 0x78, 0x78, 0x78,
    0xf9, 0xe7, 0xc3, 0xff, 0xff, 0x3, 0xff, 0xf8,
    0x3, 0xff, 0x0, 0x1, 0xe0, 0x0, 0x7, 0x80,
    0x0, 0x1e, 0x0, 0x0, 0x78, 0x0, 0x1, 0xe0,
    0x0, 0x7, 0x80, 0x0, 0x1e, 0x0, 0x0, 0x78,
    0x0,

    /* U+0445 "х" */
    0x7c, 0x0, 0x78, 0xf0, 0x3, 0xe3, 0xe0, 0xf,
    0x7, 0xc0, 0x78, 0xf, 0x3, 0xe0, 0x3e, 0xf,
    0x0, 0x78, 0x78, 0x0, 0xf3, 0xe0, 0x3, 0xef,
    0x0, 0x7, 0xf8, 0x0, 0xf, 0xe0, 0x0, 0x3f,
    0x0, 0x0, 0x7c, 0x0, 0x3, 0xf8, 0x0, 0x1f,
    0xe0, 0x0, 0x7b, 0xc0, 0x3, 0xcf, 0x80, 0x1f,
    0x1e, 0x0, 0x78, 0x7c, 0x3, 0xc0, 0xf8, 0x1f,
    0x1, 0xe0, 0x78, 0x7, 0xc3, 0xc0, 0xf, 0x9f,
    0x0, 0x1e, 0x78, 0x0, 0x7c,

    /* U+0446 "ц" */
    0xf0, 0x7, 0x87, 0x80, 0x3c, 0x3c, 0x1, 0xe1,
    0xe0, 0xf, 0xf, 0x0, 0x78, 0x78, 0x3, 0xc3,
    0xc0, 0x1e, 0x1e, 0x0, 0xf0, 0xf0, 0x7, 0x87,
    0x80, 0x3c, 0x3c, 0x1, 0xe1, 0xe0, 0xf, 0xf,
    0x0, 0x78, 0x78, 0x3, 0xc3, 0xc0, 0x1e, 0x1e,
    0x0, 0xf0, 0xf0, 0x7, 0x87, 0x80, 0x3c, 0x3c,
    0x1, 0xe1, 0xe0, 0xf, 0xf, 0x0, 0x78, 0x78,
    0x3, 0xc3, 0xff, 0xff, 0xff, 0xff, 0xff, 0xff,
    0xff, 0xf8, 0x0, 0x3, 0xc0, 0x0, 0x1e, 0x0,
    0x0, 0xf0, 0x0, 0x7, 0x80, 0x0, 0x3c, 0x0,
    0x1, 0xe0, 0x0, 0xf,

    /* U+0447 "ч" */
    0xf0, 0x1, 0xfe, 0x0, 0x3f, 0xc0, 0x7, 0xf8,
    0x0, 0xff, 0x0, 0x1f, 0xe0, 0x3, 0xfc, 0x0,
    0x7f, 0x80, 0xf, 0xf0, 0x1, 0xfe, 0x0, 0x3f,
    0xe0, 0x7, 0xbc, 0x0, 0xf7, 0xe0, 0x1e, 0x7f,
    0xff, 0xc3, 0xff, 0xf8, 0x1f, 0xff, 0x0, 0x1,
    0xe0, 0x0, 0x3c, 0x0, 0x7, 0x80, 0x0, 0xf0,
    0x0, 0x1e, 0x0, 0x3, 0xc0, 0x0, 0x78, 0x0,
    0xf, 0x0, 0x1, 0xe0,

    /* U+0448 "ш" */
    0xf0, 0x70, 0x7f, 0x83, 0x83, 0xfc, 0x1c, 0x1f,
    0xe0, 0xe0, 0xff, 0x7, 0x7, 0xf8, 0x38, 0x3f,
    0xc1, 0xc1, 0xfe, 0xe, 0xf, 0xf0, 0x70, 0x7f,
    0x83, 0x83, 0xfc, 0x1c, 0x1f, 0xe0, 0xe0, 0xff,
    0x7, 0x7, 0xf8, 0x38, 0x3f, 0xc1, 0xc1, 0xfe,
    0xe, 0xf, 0xf0, 0x70, 0x7f, 0x83, 0x83, 0xfc,
    0x1c, 0x1f, 0xe0, 0xe0, 0xff, 0x7, 0x7, 0xf8,
    0x38, 0x3f, 0xff, 0xff, 0xff, 0xff, 0xff, 0xff,
    0xff, 0xf8,

    /* U+0449 "щ" */
    0xf0, 0x70, 0x79, 0xe0, 0xe0, 0xf3, 0xc1, 0xc1,
    0xe7, 0x83, 0x83, 0xcf, 0x7, 0x7, 0x9e, 0xe,
    0xf, 0x3c, 0x1c, 0x1e, 0x78, 0x38, 0x3c, 0xf0,
    0x70, 0x79, 0xe0, 0xe0, 0xf3, 0xc1, 0xc1, 0xe7,
    0x83, 0x83, 0xcf, 0x7, 0x7, 0x9e, 0xe, 0xf,
    0x3c, 0x1c, 0x1e, 0x78, 0x38, 0x3c, 0xf0, 0x70,
    0x79, 0xe0, 0xe0, 0xf3, 0xc1, 0xc1, 0xe7, 0x83,
    0x83, 0xcf, 0x7, 0x7, 0x9e, 0xe, 0xf, 0x3f,
    0xff, 0xff, 0xff, 0xff, 0xff, 0xff, 0xff, 0xfe,
    0x0, 0x0, 0x3c, 0x0, 0x0, 0x78, 0x0, 0x0,
    0xf0, 0x0, 0x1, 0xe0, 0x0, 0x3, 0xc0, 0x0,
    0x7, 0x80,

    /* U+044A "ъ" */
    0xff, 0xc0, 0x0, 0xff, 0xc0, 0x0, 0xff, 0xc0,
    0x0, 0x3, 0xc0, 0x0, 0x3, 0xc0, 0x0, 0x3,
    0xc0, 0x0, 0x3, 0xc0, 0x0, 0x3, 0xc0, 0x0,
    0x3, 0xc0, 0x0, 0x3, 0xc0, 0x0, 0x3, 0xff,
    0xe0, 0x3, 0xff, 0xf8, 0x3, 0xff, 0xfc, 0x3,
    0xc0, 0x3e, 0x3, 0xc0, 0x1e, 0x3, 0xc0, 0xf,
    0x3, 0xc0, 0xf, 0x3, 0xc0, 0xf, 0x3, 0xc0,
    0xf, 0x3, 0xc0, 0xf, 0x3, 0xc0, 0x1e, 0x3,
    0xc0, 0x3e, 0x3, 0xff, 0xfc, 0x3, 0xff, 0xf8,
    0x3, 0xff, 0xe0,

    /* U+044B "ы" */
    0xf0, 0x0, 0x7f, 0x80, 0x3, 0xfc, 0x0, 0x1f,
    0xe0, 0x0, 0xff, 0x0, 0x7, 0xf8, 0x0, 0x3f,
    0xc0, 0x1, 0xfe, 0x0, 0xf, 0xf0, 0x0, 0x7f,
    0x80, 0x3, 0xff, 0xe0, 0x1f, 0xff, 0xc0, 0xff,
    0xff, 0x7, 0xf8, 0x7c, 0x3f, 0xc1, 0xe1, 0xfe,
    0x7, 0x8f, 0xf0, 0x3c, 0x7f, 0x81, 0xe3, 0xfc,
    0xf, 0x1f, 0xe0, 0x78, 0xff, 0x7, 0x87, 0xf8,
    0x7c, 0x3f, 0xff, 0xc1, 0xff, 0xfc, 0xf, 0xff,
    0x80, 0x78,

    /* U+044C "ь" */
    0xf0, 0x0, 0xf, 0x0, 0x0, 0xf0, 0x0, 0xf,
    0x0, 0x0, 0xf0, 0x0, 0xf, 0x0, 0x0, 0xf0,
    0x0, 0xf, 0x0, 0x0, 0xf0, 0x0, 0xf, 0x0,
    0x0, 0xff, 0xfe, 0xf, 0xff, 0xf8, 0xff, 0xff,
    0xcf, 0x0, 0x3e, 0xf0, 0x1, 0xef, 0x0, 0xf,
    0xf0, 0x0, 0xff, 0x0, 0xf, 0xf0, 0x0, 0xff,
    0x0, 0xf, 0xf0, 0x1, 0xef, 0x0, 0x3e, 0xff,
    0xff, 0xcf, 0xff, 0xf8, 0xff, 0xfe, 0x0,

    /* U+044D "э" */
    0x3, 0xf8, 0x1, 0xff, 0xc0, 0xff, 0xfc, 0x3f,
    0x7, 0xc7, 0x80, 0x7d, 0xf0, 0x7, 0xbc, 0x0,
    0x7f, 0x80, 0xf, 0xf0, 0x1, 0xe0, 0x0, 0x3c,
    0x0, 0x7, 0x81, 0xff, 0xf0, 0x3f, 0xfe, 0x7,
    0xff, 0xc0, 0x0, 0x78, 0x0, 0xf, 0x0, 0x1,
    0xfe, 0x0, 0x3f, 0xc0, 0x7, 0xfc, 0x1, 0xe7,
    0x80, 0x7c, 0xfc, 0x1f, 0xf, 0xff, 0xe0, 0xff,
    0xf0, 0x3, 0xf8, 0x0,

    /* U+044E "ю" */
    0xf0, 0x1f, 0x83, 0xc0, 0xff, 0x8f, 0x7, 0xff,
    0x3c, 0x3e, 0x3e, 0xf1, 0xf0, 0x7b, 0xc7, 0x80,
    0xff, 0x1e, 0x3, 0xfc, 0x78, 0xf, 0xf1, 0xe0,
    0x3f, 0xc7, 0x80, 0xff, 0x1e, 0x3, 0xff, 0xf8,
    0xf, 0xff, 0xe0, 0x3f, 0xff, 0x80, 0xff, 0x1e,
    0x3, 0xfc, 0x78, 0xf, 0xf1, 0xe0, 0x3f, 0xc7,
    0x80, 0xff, 0x1e, 0x3, 0xfc, 0x78, 0xf, 0xf1,
    0xf0, 0x7b, 0xc3, 0xe3, 0xef, 0x7, 0xff, 0x3c,
    0xf, 0xf8, 0xf0, 0x1f, 0x80,

    /* U+044F "я" */
    0x7, 0xff, 0xe3, 0xff, 0xfc, 0xff, 0xff, 0xbe,
    0x0, 0xf7, 0x80, 0x1f, 0xf0, 0x3, 0xfc, 0x0,
    0x7f, 0x80, 0xf, 0xf0, 0x1, 0xfe, 0x0, 0x3f,
    0xc0, 0x7, 0xbc, 0x0, 0xf7, 0xc0, 0x1e, 0x7f,
    0xff, 0xc7, 0xff, 0xf8, 0x3f, 0xff, 0x7, 0x81,
    0xe0, 0xf0, 0x3c, 0x3c, 0x7, 0x8f, 0x80, 0xf1,
    0xe0, 0x1e, 0x78, 0x3, 0xdf, 0x0, 0x7b, 0xc0,
    0xf, 0xf0, 0x1, 0xe0,

    /* U+0451 "ё" */
    0x1e, 0xf, 0x7, 0xe3, 0xf0, 0xfc, 0x7e, 0x1f,
    0x8f, 0xc1, 0xe0, 0xf0, 0x0, 0x0, 0x0, 0x0,
    0x0, 0x0, 0x0, 0x0, 0x0, 0x0, 0x0, 0x0,
    0xf, 0xe0, 0x7, 0xff, 0x1, 0xff, 0xf0, 0x7c,
    0x1f, 0x1e, 0x0, 0xf3, 0xc0, 0x1e, 0xf0, 0x1,
    0xfe, 0x0, 0x3f, 0xc0, 0x7, 0xf8, 0x0, 0xff,
    0xff, 0xff, 0xff, 0xff, 0xff, 0xff, 0xff, 0x80,
    0x0, 0xf0, 0x0, 0x1e, 0x0, 0x3, 0xc0, 0x0,
    0x78, 0x0, 0xf, 0x0, 0x1e, 0xf0, 0x7, 0xdf,
    0x0, 0xf1, 0xf0, 0x7e, 0x1f, 0xff, 0x81, 0xff,
    0xc0, 0xf, 0xe0, 0x0,

    /* U+2014 "—" */
    0xff, 0xff, 0xff, 0xff, 0xff, 0xff, 0xff, 0xff,
    0xff, 0xfc,

    /* U+2026 "…" */
    0x60, 0x30, 0x1b, 0xc1, 0xe0, 0xff, 0x7, 0x83,
    0xfc, 0x1e, 0xf, 0xf0, 0x78, 0x3f, 0xc1, 0xe0,
    0xff, 0x7, 0x83, 0xd8, 0xc, 0x6,

    /* U+2116 "№" */
    0xf0, 0x1c, 0x3e, 0x7c, 0xe, 0x3f, 0xbe, 0x7,
    0x38, 0xff, 0x3, 0x9c, 0x7f, 0x81, 0xce, 0x3f,
    0xe0, 0xe7, 0x1f, 0xf0, 0x73, 0x8f, 0xd8, 0x39,
    0xc7, 0xec, 0x1c, 0xe3, 0xf7, 0xe, 0x71, 0xfb,
    0x87, 0x38, 0xfc, 0xc3, 0x9c, 0x7e, 0x71, 0xce,
    0x3f, 0x38, 0xe7, 0x1f, 0x9c, 0x73, 0x8f, 0xc6,
    0x39, 0xc7, 0xe3, 0x9c, 0xff, 0x71, 0xce, 0x3f,
    0xb8, 0xe7, 0x7, 0x1c, 0x33, 0x80, 0xe, 0x1d,
    0xc0, 0x7, 0xe, 0xe0, 0x3, 0x87, 0x70, 0x1,
    0xc1, 0xb8, 0x0, 0xe0, 0xfc, 0x0, 0x70, 0x7e,
    0x0, 0x38, 0x3f, 0x0, 0x1c, 0xf, 0x80, 0xe,
    0x7, 0xc0, 0x7, 0x3, 0xe0, 0x3, 0x81, 0xf0,
    0x1, 0xc0, 0x78, 0x0,

    /* U+2500 "─" */
    0xff, 0xff, 0xff, 0xff, 0xff, 0xff, 0xff, 0xff,
    0xff, 0xff, 0xff, 0xff, 0xff, 0xff,

    /* U+2501 "━" */
    0xff, 0xff, 0xff, 0xff, 0xff, 0xff, 0xff, 0xff,
    0xff, 0xff, 0xff, 0xff, 0xff, 0xff, 0xff, 0xff,
    0xff, 0xff, 0xff, 0xff, 0xff, 0xff, 0xff, 0xff,
    0xff, 0xff, 0xff, 0xff, 0xff, 0xff, 0xff, 0xf0,

    /* U+2502 "│" */
    0xff, 0xff, 0xff, 0xff, 0xff, 0xff, 0xff, 0xff,
    0xff, 0xff, 0xff, 0xff, 0xff, 0xff, 0xff, 0xff,
    0xff, 0xff, 0xff, 0xff, 0xff, 0xff, 0xff, 0xff,
    0xff, 0xff, 0xff, 0xff, 0xff,

    /* U+2503 "┃" */
    0xff, 0xff, 0xff, 0xff, 0xff, 0xff, 0xff, 0xff,
    0xff, 0xff, 0xff, 0xff, 0xff, 0xff, 0xff, 0xff,
    0xff, 0xff, 0xff, 0xff, 0xff, 0xff, 0xff, 0xff,
    0xff, 0xff, 0xff, 0xff, 0xff, 0xff, 0xff, 0xff,
    0xff, 0xff, 0xff, 0xff, 0xff, 0xff, 0xff, 0xff,
    0xff, 0xff, 0xff, 0xff, 0xff, 0xff, 0xff, 0xff,
    0xff, 0xff, 0xff, 0xff, 0xff, 0xff, 0xff, 0xff,
    0xff, 0xff, 0xff, 0xff, 0xff, 0xff, 0xff, 0xff,
    0xff, 0xc0,

    /* U+2504 "┄" */
    0xfc, 0x7e, 0x3f, 0xfc, 0x7e, 0x3f, 0xfc, 0x7e,
    0x3f, 0xfc, 0x7e, 0x3f,

    /* U+2505 "┅" */
    0xfc, 0x7e, 0x3f, 0xfc, 0x7e, 0x3f, 0xfc, 0x7e,
    0x3f, 0xfc, 0x7e, 0x3f, 0xfc, 0x7e, 0x3f, 0xfc,
    0x7e, 0x3f, 0xfc, 0x7e, 0x3f, 0xfc, 0x7e, 0x3f,
    0xfc, 0x7e, 0x3f,

    /* U+2506 "┆" */
    0xff, 0xff, 0xff, 0xff, 0xff, 0xff, 0xff, 0xf0,
    0x0, 0xff, 0xff, 0xff, 0xff, 0xff, 0xff, 0xff,
    0x0, 0x0, 0xff, 0xff, 0xff, 0xff, 0xff, 0xff,
    0xff, 0xf0,

    /* U+2507 "┇" */
    0xff, 0xff, 0xff, 0xff, 0xff, 0xff, 0xff, 0xff,
    0xff, 0xff, 0xff, 0xff, 0xff, 0xff, 0xff, 0xfc,
    0x0, 0x0, 0x0, 0x0, 0x3f, 0xff, 0xff, 0xff,
    0xff, 0xff, 0xff, 0xff, 0xff, 0xff, 0xff, 0xff,
    0xff, 0xff, 0xff, 0xff, 0xff, 0x80, 0x0, 0x0,
    0xf, 0xff, 0xff, 0xff, 0xff, 0xff, 0xff, 0xff,
    0xff, 0xff, 0xff, 0xff, 0xff, 0xff, 0xff, 0xff,
    0xc0,

    /* U+2508 "┈" */
    0xf1, 0xe7, 0x8f, 0xf1, 0xe7, 0x8f, 0xf1, 0xe7,
    0x8f, 0xf1, 0xe7, 0x8f,

    /* U+2509 "┉" */
    0xf1, 0xe7, 0x8f, 0xf1, 0xe7, 0x8f, 0xf1, 0xe7,
    0x8f, 0xf1, 0xe7, 0x8f, 0xf1, 0xe7, 0x8f, 0xf1,
    0xe7, 0x8f, 0xf1, 0xe7, 0x8f, 0xf1, 0xe7, 0x8f,
    0xf1, 0xe7, 0x8f,

    /* U+250A "┊" */
    0xff, 0xff, 0xff, 0xff, 0xf0, 0x0, 0x0, 0xff,
    0xff, 0xff, 0xff, 0xf0, 0x0, 0xf, 0xff, 0xff,
    0xff, 0xff, 0x0, 0x0, 0xff, 0xff, 0xff, 0xff,
    0xf0,

    /* U+250B "┋" */
    0xff, 0xff, 0xff, 0xff, 0xff, 0xff, 0xff, 0xff,
    0xff, 0xff, 0x80, 0x0, 0x0, 0x0, 0x0, 0x3,
    0xff, 0xff, 0xff, 0xff, 0xff, 0xff, 0xff, 0xff,
    0xff, 0xfe, 0x0, 0x0, 0x0, 0x0, 0x1f, 0xff,
    0xff, 0xff, 0xff, 0xff, 0xff, 0xff, 0xff, 0xff,
    0xf0, 0x0, 0x0, 0x0, 0x0, 0xff, 0xff, 0xff,
    0xff, 0xff, 0xff, 0xff, 0xff, 0xff, 0xff, 0x80,

    /* U+250C "┌" */
    0xff, 0xff, 0xff, 0xff, 0xff, 0xff, 0xff, 0xff,
    0xf0, 0x0, 0xf0, 0x0, 0xf0, 0x0, 0xf0, 0x0,
    0xf0, 0x0, 0xf0, 0x0, 0xf0, 0x0, 0xf0, 0x0,
    0xf0, 0x0, 0xf0, 0x0, 0xf0, 0x0, 0xf0, 0x0,
    0xf0, 0x0, 0xf0, 0x0, 0xf0, 0x0, 0xf0, 0x0,
    0xf0, 0x0, 0xf0, 0x0, 0xf0, 0x0, 0xf0, 0x0,
    0xf0, 0x0, 0xf0, 0x0, 0xf0, 0x0, 0xf0, 0x0,
    0xf0, 0x0, 0xf0, 0x0, 0xf0, 0x0,

    /* U+250D "┍" */
    0xff, 0xff, 0xff, 0xff, 0xff, 0xff, 0xff, 0xff,
    0xff, 0xff, 0xff, 0xff, 0xff, 0xff, 0xff, 0xff,
    0xff, 0xff, 0xf0, 0x0, 0xf0, 0x0, 0xf0, 0x0,
    0xf0, 0x0, 0xf0, 0x0, 0xf0, 0x0, 0xf0, 0x0,
    0xf0, 0x0, 0xf0, 0x0, 0xf0, 0x0, 0xf0, 0x0,
    0xf0, 0x0, 0xf0, 0x0, 0xf0, 0x0, 0xf0, 0x0,
    0xf0, 0x0, 0xf0, 0x0, 0xf0, 0x0, 0xf0, 0x0,
    0xf0, 0x0, 0xf0, 0x0, 0xf0, 0x0, 0xf0, 0x0,
    0xf0, 0x0, 0xf0, 0x0,

    /* U+250E "┎" */
    0xff, 0xff, 0xff, 0xff, 0xff, 0xff, 0xff, 0xff,
    0xff, 0xff, 0xf8, 0x1, 0xff, 0x0, 0x3f, 0xe0,
    0x7, 0xfc, 0x0, 0xff, 0x80, 0x1f, 0xf0, 0x3,
    0xfe, 0x0, 0x7f, 0xc0, 0xf, 0xf8, 0x1, 0xff,
    0x0, 0x3f, 0xe0, 0x7, 0xfc, 0x0, 0xff, 0x80,
    0x1f, 0xf0, 0x3, 0xfe, 0x0, 0x7f, 0xc0, 0xf,
    0xf8, 0x1, 0xff, 0x0, 0x3f, 0xe0, 0x7, 0xfc,
    0x0, 0xff, 0x80, 0x1f, 0xf0, 0x3, 0xfe, 0x0,
    0x7f, 0xc0, 0xf, 0xf8, 0x1, 0xff, 0x0, 0x3f,
    0xe0, 0x0,

    /* U+250F "┏" */
    0xff, 0xff, 0xff, 0xff, 0xff, 0xff, 0xff, 0xff,
    0xff, 0xff, 0xff, 0xff, 0xff, 0xff, 0xff, 0xff,
    0xff, 0xff, 0xff, 0xff, 0xff, 0xff, 0xf0, 0x3,
    0xfe, 0x0, 0x7f, 0xc0, 0xf, 0xf8, 0x1, 0xff,
    0x0, 0x3f, 0xe0, 0x7, 0xfc, 0x0, 0xff, 0x80,
    0x1f, 0xf0, 0x3, 0xfe, 0x0, 0x7f, 0xc0, 0xf,
    0xf8, 0x1, 0xff, 0x0, 0x3f, 0xe0, 0x7, 0xfc,
    0x0, 0xff, 0x80, 0x1f, 0xf0, 0x3, 0xfe, 0x0,
    0x7f, 0xc0, 0xf, 0xf8, 0x1, 0xff, 0x0, 0x3f,
    0xe0, 0x7, 0xfc, 0x0, 0xff, 0x80, 0x1f, 0xf0,
    0x0,

    /* U+2510 "┐" */
    0xff, 0xff, 0xff, 0xff, 0xff, 0xff, 0xff, 0xff,
    0x0, 0xf, 0x0, 0xf, 0x0, 0xf, 0x0, 0xf,
    0x0, 0xf, 0x0, 0xf, 0x0, 0xf, 0x0, 0xf,
    0x0, 0xf, 0x0, 0xf, 0x0, 0xf, 0x0, 0xf,
    0x0, 0xf, 0x0, 0xf, 0x0, 0xf, 0x0, 0xf,
    0x0, 0xf, 0x0, 0xf, 0x0, 0xf, 0x0, 0xf,
    0x0, 0xf, 0x0, 0xf, 0x0, 0xf, 0x0, 0xf,
    0x0, 0xf, 0x0, 0xf, 0x0, 0xf,

    /* U+2511 "┑" */
    0xff, 0xff, 0xff, 0xff, 0xff, 0xff, 0xff, 0xff,
    0xff, 0xff, 0xff, 0xff, 0xff, 0xff, 0xff, 0xff,
    0xff, 0xff, 0x0, 0xf, 0x0, 0xf, 0x0, 0xf,
    0x0, 0xf, 0x0, 0xf, 0x0, 0xf, 0x0, 0xf,
    0x0, 0xf, 0x0, 0xf, 0x0, 0xf, 0x0, 0xf,
    0x0, 0xf, 0x0, 0xf, 0x0, 0xf, 0x0, 0xf,
    0x0, 0xf, 0x0, 0xf, 0x0, 0xf, 0x0, 0xf,
    0x0, 0xf, 0x0, 0xf, 0x0, 0xf, 0x0, 0xf,
    0x0, 0xf, 0x0, 0xf,

    /* U+2512 "┒" */
    0xff, 0xff, 0xff, 0xff, 0xff, 0xff, 0xff, 0xff,
    0xff, 0xf0, 0x3, 0xfe, 0x0, 0x7f, 0xc0, 0xf,
    0xf8, 0x1, 0xff, 0x0, 0x3f, 0xe0, 0x7, 0xfc,
    0x0, 0xff, 0x80, 0x1f, 0xf0, 0x3, 0xfe, 0x0,
    0x7f, 0xc0, 0xf, 0xf8, 0x1, 0xff, 0x0, 0x3f,
    0xe0, 0x7, 0xfc, 0x0, 0xff, 0x80, 0x1f, 0xf0,
    0x3, 0xfe, 0x0, 0x7f, 0xc0, 0xf, 0xf8, 0x1,
    0xff, 0x0, 0x3f, 0xe0, 0x7, 0xfc, 0x0, 0xff,
    0x80, 0x1f, 0xf0, 0x3, 0xfe, 0x0, 0x7f, 0xc0,
    0xf, 0xf8,

    /* U+2513 "┓" */
    0xff, 0xff, 0xff, 0xff, 0xff, 0xff, 0xff, 0xff,
    0xff, 0xff, 0xff, 0xff, 0xff, 0xff, 0xff, 0xff,
    0xff, 0xff, 0xff, 0xff, 0xff, 0xe0, 0x7, 0xfc,
    0x0, 0xff, 0x80, 0x1f, 0xf0, 0x3, 0xfe, 0x0,
    0x7f, 0xc0, 0xf, 0xf8, 0x1, 0xff, 0x0, 0x3f,
    0xe0, 0x7, 0xfc, 0x0, 0xff, 0x80, 0x1f, 0xf0,
    0x3, 0xfe, 0x0, 0x7f, 0xc0, 0xf, 0xf8, 0x1,
    0xff, 0x0, 0x3f, 0xe0, 0x7, 0xfc, 0x0, 0xff,
    0x80, 0x1f, 0xf0, 0x3, 0xfe, 0x0, 0x7f, 0xc0,
    0xf, 0xf8, 0x1, 0xff, 0x0, 0x3f, 0xe0, 0x7,
    0xfc,

    /* U+2514 "└" */
    0xf0, 0x0, 0xf0, 0x0, 0xf0, 0x0, 0xf0, 0x0,
    0xf0, 0x0, 0xf0, 0x0, 0xf0, 0x0, 0xf0, 0x0,
    0xf0, 0x0, 0xf0, 0x0, 0xf0, 0x0, 0xf0, 0x0,
    0xf0, 0x0, 0xf0, 0x0, 0xf0, 0x0, 0xf0, 0x0,
    0xf0, 0x0, 0xf0, 0x0, 0xf0, 0x0, 0xf0, 0x0,
    0xf0, 0x0, 0xf0, 0x0, 0xf0, 0x0, 0xf0, 0x0,
    0xf0, 0x0, 0xf0, 0x0, 0xff, 0xff, 0xff, 0xff,
    0xff, 0xff, 0xff, 0xff,

    /* U+2515 "┕" */
    0xf0, 0x0, 0xf0, 0x0, 0xf0, 0x0, 0xf0, 0x0,
    0xf0, 0x0, 0xf0, 0x0, 0xf0, 0x0, 0xf0, 0x0,
    0xf0, 0x0, 0xf0, 0x0, 0xf0, 0x0, 0xf0, 0x0,
    0xf0, 0x0, 0xf0, 0x0, 0xf0, 0x0, 0xf0, 0x0,
    0xf0, 0x0, 0xf0, 0x0, 0xf0, 0x0, 0xf0, 0x0,
    0xf0, 0x0, 0xf0, 0x0, 0xf0, 0x0, 0xf0, 0x0,
    0xff, 0xff, 0xff, 0xff, 0xff, 0xff, 0xff, 0xff,
    0xff, 0xff, 0xff, 0xff, 0xff, 0xff, 0xff, 0xff,
    0xff, 0xff,

    /* U+2516 "┖" */
    0xff, 0x80, 0x1f, 0xf0, 0x3, 0xfe, 0x0, 0x7f,
    0xc0, 0xf, 0xf8, 0x1, 0xff, 0x0, 0x3f, 0xe0,
    0x7, 0xfc, 0x0, 0xff, 0x80, 0x1f, 0xf0, 0x3,
    0xfe, 0x0, 0x7f, 0xc0, 0xf, 0xf8, 0x1, 0xff,
    0x0, 0x3f, 0xe0, 0x7, 0xfc, 0x0, 0xff, 0x80,
    0x1f, 0xf0, 0x3, 0xfe, 0x0, 0x7f, 0xc0, 0xf,
    0xf8, 0x1, 0xff, 0x0, 0x3f, 0xe0, 0x7, 0xfc,
    0x0, 0xff, 0x80, 0x1f, 0xf0, 0x3, 0xff, 0xff,
    0xff, 0xff, 0xff, 0xff, 0xff, 0xff, 0xff, 0xc0,

    /* U+2517 "┗" */
    0xff, 0x80, 0x1f, 0xf0, 0x3, 0xfe, 0x0, 0x7f,
    0xc0, 0xf, 0xf8, 0x1, 0xff, 0x0, 0x3f, 0xe0,
    0x7, 0xfc, 0x0, 0xff, 0x80, 0x1f, 0xf0, 0x3,
    0xfe, 0x0, 0x7f, 0xc0, 0xf, 0xf8, 0x1, 0xff,
    0x0, 0x3f, 0xe0, 0x7, 0xfc, 0x0, 0xff, 0x80,
    0x1f, 0xf0, 0x3, 0xfe, 0x0, 0x7f, 0xc0, 0xf,
    0xf8, 0x1, 0xff, 0x0, 0x3f, 0xe0, 0x7, 0xfc,
    0x0, 0xff, 0xff, 0xff, 0xff, 0xff, 0xff, 0xff,
    0xff, 0xff, 0xff, 0xff, 0xff, 0xff, 0xff, 0xff,
    0xff, 0xff, 0xff, 0xff, 0xff, 0xff, 0xe0,

    /* U+2518 "┘" */
    0x0, 0xf, 0x0, 0xf, 0x0, 0xf, 0x0, 0xf,
    0x0, 0xf, 0x0, 0xf, 0x0, 0xf, 0x0, 0xf,
    0x0, 0xf, 0x0, 0xf, 0x0, 0xf, 0x0, 0xf,
    0x0, 0xf, 0x0, 0xf, 0x0, 0xf, 0x0, 0xf,
    0x0, 0xf, 0x0, 0xf, 0x0, 0xf, 0x0, 0xf,
    0x0, 0xf, 0x0, 0xf, 0x0, 0xf, 0x0, 0xf,
    0x0, 0xf, 0x0, 0xf, 0xff, 0xff, 0xff, 0xff,
    0xff, 0xff, 0xff, 0xff,

    /* U+2519 "┙" */
    0x0, 0xf, 0x0, 0xf, 0x0, 0xf, 0x0, 0xf,
    0x0, 0xf, 0x0, 0xf, 0x0, 0xf, 0x0, 0xf,
    0x0, 0xf, 0x0, 0xf, 0x0, 0xf, 0x0, 0xf,
    0x0, 0xf, 0x0, 0xf, 0x0, 0xf, 0x0, 0xf,
    0x0, 0xf, 0x0, 0xf, 0x0, 0xf, 0x0, 0xf,
    0x0, 0xf, 0x0, 0xf, 0x0, 0xf, 0x0, 0xf,
    0xff, 0xff, 0xff, 0xff, 0xff, 0xff, 0xff, 0xff,
    0xff, 0xff, 0xff, 0xff, 0xff, 0xff, 0xff, 0xff,
    0xff, 0xff,

    /* U+251A "┚" */
    0x0, 0x3f, 0xe0, 0x7, 0xfc, 0x0, 0xff, 0x80,
    0x1f, 0xf0, 0x3, 0xfe, 0x0, 0x7f, 0xc0, 0xf,
    0xf8, 0x1, 0xff, 0x0, 0x3f, 0xe0, 0x7, 0xfc,
    0x0, 0xff, 0x80, 0x1f, 0xf0, 0x3, 0xfe, 0x0,
    0x7f, 0xc0, 0xf, 0xf8, 0x1, 0xff, 0x0, 0x3f,
    0xe0, 0x7, 0xfc, 0x0, 0xff, 0x80, 0x1f, 0xf0,
    0x3, 0xfe, 0x0, 0x7f, 0xc0, 0xf, 0xf8, 0x1,
    0xff, 0x0, 0x3f, 0xe0, 0x7, 0xff, 0xff, 0xff,
    0xff, 0xff, 0xff, 0xff, 0xff, 0xff, 0xff, 0xc0,

    /* U+251B "┛" */
    0x0, 0x3f, 0xe0, 0x7, 0xfc, 0x0, 0xff, 0x80,
    0x1f, 0xf0, 0x3, 0xfe, 0x0, 0x7f, 0xc0, 0xf,
    0xf8, 0x1, 0xff, 0x0, 0x3f, 0xe0, 0x7, 0xfc,
    0x0, 0xff, 0x80, 0x1f, 0xf0, 0x3, 0xfe, 0x0,
    0x7f, 0xc0, 0xf, 0xf8, 0x1, 0xff, 0x0, 0x3f,
    0xe0, 0x7, 0xfc, 0x0, 0xff, 0x80, 0x1f, 0xf0,
    0x3, 0xfe, 0x0, 0x7f, 0xc0, 0xf, 0xf8, 0x1,
    0xff, 0xff, 0xff, 0xff, 0xff, 0xff, 0xff, 0xff,
    0xff, 0xff, 0xff, 0xff, 0xff, 0xff, 0xff, 0xff,
    0xff, 0xff, 0xff, 0xff, 0xff, 0xff, 0xe0,

    /* U+251C "├" */
    0xf0, 0x0, 0xf0, 0x0, 0xf0, 0x0, 0xf0, 0x0,
    0xf0, 0x0, 0xf0, 0x0, 0xf0, 0x0, 0xf0, 0x0,
    0xf0, 0x0, 0xf0, 0x0, 0xf0, 0x0, 0xf0, 0x0,
    0xf0, 0x0, 0xf0, 0x0, 0xf0, 0x0, 0xf0, 0x0,
    0xf0, 0x0, 0xf0, 0x0, 0xf0, 0x0, 0xf0, 0x0,
    0xf0, 0x0, 0xf0, 0x0, 0xf0, 0x0, 0xf0, 0x0,
    0xf0, 0x0, 0xf0, 0x0, 0xff, 0xff, 0xff, 0xff,
    0xff, 0xff, 0xff, 0xff, 0xff, 0xff, 0xf0, 0x0,
    0xf0, 0x0, 0xf0, 0x0, 0xf0, 0x0, 0xf0, 0x0,
    0xf0, 0x0, 0xf0, 0x0, 0xf0, 0x0, 0xf0, 0x0,
    0xf0, 0x0, 0xf0, 0x0, 0xf0, 0x0, 0xf0, 0x0,
    0xf0, 0x0, 0xf0, 0x0, 0xf0, 0x0, 0xf0, 0x0,
    0xf0, 0x0, 0xf0, 0x0, 0xf0, 0x0, 0xf0, 0x0,
    0xf0, 0x0, 0xf0, 0x0, 0xf0, 0x0, 0xf0, 0x0,
    0xf0, 0x0, 0xf0, 0x0,

    /* U+251D "┝" */
    0xf0, 0x0, 0xf0, 0x0, 0xf0, 0x0, 0xf0, 0x0,
    0xf0, 0x0, 0xf0, 0x0, 0xf0, 0x0, 0xf0, 0x0,
    0xf0, 0x0, 0xf0, 0x0, 0xf0, 0x0, 0xf0, 0x0,
    0xf0, 0x0, 0xf0, 0x0, 0xf0, 0x0, 0xf0, 0x0,
    0xf0, 0x0, 0xf0, 0x0, 0xf0, 0x0, 0xf0, 0x0,
    0xf0, 0x0, 0xf0, 0x0, 0xf0, 0x0, 0xf0, 0x0,
    0xff, 0xff, 0xff, 0xff, 0xff, 0xff, 0xff, 0xff,
    0xff, 0xff, 0xff, 0xff, 0xff, 0xff, 0xff, 0xff,
    0xff, 0xff, 0xf0, 0x0, 0xf0, 0x0, 0xf0, 0x0,
    0xf0, 0x0, 0xf0, 0x0, 0xf0, 0x0, 0xf0, 0x0,
    0xf0, 0x0, 0xf0, 0x0, 0xf0, 0x0, 0xf0, 0x0,
    0xf0, 0x0, 0xf0, 0x0, 0xf0, 0x0, 0xf0, 0x0,
    0xf0, 0x0, 0xf0, 0x0, 0xf0, 0x0, 0xf0, 0x0,
    0xf0, 0x0, 0xf0, 0x0, 0xf0, 0x0, 0xf0, 0x0,
    0xf0, 0x0, 0xf0, 0x0,

    /* U+251E "┞" */
    0xff, 0x80, 0x1f, 0xf0, 0x3, 0xfe, 0x0, 0x7f,
    0xc0, 0xf, 0xf8, 0x1, 0xff, 0x0, 0x3f, 0xe0,
    0x7, 0xfc, 0x0, 0xff, 0x80, 0x1f, 0xf0, 0x3,
    0xfe, 0x0, 0x7f, 0xc0, 0xf, 0xf8, 0x1, 0xff,
    0x0, 0x3f, 0xe0, 0x7, 0xfc, 0x0, 0xff, 0x80,
    0x1f, 0xf0, 0x3, 0xfe, 0x0, 0x7f, 0xc0, 0xf,
    0xf8, 0x1, 0xff, 0x0, 0x3f, 0xe0, 0x7, 0xfc,
    0x0, 0xff, 0x80, 0x1f, 0xf0, 0x3, 0xfe, 0x0,
    0x7f, 0xff, 0xff, 0xff, 0xff, 0xff, 0xff, 0xff,
    0xff, 0xf9, 0xf0, 0x0, 0x3e, 0x0, 0x7, 0xc0,
    0x0, 0xf8, 0x0, 0x1f, 0x0, 0x3, 0xe0, 0x0,
    0x7c, 0x0, 0xf, 0x80, 0x1, 0xf0, 0x0, 0x3e,
    0x0, 0x7, 0xc0, 0x0, 0xf8, 0x0, 0x1f, 0x0,
    0x3, 0xe0, 0x0, 0x7c, 0x0, 0xf, 0x80, 0x1,
    0xf0, 0x0, 0x3e, 0x0, 0x7, 0xc0, 0x0, 0xf8,
    0x0, 0x1f, 0x0, 0x3, 0xe0, 0x0, 0x7c, 0x0,
    0xf, 0x80, 0x1, 0xf0, 0x0, 0x3e, 0x0, 0x7,
    0xc0, 0x0,

    /* U+251F "┟" */
    0x3e, 0x0, 0x7, 0xc0, 0x0, 0xf8, 0x0, 0x1f,
    0x0, 0x3, 0xe0, 0x0, 0x7c, 0x0, 0xf, 0x80,
    0x1, 0xf0, 0x0, 0x3e, 0x0, 0x7, 0xc0, 0x0,
    0xf8, 0x0, 0x1f, 0x0, 0x3, 0xe0, 0x0, 0x7c,
    0x0, 0xf, 0x80, 0x1, 0xf0, 0x0, 0x3e, 0x0,
    0x7, 0xc0, 0x0, 0xf8, 0x0, 0x1f, 0x0, 0x3,
    0xe0, 0x0, 0x7c, 0x0, 0xf, 0x80, 0x1, 0xf0,
    0x0, 0x3e, 0x0, 0x7, 0xc0, 0x3, 0xff, 0xff,
    0xff, 0xff, 0xff, 0xff, 0xff, 0xff, 0xff, 0xff,
    0xe0, 0x7, 0xfc, 0x0, 0xff, 0x80, 0x1f, 0xf0,
    0x3, 0xfe, 0x0, 0x7f, 0xc0, 0xf, 0xf8, 0x1,
    0xff, 0x0, 0x3f, 0xe0, 0x7, 0xfc, 0x0, 0xff,
    0x80, 0x1f, 0xf0, 0x3, 0xfe, 0x0, 0x7f, 0xc0,
    0xf, 0xf8, 0x1, 0xff, 0x0, 0x3f, 0xe0, 0x7,
    0xfc, 0x0, 0xff, 0x80, 0x1f, 0xf0, 0x3, 0xfe,
    0x0, 0x7f, 0xc0, 0xf, 0xf8, 0x1, 0xff, 0x0,
    0x3f, 0xe0, 0x7, 0xfc, 0x0, 0xff, 0x80, 0x0,

    /* U+2520 "┠" */
    0xff, 0x80, 0x1f, 0xf0, 0x3, 0xfe, 0x0, 0x7f,
    0xc0, 0xf, 0xf8, 0x1, 0xff, 0x0, 0x3f, 0xe0,
    0x7, 0xfc, 0x0, 0xff, 0x80, 0x1f, 0xf0, 0x3,
    0xfe, 0x0, 0x7f, 0xc0, 0xf, 0xf8, 0x1, 0xff,
    0x0, 0x3f, 0xe0, 0x7, 0xfc, 0x0, 0xff, 0x80,
    0x1f, 0xf0, 0x3, 0xfe, 0x0, 0x7f, 0xc0, 0xf,
    0xf8, 0x1, 0xff, 0x0, 0x3f, 0xe0, 0x7, 0xfc,
    0x0, 0xff, 0x80, 0x1f, 0xf0, 0x3, 0xff, 0xff,
    0xff, 0xff, 0xff, 0xff, 0xff, 0xff, 0xff, 0xff,
    0xff, 0xff, 0xfc, 0x0, 0xff, 0x80, 0x1f, 0xf0,
    0x3, 0xfe, 0x0, 0x7f, 0xc0, 0xf, 0xf8, 0x1,
    0xff, 0x0, 0x3f, 0xe0, 0x7, 0xfc, 0x0, 0xff,
    0x80, 0x1f, 0xf0, 0x3, 0xfe, 0x0, 0x7f, 0xc0,
    0xf, 0xf8, 0x1, 0xff, 0x0, 0x3f, 0xe0, 0x7,
    0xfc, 0x0, 0xff, 0x80, 0x1f, 0xf0, 0x3, 0xfe,
    0x0, 0x7f, 0xc0, 0xf, 0xf8, 0x1, 0xff, 0x0,
    0x3f, 0xe0, 0x7, 0xfc, 0x0, 0xff, 0x80, 0x1f,
    0xf0, 0x0,

    /* U+2521 "┡" */
    0xff, 0x80, 0x1f, 0xf0, 0x3, 0xfe, 0x0, 0x7f,
    0xc0, 0xf, 0xf8, 0x1, 0xff, 0x0, 0x3f, 0xe0,
    0x7, 0xfc, 0x0, 0xff, 0x80, 0x1f, 0xf0, 0x3,
    0xfe, 0x0, 0x7f, 0xc0, 0xf, 0xf8, 0x1, 0xff,
    0x0, 0x3f, 0xe0, 0x7, 0xfc, 0x0, 0xff, 0x80,
    0x1f, 0xf0, 0x3, 0xfe, 0x0, 0x7f, 0xc0, 0xf,
    0xf8, 0x1, 0xff, 0x0, 0x3f, 0xe0, 0x7, 0xfc,
    0x0, 0xff, 0xff, 0xff, 0xff, 0xff, 0xff, 0xff,
    0xff, 0xff, 0xff, 0xff, 0xff, 0xff, 0xff, 0xff,
    0xff, 0xff, 0xff, 0xff, 0xff, 0xff, 0xe7, 0xc0,
    0x0, 0xf8, 0x0, 0x1f, 0x0, 0x3, 0xe0, 0x0,
    0x7c, 0x0, 0xf, 0x80, 0x1, 0xf0, 0x0, 0x3e,
    0x0, 0x7, 0xc0, 0x0, 0xf8, 0x0, 0x1f, 0x0,
    0x3, 0xe0, 0x0, 0x7c, 0x0, 0xf, 0x80, 0x1,
    0xf0, 0x0, 0x3e, 0x0, 0x7, 0xc0, 0x0, 0xf8,
    0x0, 0x1f, 0x0, 0x3, 0xe0, 0x0, 0x7c, 0x0,
    0xf, 0x80, 0x1, 0xf0, 0x0, 0x3e, 0x0, 0x7,
    0xc0, 0x0,

    /* U+2522 "┢" */
    0x3e, 0x0, 0x7, 0xc0, 0x0, 0xf8, 0x0, 0x1f,
    0x0, 0x3, 0xe0, 0x0, 0x7c, 0x0, 0xf, 0x80,
    0x1, 0xf0, 0x0, 0x3e, 0x0, 0x7, 0xc0, 0x0,
    0xf8, 0x0, 0x1f, 0x0, 0x3, 0xe0, 0x0, 0x7c,
    0x0, 0xf, 0x80, 0x1, 0xf0, 0x0, 0x3e, 0x0,
    0x7, 0xc0, 0x0, 0xf8, 0x0, 0x1f, 0x0, 0x3,
    0xe0, 0x0, 0x7c, 0x0, 0xf, 0x80, 0x1, 0xf0,
    0x0, 0xff, 0xff, 0xff, 0xff, 0xff, 0xff, 0xff,
    0xff, 0xff, 0xff, 0xff, 0xff, 0xff, 0xff, 0xff,
    0xff, 0xff, 0xff, 0xff, 0xff, 0xff, 0xff, 0xf0,
    0x3, 0xfe, 0x0, 0x7f, 0xc0, 0xf, 0xf8, 0x1,
    0xff, 0x0, 0x3f, 0xe0, 0x7, 0xfc, 0x0, 0xff,
    0x80, 0x1f, 0xf0, 0x3, 0xfe, 0x0, 0x7f, 0xc0,
    0xf, 0xf8, 0x1, 0xff, 0x0, 0x3f, 0xe0, 0x7,
    0xfc, 0x0, 0xff, 0x80, 0x1f, 0xf0, 0x3, 0xfe,
    0x0, 0x7f, 0xc0, 0xf, 0xf8, 0x1, 0xff, 0x0,
    0x3f, 0xe0, 0x7, 0xfc, 0x0, 0xff, 0x80, 0x1f,
    0xf0, 0x0,

    /* U+2523 "┣" */
    0xff, 0x80, 0x1f, 0xf0, 0x3, 0xfe, 0x0, 0x7f,
    0xc0, 0xf, 0xf8, 0x1, 0xff, 0x0, 0x3f, 0xe0,
    0x7, 0xfc, 0x0, 0xff, 0x80, 0x1f, 0xf0, 0x3,
    0xfe, 0x0, 0x7f, 0xc0, 0xf, 0xf8, 0x1, 0xff,
    0x0, 0x3f, 0xe0, 0x7, 0xfc, 0x0, 0xff, 0x80,
    0x1f, 0xf0, 0x3, 0xfe, 0x0, 0x7f, 0xc0, 0xf,
    0xf8, 0x1, 0xff, 0x0, 0x3f, 0xe0, 0x7, 0xfc,
    0x0, 0xff, 0xff, 0xff, 0xff, 0xff, 0xff, 0xff,
    0xff, 0xff, 0xff, 0xff, 0xff, 0xff, 0xff, 0xff,
    0xff, 0xff, 0xff, 0xff, 0xff, 0xff, 0xff, 0xf0,
    0x3, 0xfe, 0x0, 0x7f, 0xc0, 0xf, 0xf8, 0x1,
    0xff, 0x0, 0x3f, 0xe0, 0x7, 0xfc, 0x0, 0xff,
    0x80, 0x1f, 0xf0, 0x3, 0xfe, 0x0, 0x7f, 0xc0,
    0xf, 0xf8, 0x1, 0xff, 0x0, 0x3f, 0xe0, 0x7,
    0xfc, 0x0, 0xff, 0x80, 0x1f, 0xf0, 0x3, 0xfe,
    0x0, 0x7f, 0xc0, 0xf, 0xf8, 0x1, 0xff, 0x0,
    0x3f, 0xe0, 0x7, 0xfc, 0x0, 0xff, 0x80, 0x1f,
    0xf0, 0x0,

    /* U+2524 "┤" */
    0x0, 0xf, 0x0, 0xf, 0x0, 0xf, 0x0, 0xf,
    0x0, 0xf, 0x0, 0xf, 0x0, 0xf, 0x0, 0xf,
    0x0, 0xf, 0x0, 0xf, 0x0, 0xf, 0x0, 0xf,
    0x0, 0xf, 0x0, 0xf, 0x0, 0xf, 0x0, 0xf,
    0x0, 0xf, 0x0, 0xf, 0x0, 0xf, 0x0, 0xf,
    0x0, 0xf, 0x0, 0xf, 0x0, 0xf, 0x0, 0xf,
    0x0, 0xf, 0x0, 0xf, 0xff, 0xff, 0xff, 0xff,
    0xff, 0xff, 0xff, 0xff, 0xff, 0xff, 0x0, 0xf,
    0x0, 0xf, 0x0, 0xf, 0x0, 0xf, 0x0, 0xf,
    0x0, 0xf, 0x0, 0xf, 0x0, 0xf, 0x0, 0xf,
    0x0, 0xf, 0x0, 0xf, 0x0, 0xf, 0x0, 0xf,
    0x0, 0xf, 0x0, 0xf, 0x0, 0xf, 0x0, 0xf,
    0x0, 0xf, 0x0, 0xf, 0x0, 0xf, 0x0, 0xf,
    0x0, 0xf, 0x0, 0xf, 0x0, 0xf, 0x0, 0xf,
    0x0, 0xf, 0x0, 0xf,

    /* U+2525 "┥" */
    0x0, 0xf, 0x0, 0xf, 0x0, 0xf, 0x0, 0xf,
    0x0, 0xf, 0x0, 0xf, 0x0, 0xf, 0x0, 0xf,
    0x0, 0xf, 0x0, 0xf, 0x0, 0xf, 0x0, 0xf,
    0x0, 0xf, 0x0, 0xf, 0x0, 0xf, 0x0, 0xf,
    0x0, 0xf, 0x0, 0xf, 0x0, 0xf, 0x0, 0xf,
    0x0, 0xf, 0x0, 0xf, 0x0, 0xf, 0x0, 0xf,
    0xff, 0xff, 0xff, 0xff, 0xff, 0xff, 0xff, 0xff,
    0xff, 0xff, 0xff, 0xff, 0xff, 0xff, 0xff, 0xff,
    0xff, 0xff, 0x0, 0xf, 0x0, 0xf, 0x0, 0xf,
    0x0, 0xf, 0x0, 0xf, 0x0, 0xf, 0x0, 0xf,
    0x0, 0xf, 0x0, 0xf, 0x0, 0xf, 0x0, 0xf,
    0x0, 0xf, 0x0, 0xf, 0x0, 0xf, 0x0, 0xf,
    0x0, 0xf, 0x0, 0xf, 0x0, 0xf, 0x0, 0xf,
    0x0, 0xf, 0x0, 0xf, 0x0, 0xf, 0x0, 0xf,
    0x0, 0xf, 0x0, 0xf,

    /* U+2526 "┦" */
    0x0, 0x3f, 0xe0, 0x7, 0xfc, 0x0, 0xff, 0x80,
    0x1f, 0xf0, 0x3, 0xfe, 0x0, 0x7f, 0xc0, 0xf,
    0xf8, 0x1, 0xff, 0x0, 0x3f, 0xe0, 0x7, 0xfc,
    0x0, 0xff, 0x80, 0x1f, 0xf0, 0x3, 0xfe, 0x0,
    0x7f, 0xc0, 0xf, 0xf8, 0x1, 0xff, 0x0, 0x3f,
    0xe0, 0x7, 0xfc, 0x0, 0xff, 0x80, 0x1f, 0xf0,
    0x3, 0xfe, 0x0, 0x7f, 0xc0, 0xf, 0xf8, 0x1,
    0xff, 0x0, 0x3f, 0xe0, 0x7, 0xff, 0xff, 0xff,
    0xff, 0xff, 0xff, 0xff, 0xff, 0xff, 0xff, 0xc0,
    0x3, 0xe0, 0x0, 0x7c, 0x0, 0xf, 0x80, 0x1,
    0xf0, 0x0, 0x3e, 0x0, 0x7, 0xc0, 0x0, 0xf8,
    0x0, 0x1f, 0x0, 0x3, 0xe0, 0x0, 0x7c, 0x0,
    0xf, 0x80, 0x1, 0xf0, 0x0, 0x3e, 0x0, 0x7,
    0xc0, 0x0, 0xf8, 0x0, 0x1f, 0x0, 0x3, 0xe0,
    0x0, 0x7c, 0x0, 0xf, 0x80, 0x1, 0xf0, 0x0,
    0x3e, 0x0, 0x7, 0xc0, 0x0, 0xf8, 0x0, 0x1f,
    0x0, 0x3, 0xe0, 0x0, 0x7c, 0x0, 0xf, 0x80,

    /* U+2527 "┧" */
    0x0, 0xf, 0x80, 0x1, 0xf0, 0x0, 0x3e, 0x0,
    0x7, 0xc0, 0x0, 0xf8, 0x0, 0x1f, 0x0, 0x3,
    0xe0, 0x0, 0x7c, 0x0, 0xf, 0x80, 0x1, 0xf0,
    0x0, 0x3e, 0x0, 0x7, 0xc0, 0x0, 0xf8, 0x0,
    0x1f, 0x0, 0x3, 0xe0, 0x0, 0x7c, 0x0, 0xf,
    0x80, 0x1, 0xf0, 0x0, 0x3e, 0x0, 0x7, 0xc0,
    0x0, 0xf8, 0x0, 0x1f, 0x0, 0x3, 0xe0, 0x0,
    0x7c, 0x0, 0xf, 0x80, 0x1, 0xf3, 0xff, 0xff,
    0xff, 0xff, 0xff, 0xff, 0xff, 0xff, 0xff, 0xc0,
    0xf, 0xf8, 0x1, 0xff, 0x0, 0x3f, 0xe0, 0x7,
    0xfc, 0x0, 0xff, 0x80, 0x1f, 0xf0, 0x3, 0xfe,
    0x0, 0x7f, 0xc0, 0xf, 0xf8, 0x1, 0xff, 0x0,
    0x3f, 0xe0, 0x7, 0xfc, 0x0, 0xff, 0x80, 0x1f,
    0xf0, 0x3, 0xfe, 0x0, 0x7f, 0xc0, 0xf, 0xf8,
    0x1, 0xff, 0x0, 0x3f, 0xe0, 0x7, 0xfc, 0x0,
    0xff, 0x80, 0x1f, 0xf0, 0x3, 0xfe, 0x0, 0x7f,
    0xc0, 0xf, 0xf8, 0x1, 0xff, 0x0, 0x3f, 0xe0,

    /* U+2528 "┨" */
    0x0, 0x3f, 0xe0, 0x7, 0xfc, 0x0, 0xff, 0x80,
    0x1f, 0xf0, 0x3, 0xfe, 0x0, 0x7f, 0xc0, 0xf,
    0xf8, 0x1, 0xff, 0x0, 0x3f, 0xe0, 0x7, 0xfc,
    0x0, 0xff, 0x80, 0x1f, 0xf0, 0x3, 0xfe, 0x0,
    0x7f, 0xc0, 0xf, 0xf8, 0x1, 0xff, 0x0, 0x3f,
    0xe0, 0x7, 0xfc, 0x0, 0xff, 0x80, 0x1f, 0xf0,
    0x3, 0xfe, 0x0, 0x7f, 0xc0, 0xf, 0xf8, 0x1,
    0xff, 0x0, 0x3f, 0xe0, 0x7, 0xff, 0xff, 0xff,
    0xff, 0xff, 0xff, 0xff, 0xff, 0xff, 0xff, 0xff,
    0xff, 0xf8, 0x1, 0xff, 0x0, 0x3f, 0xe0, 0x7,
    0xfc, 0x0, 0xff, 0x80, 0x1f, 0xf0, 0x3, 0xfe,
    0x0, 0x7f, 0xc0, 0xf, 0xf8, 0x1, 0xff, 0x0,
    0x3f, 0xe0, 0x7, 0xfc, 0x0, 0xff, 0x80, 0x1f,
    0xf0, 0x3, 0xfe, 0x0, 0x7f, 0xc0, 0xf, 0xf8,
    0x1, 0xff, 0x0, 0x3f, 0xe0, 0x7, 0xfc, 0x0,
    0xff, 0x80, 0x1f, 0xf0, 0x3, 0xfe, 0x0, 0x7f,
    0xc0, 0xf, 0xf8, 0x1, 0xff, 0x0, 0x3f, 0xe0,
    0x7, 0xfc,

    /* U+2529 "┩" */
    0x0, 0x3f, 0xe0, 0x7, 0xfc, 0x0, 0xff, 0x80,
    0x1f, 0xf0, 0x3, 0xfe, 0x0, 0x7f, 0xc0, 0xf,
    0xf8, 0x1, 0xff, 0x0, 0x3f, 0xe0, 0x7, 0xfc,
    0x0, 0xff, 0x80, 0x1f, 0xf0, 0x3, 0xfe, 0x0,
    0x7f, 0xc0, 0xf, 0xf8, 0x1, 0xff, 0x0, 0x3f,
    0xe0, 0x7, 0xfc, 0x0, 0xff, 0x80, 0x1f, 0xf0,
    0x3, 0xfe, 0x0, 0x7f, 0xc0, 0xf, 0xf8, 0x1,
    0xff, 0xff, 0xff, 0xff, 0xff, 0xff, 0xff, 0xff,
    0xff, 0xff, 0xff, 0xff, 0xff, 0xff, 0xff, 0xff,
    0xff, 0xff, 0xff, 0xff, 0xff, 0xff, 0xe0, 0x1,
    0xf0, 0x0, 0x3e, 0x0, 0x7, 0xc0, 0x0, 0xf8,
    0x0, 0x1f, 0x0, 0x3, 0xe0, 0x0, 0x7c, 0x0,
    0xf, 0x80, 0x1, 0xf0, 0x0, 0x3e, 0x0, 0x7,
    0xc0, 0x0, 0xf8, 0x0, 0x1f, 0x0, 0x3, 0xe0,
    0x0, 0x7c, 0x0, 0xf, 0x80, 0x1, 0xf0, 0x0,
    0x3e, 0x0, 0x7, 0xc0, 0x0, 0xf8, 0x0, 0x1f,
    0x0, 0x3, 0xe0, 0x0, 0x7c, 0x0, 0xf, 0x80,
    0x1, 0xf0,

    /* U+252A "┪" */
    0x0, 0xf, 0x80, 0x1, 0xf0, 0x0, 0x3e, 0x0,
    0x7, 0xc0, 0x0, 0xf8, 0x0, 0x1f, 0x0, 0x3,
    0xe0, 0x0, 0x7c, 0x0, 0xf, 0x80, 0x1, 0xf0,
    0x0, 0x3e, 0x0, 0x7, 0xc0, 0x0, 0xf8, 0x0,
    0x1f, 0x0, 0x3, 0xe0, 0x0, 0x7c, 0x0, 0xf,
    0x80, 0x1, 0xf0, 0x0, 0x3e, 0x0, 0x7, 0xc0,
    0x0, 0xf8, 0x0, 0x1f, 0x0, 0x3, 0xe0, 0x0,
    0x7c, 0xff, 0xff, 0xff, 0xff, 0xff, 0xff, 0xff,
    0xff, 0xff, 0xff, 0xff, 0xff, 0xff, 0xff, 0xff,
    0xff, 0xff, 0xff, 0xff, 0xff, 0xff, 0xe0, 0x7,
    0xfc, 0x0, 0xff, 0x80, 0x1f, 0xf0, 0x3, 0xfe,
    0x0, 0x7f, 0xc0, 0xf, 0xf8, 0x1, 0xff, 0x0,
    0x3f, 0xe0, 0x7, 0xfc, 0x0, 0xff, 0x80, 0x1f,
    0xf0, 0x3, 0xfe, 0x0, 0x7f, 0xc0, 0xf, 0xf8,
    0x1, 0xff, 0x0, 0x3f, 0xe0, 0x7, 0xfc, 0x0,
    0xff, 0x80, 0x1f, 0xf0, 0x3, 0xfe, 0x0, 0x7f,
    0xc0, 0xf, 0xf8, 0x1, 0xff, 0x0, 0x3f, 0xe0,
    0x7, 0xfc,

    /* U+252B "┫" */
    0x0, 0x3f, 0xe0, 0x7, 0xfc, 0x0, 0xff, 0x80,
    0x1f, 0xf0, 0x3, 0xfe, 0x0, 0x7f, 0xc0, 0xf,
    0xf8, 0x1, 0xff, 0x0, 0x3f, 0xe0, 0x7, 0xfc,
    0x0, 0xff, 0x80, 0x1f, 0xf0, 0x3, 0xfe, 0x0,
    0x7f, 0xc0, 0xf, 0xf8, 0x1, 0xff, 0x0, 0x3f,
    0xe0, 0x7, 0xfc, 0x0, 0xff, 0x80, 0x1f, 0xf0,
    0x3, 0xfe, 0x0, 0x7f, 0xc0, 0xf, 0xf8, 0x1,
    0xff, 0xff, 0xff, 0xff, 0xff, 0xff, 0xff, 0xff,
    0xff, 0xff, 0xff, 0xff, 0xff, 0xff, 0xff, 0xff,
    0xff, 0xff, 0xff, 0xff, 0xff, 0xff, 0xe0, 0x7,
    0xfc, 0x0, 0xff, 0x80, 0x1f, 0xf0, 0x3, 0xfe,
    0x0, 0x7f, 0xc0, 0xf, 0xf8, 0x1, 0xff, 0x0,
    0x3f, 0xe0, 0x7, 0xfc, 0x0, 0xff, 0x80, 0x1f,
    0xf0, 0x3, 0xfe, 0x0, 0x7f, 0xc0, 0xf, 0xf8,
    0x1, 0xff, 0x0, 0x3f, 0xe0, 0x7, 0xfc, 0x0,
    0xff, 0x80, 0x1f, 0xf0, 0x3, 0xfe, 0x0, 0x7f,
    0xc0, 0xf, 0xf8, 0x1, 0xff, 0x0, 0x3f, 0xe0,
    0x7, 0xfc,

    /* U+252C "┬" */
    0xff, 0xff, 0xff, 0xff, 0xff, 0xff, 0xff, 0xff,
    0xff, 0xff, 0xff, 0xff, 0xff, 0xff, 0x0, 0xf,
    0x0, 0x0, 0x0, 0xf0, 0x0, 0x0, 0xf, 0x0,
    0x0, 0x0, 0xf0, 0x0, 0x0, 0xf, 0x0, 0x0,
    0x0, 0xf0, 0x0, 0x0, 0xf, 0x0, 0x0, 0x0,
    0xf0, 0x0, 0x0, 0xf, 0x0, 0x0, 0x0, 0xf0,
    0x0, 0x0, 0xf, 0x0, 0x0, 0x0, 0xf0, 0x0,
    0x0, 0xf, 0x0, 0x0, 0x0, 0xf0, 0x0, 0x0,
    0xf, 0x0, 0x0, 0x0, 0xf0, 0x0, 0x0, 0xf,
    0x0, 0x0, 0x0, 0xf0, 0x0, 0x0, 0xf, 0x0,
    0x0, 0x0, 0xf0, 0x0, 0x0, 0xf, 0x0, 0x0,
    0x0, 0xf0, 0x0, 0x0, 0xf, 0x0, 0x0, 0x0,
    0xf0, 0x0, 0x0, 0xf, 0x0, 0x0, 0x0, 0xf0,
    0x0, 0x0, 0xf, 0x0, 0x0,

    /* U+252D "┭" */
    0xff, 0xff, 0x0, 0xf, 0xff, 0xf0, 0x0, 0xff,
    0xff, 0xff, 0xff, 0xff, 0xff, 0xff, 0xff, 0xff,
    0xff, 0xff, 0xff, 0xff, 0xff, 0xff, 0xff, 0xff,
    0xff, 0xff, 0xf0, 0x0, 0xff, 0xff, 0x0, 0x0,
    0x0, 0xf0, 0x0, 0x0, 0xf, 0x0, 0x0, 0x0,
    0xf0, 0x0, 0x0, 0xf, 0x0, 0x0, 0x0, 0xf0,
    0x0, 0x0, 0xf, 0x0, 0x0, 0x0, 0xf0, 0x0,
    0x0, 0xf, 0x0, 0x0, 0x0, 0xf0, 0x0, 0x0,
    0xf, 0x0, 0x0, 0x0, 0xf0, 0x0, 0x0, 0xf,
    0x0, 0x0, 0x0, 0xf0, 0x0, 0x0, 0xf, 0x0,
    0x0, 0x0, 0xf0, 0x0, 0x0, 0xf, 0x0, 0x0,
    0x0, 0xf0, 0x0, 0x0, 0xf, 0x0, 0x0, 0x0,
    0xf0, 0x0, 0x0, 0xf, 0x0, 0x0, 0x0, 0xf0,
    0x0, 0x0, 0xf, 0x0, 0x0, 0x0, 0xf0, 0x0,
    0x0, 0xf, 0x0, 0x0, 0x0, 0xf0, 0x0,

    /* U+252E "┮" */
    0x0, 0xf, 0xff, 0xf0, 0x0, 0xff, 0xff, 0xff,
    0xff, 0xff, 0xff, 0xff, 0xff, 0xff, 0xff, 0xff,
    0xff, 0xff, 0xff, 0xff, 0xff, 0xff, 0xff, 0xff,
    0xf0, 0x0, 0xff, 0xff, 0x0, 0xf, 0xff, 0xf0,
    0x0, 0xf0, 0x0, 0x0, 0xf, 0x0, 0x0, 0x0,
    0xf0, 0x0, 0x0, 0xf, 0x0, 0x0, 0x0, 0xf0,
    0x0, 0x0, 0xf, 0x0, 0x0, 0x0, 0xf0, 0x0,
    0x0, 0xf, 0x0, 0x0, 0x0, 0xf0, 0x0, 0x0,
    0xf, 0x0, 0x0, 0x0, 0xf0, 0x0, 0x0, 0xf,
    0x0, 0x0, 0x0, 0xf0, 0x0, 0x0, 0xf, 0x0,
    0x0, 0x0, 0xf0, 0x0, 0x0, 0xf, 0x0, 0x0,
    0x0, 0xf0, 0x0, 0x0, 0xf, 0x0, 0x0, 0x0,
    0xf0, 0x0, 0x0, 0xf, 0x0, 0x0, 0x0, 0xf0,
    0x0, 0x0, 0xf, 0x0, 0x0, 0x0, 0xf0, 0x0,
    0x0, 0xf, 0x0, 0x0, 0x0, 0xf0, 0x0,

    /* U+252F "┯" */
    0xff, 0xff, 0xff, 0xff, 0xff, 0xff, 0xff, 0xff,
    0xff, 0xff, 0xff, 0xff, 0xff, 0xff, 0xff, 0xff,
    0xff, 0xff, 0xff, 0xff, 0xff, 0xff, 0xff, 0xff,
    0xff, 0xff, 0xff, 0xff, 0xff, 0xff, 0xff, 0xf0,
    0x0, 0xf0, 0x0, 0x0, 0xf, 0x0, 0x0, 0x0,
    0xf0, 0x0, 0x0, 0xf, 0x0, 0x0, 0x0, 0xf0,
    0x0, 0x0, 0xf, 0x0, 0x0, 0x0, 0xf0, 0x0,
    0x0, 0xf, 0x0, 0x0, 0x0, 0xf0, 0x0, 0x0,
    0xf, 0x0, 0x0, 0x0, 0xf0, 0x0, 0x0, 0xf,
    0x0, 0x0, 0x0, 0xf0, 0x0, 0x0, 0xf, 0x0,
    0x0, 0x0, 0xf0, 0x0, 0x0, 0xf, 0x0, 0x0,
    0x0, 0xf0, 0x0, 0x0, 0xf, 0x0, 0x0, 0x0,
    0xf0, 0x0, 0x0, 0xf, 0x0, 0x0, 0x0, 0xf0,
    0x0, 0x0, 0xf, 0x0, 0x0, 0x0, 0xf0, 0x0,
    0x0, 0xf, 0x0, 0x0, 0x0, 0xf0, 0x0,

    /* U+2530 "┰" */
    0xff, 0xff, 0xff, 0xff, 0xff, 0xff, 0xff, 0xff,
    0xff, 0xff, 0xff, 0xff, 0xff, 0xff, 0x0, 0x3f,
    0xc0, 0x0, 0x3, 0xfc, 0x0, 0x0, 0x3f, 0xc0,
    0x0, 0x3, 0xfc, 0x0, 0x0, 0x3f, 0xc0, 0x0,
    0x3, 0xfc, 0x0, 0x0, 0x3f, 0xc0, 0x0, 0x3,
    0xfc, 0x0, 0x0, 0x3f, 0xc0, 0x0, 0x3, 0xfc,
    0x0, 0x0, 0x3f, 0xc0, 0x0, 0x3, 0xfc, 0x0,
    0x0, 0x3f, 0xc0, 0x0, 0x3, 0xfc, 0x0, 0x0,
    0x3f, 0xc0, 0x0, 0x3, 0xfc, 0x0, 0x0, 0x3f,
    0xc0, 0x0, 0x3, 0xfc, 0x0, 0x0, 0x3f, 0xc0,
    0x0, 0x3, 0xfc, 0x0, 0x0, 0x3f, 0xc0, 0x0,
    0x3, 0xfc, 0x0, 0x0, 0x3f, 0xc0, 0x0, 0x3,
    0xfc, 0x0, 0x0, 0x3f, 0xc0, 0x0, 0x3, 0xfc,
    0x0, 0x0, 0x3f, 0xc0, 0x0,

    /* U+2531 "┱" */
    0xff, 0xff, 0xc0, 0xf, 0xff, 0xfc, 0x0, 0xff,
    0xff, 0xff, 0xff, 0xff, 0xff, 0xff, 0xff, 0xff,
    0xff, 0xff, 0xff, 0xff, 0xff, 0xff, 0xff, 0xff,
    0xff, 0xff, 0xfc, 0x0, 0xff, 0xff, 0xc0, 0x0,
    0x7, 0xfc, 0x0, 0x0, 0x7f, 0xc0, 0x0, 0x7,
    0xfc, 0x0, 0x0, 0x7f, 0xc0, 0x0, 0x7, 0xfc,
    0x0, 0x0, 0x7f, 0xc0, 0x0, 0x7, 0xfc, 0x0,
    0x0, 0x7f, 0xc0, 0x0, 0x7, 0xfc, 0x0, 0x0,
    0x7f, 0xc0, 0x0, 0x7, 0xfc, 0x0, 0x0, 0x7f,
    0xc0, 0x0, 0x7, 0xfc, 0x0, 0x0, 0x7f, 0xc0,
    0x0, 0x7, 0xfc, 0x0, 0x0, 0x7f, 0xc0, 0x0,
    0x7, 0xfc, 0x0, 0x0, 0x7f, 0xc0, 0x0, 0x7,
    0xfc, 0x0, 0x0, 0x7f, 0xc0, 0x0, 0x7, 0xfc,
    0x0, 0x0, 0x7f, 0xc0, 0x0, 0x7, 0xfc, 0x0,
    0x0, 0x7f, 0xc0, 0x0, 0x7, 0xfc, 0x0,

    /* U+2532 "┲" */
    0x0, 0x3f, 0xff, 0xf8, 0x1, 0xff, 0xff, 0xff,
    0xff, 0xff, 0xff, 0xff, 0xff, 0xff, 0xff, 0xff,
    0xff, 0xff, 0xff, 0xff, 0xff, 0xff, 0xff, 0xff,
    0xff, 0xe0, 0x7, 0xff, 0xff, 0x0, 0x3f, 0xff,
    0xf8, 0x1, 0xff, 0x0, 0x0, 0xf, 0xf8, 0x0,
    0x0, 0x7f, 0xc0, 0x0, 0x3, 0xfe, 0x0, 0x0,
    0x1f, 0xf0, 0x0, 0x0, 0xff, 0x80, 0x0, 0x7,
    0xfc, 0x0, 0x0, 0x3f, 0xe0, 0x0, 0x1, 0xff,
    0x0, 0x0, 0xf, 0xf8, 0x0, 0x0, 0x7f, 0xc0,
    0x0, 0x3, 0xfe, 0x0, 0x0, 0x1f, 0xf0, 0x0,
    0x0, 0xff, 0x80, 0x0, 0x7, 0xfc, 0x0, 0x0,
    0x3f, 0xe0, 0x0, 0x1, 0xff, 0x0, 0x0, 0xf,
    0xf8, 0x0, 0x0, 0x7f, 0xc0, 0x0, 0x3, 0xfe,
    0x0, 0x0, 0x1f, 0xf0, 0x0, 0x0, 0xff, 0x80,
    0x0, 0x7, 0xfc, 0x0, 0x0, 0x3f, 0xe0, 0x0,
    0x1, 0xff, 0x0, 0x0,

    /* U+2533 "┳" */
    0xff, 0xff, 0xff, 0xff, 0xff, 0xff, 0xff, 0xff,
    0xff, 0xff, 0xff, 0xff, 0xff, 0xff, 0xff, 0xff,
    0xff, 0xff, 0xff, 0xff, 0xff, 0xff, 0xff, 0xff,
    0xff, 0xff, 0xff, 0xff, 0xff, 0xff, 0xff, 0xf0,
    0x3, 0xfc, 0x0, 0x0, 0x3f, 0xc0, 0x0, 0x3,
    0xfc, 0x0, 0x0, 0x3f, 0xc0, 0x0, 0x3, 0xfc,
    0x0, 0x0, 0x3f, 0xc0, 0x0, 0x3, 0xfc, 0x0,
    0x0, 0x3f, 0xc0, 0x0, 0x3, 0xfc, 0x0, 0x0,
    0x3f, 0xc0, 0x0, 0x3, 0xfc, 0x0, 0x0, 0x3f,
    0xc0, 0x0, 0x3, 0xfc, 0x0, 0x0, 0x3f, 0xc0,
    0x0, 0x3, 0xfc, 0x0, 0x0, 0x3f, 0xc0, 0x0,
    0x3, 0xfc, 0x0, 0x0, 0x3f, 0xc0, 0x0, 0x3,
    0xfc, 0x0, 0x0, 0x3f, 0xc0, 0x0, 0x3, 0xfc,
    0x0, 0x0, 0x3f, 0xc0, 0x0, 0x3, 0xfc, 0x0,
    0x0, 0x3f, 0xc0, 0x0, 0x3, 0xfc, 0x0,

    /* U+2534 "┴" */
    0x0, 0xf, 0x0, 0x0, 0x0, 0xf0, 0x0, 0x0,
    0xf, 0x0, 0x0, 0x0, 0xf0, 0x0, 0x0, 0xf,
    0x0, 0x0, 0x0, 0xf0, 0x0, 0x0, 0xf, 0x0,
    0x0, 0x0, 0xf0, 0x0, 0x0, 0xf, 0x0, 0x0,
    0x0, 0xf0, 0x0, 0x0, 0xf, 0x0, 0x0, 0x0,
    0xf0, 0x0, 0x0, 0xf, 0x0, 0x0, 0x0, 0xf0,
    0x0, 0x0, 0xf, 0x0, 0x0, 0x0, 0xf0, 0x0,
    0x0, 0xf, 0x0, 0x0, 0x0, 0xf0, 0x0, 0x0,
    0xf, 0x0, 0x0, 0x0, 0xf0, 0x0, 0x0, 0xf,
    0x0, 0x0, 0x0, 0xf0, 0x0, 0x0, 0xf, 0x0,
    0x0, 0x0, 0xf0, 0x0, 0x0, 0xf, 0x0, 0x0,
    0x0, 0xf0, 0x0, 0xff, 0xff, 0xff, 0xff, 0xff,
    0xff, 0xff, 0xff, 0xff, 0xff, 0xff, 0xff, 0xff,
    0xff,

    /* U+2535 "┵" */
    0x0, 0xf, 0x0, 0x0, 0x0, 0xf0, 0x0, 0x0,
    0xf, 0x0, 0x0, 0x0, 0xf0, 0x0, 0x0, 0xf,
    0x0, 0x0, 0x0, 0xf0, 0x0, 0x0, 0xf, 0x0,
    0x0, 0x0, 0xf0, 0x0, 0x0, 0xf, 0x0, 0x0,
    0x0, 0xf0, 0x0, 0x0, 0xf, 0x0, 0x0, 0x0,
    0xf0, 0x0, 0x0, 0xf, 0x0, 0x0, 0x0, 0xf0,
    0x0, 0x0, 0xf, 0x0, 0x0, 0x0, 0xf0, 0x0,
    0x0, 0xf, 0x0, 0x0, 0x0, 0xf0, 0x0, 0x0,
    0xf, 0x0, 0x0, 0x0, 0xf0, 0x0, 0x0, 0xf,
    0x0, 0x0, 0x0, 0xf0, 0x0, 0x0, 0xf, 0x0,
    0x0, 0x0, 0xf0, 0x0, 0xff, 0xff, 0x0, 0xf,
    0xff, 0xf0, 0x0, 0xff, 0xff, 0xff, 0xff, 0xff,
    0xff, 0xff, 0xff, 0xff, 0xff, 0xff, 0xff, 0xff,
    0xff, 0xff, 0xff, 0xff, 0xff, 0xff, 0xf0, 0x0,
    0xff, 0xff, 0x0, 0x0,

    /* U+2536 "┶" */
    0x0, 0xf, 0x0, 0x0, 0x0, 0xf0, 0x0, 0x0,
    0xf, 0x0, 0x0, 0x0, 0xf0, 0x0, 0x0, 0xf,
    0x0, 0x0, 0x0, 0xf0, 0x0, 0x0, 0xf, 0x0,
    0x0, 0x0, 0xf0, 0x0, 0x0, 0xf, 0x0, 0x0,
    0x0, 0xf0, 0x0, 0x0, 0xf, 0x0, 0x0, 0x0,
    0xf0, 0x0, 0x0, 0xf, 0x0, 0x0, 0x0, 0xf0,
    0x0, 0x0, 0xf, 0x0, 0x0, 0x0, 0xf0, 0x0,
    0x0, 0xf, 0x0, 0x0, 0x0, 0xf0, 0x0, 0x0,
    0xf, 0x0, 0x0, 0x0, 0xf0, 0x0, 0x0, 0xf,
    0x0, 0x0, 0x0, 0xf0, 0x0, 0x0, 0xf, 0x0,
    0x0, 0x0, 0xf0, 0x0, 0x0, 0xf, 0xff, 0xf0,
    0x0, 0xff, 0xff, 0xff, 0xff, 0xff, 0xff, 0xff,
    0xff, 0xff, 0xff, 0xff, 0xff, 0xff, 0xff, 0xff,
    0xff, 0xff, 0xff, 0xff, 0xf0, 0x0, 0xff, 0xff,
    0x0, 0xf, 0xff, 0xf0,

    /* U+2537 "┷" */
    0x0, 0xf, 0x0, 0x0, 0x0, 0xf0, 0x0, 0x0,
    0xf, 0x0, 0x0, 0x0, 0xf0, 0x0, 0x0, 0xf,
    0x0, 0x0, 0x0, 0xf0, 0x0, 0x0, 0xf, 0x0,
    0x0, 0x0, 0xf0, 0x0, 0x0, 0xf, 0x0, 0x0,
    0x0, 0xf0, 0x0, 0x0, 0xf, 0x0, 0x0, 0x0,
    0xf0, 0x0, 0x0, 0xf, 0x0, 0x0, 0x0, 0xf0,
    0x0, 0x0, 0xf, 0x0, 0x0, 0x0, 0xf0, 0x0,
    0x0, 0xf, 0x0, 0x0, 0x0, 0xf0, 0x0, 0x0,
    0xf, 0x0, 0x0, 0x0, 0xf0, 0x0, 0x0, 0xf,
    0x0, 0x0, 0x0, 0xf0, 0x0, 0x0, 0xf, 0x0,
    0x0, 0x0, 0xf0, 0x0, 0xff, 0xff, 0xff, 0xff,
    0xff, 0xff, 0xff, 0xff, 0xff, 0xff, 0xff, 0xff,
    0xff, 0xff, 0xff, 0xff, 0xff, 0xff, 0xff, 0xff,
    0xff, 0xff, 0xff, 0xff, 0xff, 0xff, 0xff, 0xff,
    0xff, 0xff, 0xff, 0xf0,

    /* U+2538 "┸" */
    0x0, 0x3f, 0xc0, 0x0, 0x3, 0xfc, 0x0, 0x0,
    0x3f, 0xc0, 0x0, 0x3, 0xfc, 0x0, 0x0, 0x3f,
    0xc0, 0x0, 0x3, 0xfc, 0x0, 0x0, 0x3f, 0xc0,
    0x0, 0x3, 0xfc, 0x0, 0x0, 0x3f, 0xc0, 0x0,
    0x3, 0xfc, 0x0, 0x0, 0x3f, 0xc0, 0x0, 0x3,
    0xfc, 0x0, 0x0, 0x3f, 0xc0, 0x0, 0x3, 0xfc,
    0x0, 0x0, 0x3f, 0xc0, 0x0, 0x3, 0xfc, 0x0,
    0x0, 0x3f, 0xc0, 0x0, 0x3, 0xfc, 0x0, 0x0,
    0x3f, 0xc0, 0x0, 0x3, 0xfc, 0x0, 0x0, 0x3f,
    0xc0, 0x0, 0x3, 0xfc, 0x0, 0x0, 0x3f, 0xc0,
    0x0, 0x3, 0xfc, 0x0, 0x0, 0x3f, 0xc0, 0x0,
    0x3, 0xfc, 0x0, 0xff, 0xff, 0xff, 0xff, 0xff,
    0xff, 0xff, 0xff, 0xff, 0xff, 0xff, 0xff, 0xff,
    0xff,

    /* U+2539 "┹" */
    0x0, 0x3f, 0xe0, 0x0, 0x1, 0xff, 0x0, 0x0,
    0xf, 0xf8, 0x0, 0x0, 0x7f, 0xc0, 0x0, 0x3,
    0xfe, 0x0, 0x0, 0x1f, 0xf0, 0x0, 0x0, 0xff,
    0x80, 0x0, 0x7, 0xfc, 0x0, 0x0, 0x3f, 0xe0,
    0x0, 0x1, 0xff, 0x0, 0x0, 0xf, 0xf8, 0x0,
    0x0, 0x7f, 0xc0, 0x0, 0x3, 0xfe, 0x0, 0x0,
    0x1f, 0xf0, 0x0, 0x0, 0xff, 0x80, 0x0, 0x7,
    0xfc, 0x0, 0x0, 0x3f, 0xe0, 0x0, 0x1, 0xff,
    0x0, 0x0, 0xf, 0xf8, 0x0, 0x0, 0x7f, 0xc0,
    0x0, 0x3, 0xfe, 0x0, 0x0, 0x1f, 0xf0, 0x0,
    0x0, 0xff, 0x80, 0x0, 0x7, 0xfc, 0x0, 0xff,
    0xff, 0xe0, 0x7, 0xff, 0xff, 0x0, 0x3f, 0xff,
    0xff, 0xff, 0xff, 0xff, 0xff, 0xff, 0xff, 0xff,
    0xff, 0xff, 0xff, 0xff, 0xff, 0xff, 0xff, 0xff,
    0xff, 0xff, 0xfc, 0x0, 0xff, 0xff, 0xe0, 0x0,

    /* U+253A "┺" */
    0x0, 0x3f, 0xe0, 0x0, 0x3, 0xfe, 0x0, 0x0,
    0x3f, 0xe0, 0x0, 0x3, 0xfe, 0x0, 0x0, 0x3f,
    0xe0, 0x0, 0x3, 0xfe, 0x0, 0x0, 0x3f, 0xe0,
    0x0, 0x3, 0xfe, 0x0, 0x0, 0x3f, 0xe0, 0x0,
    0x3, 0xfe, 0x0, 0x0, 0x3f, 0xe0, 0x0, 0x3,
    0xfe, 0x0, 0x0, 0x3f, 0xe0, 0x0, 0x3, 0xfe,
    0x0, 0x0, 0x3f, 0xe0, 0x0, 0x3, 0xfe, 0x0,
    0x0, 0x3f, 0xe0, 0x0, 0x3, 0xfe, 0x0, 0x0,
    0x3f, 0xe0, 0x0, 0x3, 0xfe, 0x0, 0x0, 0x3f,
    0xe0, 0x0, 0x3, 0xfe, 0x0, 0x0, 0x3f, 0xe0,
    0x0, 0x3, 0xfe, 0x0, 0x0, 0x3f, 0xff, 0xf0,
    0x3, 0xff, 0xff, 0xff, 0xff, 0xff, 0xff, 0xff,
    0xff, 0xff, 0xff, 0xff, 0xff, 0xff, 0xff, 0xff,
    0xff, 0xff, 0xff, 0xff, 0xf0, 0x3, 0xff, 0xff,
    0x0, 0x3f, 0xff, 0xf0,

    /* U+253B "┻" */
    0x0, 0x3f, 0xc0, 0x0, 0x3, 0xfc, 0x0, 0x0,
    0x3f, 0xc0, 0x0, 0x3, 0xfc, 0x0, 0x0, 0x3f,
    0xc0, 0x0, 0x3, 0xfc, 0x0, 0x0, 0x3f, 0xc0,
    0x0, 0x3, 0xfc, 0x0, 0x0, 0x3f, 0xc0, 0x0,
    0x3, 0xfc, 0x0, 0x0, 0x3f, 0xc0, 0x0, 0x3,
    0xfc, 0x0, 0x0, 0x3f, 0xc0, 0x0, 0x3, 0xfc,
    0x0, 0x0, 0x3f, 0xc0, 0x0, 0x3, 0xfc, 0x0,
    0x0, 0x3f, 0xc0, 0x0, 0x3, 0xfc, 0x0, 0x0,
    0x3f, 0xc0, 0x0, 0x3, 0xfc, 0x0, 0x0, 0x3f,
    0xc0, 0x0, 0x3, 0xfc, 0x0, 0x0, 0x3f, 0xc0,
    0x0, 0x3, 0xfc, 0x0, 0xff, 0xff, 0xff, 0xff,
    0xff, 0xff, 0xff, 0xff, 0xff, 0xff, 0xff, 0xff,
    0xff, 0xff, 0xff, 0xff, 0xff, 0xff, 0xff, 0xff,
    0xff, 0xff, 0xff, 0xff, 0xff, 0xff, 0xff, 0xff,
    0xff, 0xff, 0xff, 0xf0,

    /* U+253C "┼" */
    0x0, 0xf, 0x0, 0x0, 0x0, 0xf0, 0x0, 0x0,
    0xf, 0x0, 0x0, 0x0, 0xf0, 0x0, 0x0, 0xf,
    0x0, 0x0, 0x0, 0xf0, 0x0, 0x0, 0xf, 0x0,
    0x0, 0x0, 0xf0, 0x0, 0x0, 0xf, 0x0, 0x0,
    0x0, 0xf0, 0x0, 0x0, 0xf, 0x0, 0x0, 0x0,
    0xf0, 0x0, 0x0, 0xf, 0x0, 0x0, 0x0, 0xf0,
    0x0, 0x0, 0xf, 0x0, 0x0, 0x0, 0xf0, 0x0,
    0x0, 0xf, 0x0, 0x0, 0x0, 0xf0, 0x0, 0x0,
    0xf, 0x0, 0x0, 0x0, 0xf0, 0x0, 0x0, 0xf,
    0x0, 0x0, 0x0, 0xf0, 0x0, 0x0, 0xf, 0x0,
    0x0, 0x0, 0xf0, 0x0, 0x0, 0xf, 0x0, 0x0,
    0x0, 0xf0, 0x0, 0xff, 0xff, 0xff, 0xff, 0xff,
    0xff, 0xff, 0xff, 0xff, 0xff, 0xff, 0xff, 0xff,
    0xff, 0xff, 0xff, 0xff, 0xf0, 0x0, 0xf0, 0x0,
    0x0, 0xf, 0x0, 0x0, 0x0, 0xf0, 0x0, 0x0,
    0xf, 0x0, 0x0, 0x0, 0xf0, 0x0, 0x0, 0xf,
    0x0, 0x0, 0x0, 0xf0, 0x0, 0x0, 0xf, 0x0,
    0x0, 0x0, 0xf0, 0x0, 0x0, 0xf, 0x0, 0x0,
    0x0, 0xf0, 0x0, 0x0, 0xf, 0x0, 0x0, 0x0,
    0xf0, 0x0, 0x0, 0xf, 0x0, 0x0, 0x0, 0xf0,
    0x0, 0x0, 0xf, 0x0, 0x0, 0x0, 0xf0, 0x0,
    0x0, 0xf, 0x0, 0x0, 0x0, 0xf0, 0x0, 0x0,
    0xf, 0x0, 0x0, 0x0, 0xf0, 0x0, 0x0, 0xf,
    0x0, 0x0, 0x0, 0xf0, 0x0, 0x0, 0xf, 0x0,
    0x0, 0x0, 0xf0, 0x0, 0x0, 0xf, 0x0, 0x0,
    0x0, 0xf0, 0x0,

    /* U+253D "┽" */
    0x0, 0xf, 0x0, 0x0, 0x0, 0xf0, 0x0, 0x0,
    0xf, 0x0, 0x0, 0x0, 0xf0, 0x0, 0x0, 0xf,
    0x0, 0x0, 0x0, 0xf0, 0x0, 0x0, 0xf, 0x0,
    0x0, 0x0, 0xf0, 0x0, 0x0, 0xf, 0x0, 0x0,
    0x0, 0xf0, 0x0, 0x0, 0xf, 0x0, 0x0, 0x0,
    0xf0, 0x0, 0x0, 0xf, 0x0, 0x0, 0x0, 0xf0,
    0x0, 0x0, 0xf, 0x0, 0x0, 0x0, 0xf0, 0x0,
    0x0, 0xf, 0x0, 0x0, 0x0, 0xf0, 0x0, 0x0,
    0xf, 0x0, 0x0, 0x0, 0xf0, 0x0, 0x0, 0xf,
    0x0, 0x0, 0x0, 0xf0, 0x0, 0x0, 0xf, 0x0,
    0x0, 0x0, 0xf0, 0x0, 0xff, 0xff, 0x0, 0xf,
    0xff, 0xf0, 0x0, 0xff, 0xff, 0xff, 0xff, 0xff,
    0xff, 0xff, 0xff, 0xff, 0xff, 0xff, 0xff, 0xff,
    0xff, 0xff, 0xff, 0xff, 0xff, 0xff, 0xf0, 0x0,
    0xff, 0xff, 0x0, 0x0, 0x0, 0xf0, 0x0, 0x0,
    0xf, 0x0, 0x0, 0x0, 0xf0, 0x0, 0x0, 0xf,
    0x0, 0x0, 0x0, 0xf0, 0x0, 0x0, 0xf, 0x0,
    0x0, 0x0, 0xf0, 0x0, 0x0, 0xf, 0x0, 0x0,
    0x0, 0xf0, 0x0, 0x0, 0xf, 0x0, 0x0, 0x0,
    0xf0, 0x0, 0x0, 0xf, 0x0, 0x0, 0x0, 0xf0,
    0x0, 0x0, 0xf, 0x0, 0x0, 0x0, 0xf0, 0x0,
    0x0, 0xf, 0x0, 0x0, 0x0, 0xf0, 0x0, 0x0,
    0xf, 0x0, 0x0, 0x0, 0xf0, 0x0, 0x0, 0xf,
    0x0, 0x0, 0x0, 0xf0, 0x0, 0x0, 0xf, 0x0,
    0x0, 0x0, 0xf0, 0x0, 0x0, 0xf, 0x0, 0x0,
    0x0, 0xf0, 0x0,

    /* U+253E "┾" */
    0x0, 0xf, 0x0, 0x0, 0x0, 0xf0, 0x0, 0x0,
    0xf, 0x0, 0x0, 0x0, 0xf0, 0x0, 0x0, 0xf,
    0x0, 0x0, 0x0, 0xf0, 0x0, 0x0, 0xf, 0x0,
    0x0, 0x0, 0xf0, 0x0, 0x0, 0xf, 0x0, 0x0,
    0x0, 0xf0, 0x0, 0x0, 0xf, 0x0, 0x0, 0x0,
    0xf0, 0x0, 0x0, 0xf, 0x0, 0x0, 0x0, 0xf0,
    0x0, 0x0, 0xf, 0x0, 0x0, 0x0, 0xf0, 0x0,
    0x0, 0xf, 0x0, 0x0, 0x0, 0xf0, 0x0, 0x0,
    0xf, 0x0, 0x0, 0x0, 0xf0, 0x0, 0x0, 0xf,
    0x0, 0x0, 0x0, 0xf0, 0x0, 0x0, 0xf, 0x0,
    0x0, 0x0, 0xf0, 0x0, 0x0, 0xf, 0xff, 0xf0,
    0x0, 0xff, 0xff, 0xff, 0xff, 0xff, 0xff, 0xff,
    0xff, 0xff, 0xff, 0xff, 0xff, 0xff, 0xff, 0xff,
    0xff, 0xff, 0xff, 0xff, 0xf0, 0x0, 0xff, 0xff,
    0x0, 0xf, 0xff, 0xf0, 0x0, 0xf0, 0x0, 0x0,
    0xf, 0x0, 0x0, 0x0, 0xf0, 0x0, 0x0, 0xf,
    0x0, 0x0, 0x0, 0xf0, 0x0, 0x0, 0xf, 0x0,
    0x0, 0x0, 0xf0, 0x0, 0x0, 0xf, 0x0, 0x0,
    0x0, 0xf0, 0x0, 0x0, 0xf, 0x0, 0x0, 0x0,
    0xf0, 0x0, 0x0, 0xf, 0x0, 0x0, 0x0, 0xf0,
    0x0, 0x0, 0xf, 0x0, 0x0, 0x0, 0xf0, 0x0,
    0x0, 0xf, 0x0, 0x0, 0x0, 0xf0, 0x0, 0x0,
    0xf, 0x0, 0x0, 0x0, 0xf0, 0x0, 0x0, 0xf,
    0x0, 0x0, 0x0, 0xf0, 0x0, 0x0, 0xf, 0x0,
    0x0, 0x0, 0xf0, 0x0, 0x0, 0xf, 0x0, 0x0,
    0x0, 0xf0, 0x0,

    /* U+253F "┿" */
    0x0, 0xf, 0x0, 0x0, 0x0, 0xf0, 0x0, 0x0,
    0xf, 0x0, 0x0, 0x0, 0xf0, 0x0, 0x0, 0xf,
    0x0, 0x0, 0x0, 0xf0, 0x0, 0x0, 0xf, 0x0,
    0x0, 0x0, 0xf0, 0x0, 0x0, 0xf, 0x0, 0x0,
    0x0, 0xf0, 0x0, 0x0, 0xf, 0x0, 0x0, 0x0,
    0xf0, 0x0, 0x0, 0xf, 0x0, 0x0, 0x0, 0xf0,
    0x0, 0x0, 0xf, 0x0, 0x0, 0x0, 0xf0, 0x0,
    0x0, 0xf, 0x0, 0x0, 0x0, 0xf0, 0x0, 0x0,
    0xf, 0x0, 0x0, 0x0, 0xf0, 0x0, 0x0, 0xf,
    0x0, 0x0, 0x0, 0xf0, 0x0, 0x0, 0xf, 0x0,
    0x0, 0x0, 0xf0, 0x0, 0xff, 0xff, 0xff, 0xff,
    0xff, 0xff, 0xff, 0xff, 0xff, 0xff, 0xff, 0xff,
    0xff, 0xff, 0xff, 0xff, 0xff, 0xff, 0xff, 0xff,
    0xff, 0xff, 0xff, 0xff, 0xff, 0xff, 0xff, 0xff,
    0xff, 0xff, 0xff, 0xf0, 0x0, 0xf0, 0x0, 0x0,
    0xf, 0x0, 0x0, 0x0, 0xf0, 0x0, 0x0, 0xf,
    0x0, 0x0, 0x0, 0xf0, 0x0, 0x0, 0xf, 0x0,
    0x0, 0x0, 0xf0, 0x0, 0x0, 0xf, 0x0, 0x0,
    0x0, 0xf0, 0x0, 0x0, 0xf, 0x0, 0x0, 0x0,
    0xf0, 0x0, 0x0, 0xf, 0x0, 0x0, 0x0, 0xf0,
    0x0, 0x0, 0xf, 0x0, 0x0, 0x0, 0xf0, 0x0,
    0x0, 0xf, 0x0, 0x0, 0x0, 0xf0, 0x0, 0x0,
    0xf, 0x0, 0x0, 0x0, 0xf0, 0x0, 0x0, 0xf,
    0x0, 0x0, 0x0, 0xf0, 0x0, 0x0, 0xf, 0x0,
    0x0, 0x0, 0xf0, 0x0, 0x0, 0xf, 0x0, 0x0,
    0x0, 0xf0, 0x0,

    /* U+2540 "╀" */
    0x0, 0x3f, 0xc0, 0x0, 0x3, 0xfc, 0x0, 0x0,
    0x3f, 0xc0, 0x0, 0x3, 0xfc, 0x0, 0x0, 0x3f,
    0xc0, 0x0, 0x3, 0xfc, 0x0, 0x0, 0x3f, 0xc0,
    0x0, 0x3, 0xfc, 0x0, 0x0, 0x3f, 0xc0, 0x0,
    0x3, 0xfc, 0x0, 0x0, 0x3f, 0xc0, 0x0, 0x3,
    0xfc, 0x0, 0x0, 0x3f, 0xc0, 0x0, 0x3, 0xfc,
    0x0, 0x0, 0x3f, 0xc0, 0x0, 0x3, 0xfc, 0x0,
    0x0, 0x3f, 0xc0, 0x0, 0x3, 0xfc, 0x0, 0x0,
    0x3f, 0xc0, 0x0, 0x3, 0xfc, 0x0, 0x0, 0x3f,
    0xc0, 0x0, 0x3, 0xfc, 0x0, 0x0, 0x3f, 0xc0,
    0x0, 0x3, 0xfc, 0x0, 0x0, 0x3f, 0xc0, 0x0,
    0x3, 0xfc, 0x0, 0xff, 0xff, 0xff, 0xff, 0xff,
    0xff, 0xff, 0xff, 0xff, 0xff, 0xff, 0xff, 0xff,
    0xff, 0x0, 0xf, 0x0, 0x0, 0x0, 0xf0, 0x0,
    0x0, 0xf, 0x0, 0x0, 0x0, 0xf0, 0x0, 0x0,
    0xf, 0x0, 0x0, 0x0, 0xf0, 0x0, 0x0, 0xf,
    0x0, 0x0, 0x0, 0xf0, 0x0, 0x0, 0xf, 0x0,
    0x0, 0x0, 0xf0, 0x0, 0x0, 0xf, 0x0, 0x0,
    0x0, 0xf0, 0x0, 0x0, 0xf, 0x0, 0x0, 0x0,
    0xf0, 0x0, 0x0, 0xf, 0x0, 0x0, 0x0, 0xf0,
    0x0, 0x0, 0xf, 0x0, 0x0, 0x0, 0xf0, 0x0,
    0x0, 0xf, 0x0, 0x0, 0x0, 0xf0, 0x0, 0x0,
    0xf, 0x0, 0x0, 0x0, 0xf0, 0x0, 0x0, 0xf,
    0x0, 0x0, 0x0, 0xf0, 0x0, 0x0, 0xf, 0x0,
    0x0, 0x0, 0xf0, 0x0, 0x0, 0xf, 0x0, 0x0,

    /* U+2541 "╁" */
    0x0, 0xf, 0x0, 0x0, 0x0, 0xf0, 0x0, 0x0,
    0xf, 0x0, 0x0, 0x0, 0xf0, 0x0, 0x0, 0xf,
    0x0, 0x0, 0x0, 0xf0, 0x0, 0x0, 0xf, 0x0,
    0x0, 0x0, 0xf0, 0x0, 0x0, 0xf, 0x0, 0x0,
    0x0, 0xf0, 0x0, 0x0, 0xf, 0x0, 0x0, 0x0,
    0xf0, 0x0, 0x0, 0xf, 0x0, 0x0, 0x0, 0xf0,
    0x0, 0x0, 0xf, 0x0, 0x0, 0x0, 0xf0, 0x0,
    0x0, 0xf, 0x0, 0x0, 0x0, 0xf0, 0x0, 0x0,
    0xf, 0x0, 0x0, 0x0, 0xf0, 0x0, 0x0, 0xf,
    0x0, 0x0, 0x0, 0xf0, 0x0, 0x0, 0xf, 0x0,
    0x0, 0x0, 0xf0, 0x0, 0x0, 0xf, 0x0, 0x0,
    0x0, 0xf0, 0x0, 0xff, 0xff, 0xff, 0xff, 0xff,
    0xff, 0xff, 0xff, 0xff, 0xff, 0xff, 0xff, 0xff,
    0xff, 0x0, 0x3f, 0xc0, 0x0, 0x3, 0xfc, 0x0,
    0x0, 0x3f, 0xc0, 0x0, 0x3, 0xfc, 0x0, 0x0,
    0x3f, 0xc0, 0x0, 0x3, 0xfc, 0x0, 0x0, 0x3f,
    0xc0, 0x0, 0x3, 0xfc, 0x0, 0x0, 0x3f, 0xc0,
    0x0, 0x3, 0xfc, 0x0, 0x0, 0x3f, 0xc0, 0x0,
    0x3, 0xfc, 0x0, 0x0, 0x3f, 0xc0, 0x0, 0x3,
    0xfc, 0x0, 0x0, 0x3f, 0xc0, 0x0, 0x3, 0xfc,
    0x0, 0x0, 0x3f, 0xc0, 0x0, 0x3, 0xfc, 0x0,
    0x0, 0x3f, 0xc0, 0x0, 0x3, 0xfc, 0x0, 0x0,
    0x3f, 0xc0, 0x0, 0x3, 0xfc, 0x0, 0x0, 0x3f,
    0xc0, 0x0, 0x3, 0xfc, 0x0, 0x0, 0x3f, 0xc0,
    0x0, 0x3, 0xfc, 0x0, 0x0, 0x3f, 0xc0, 0x0,

    /* U+2542 "╂" */
    0x0, 0x3f, 0xc0, 0x0, 0x3, 0xfc, 0x0, 0x0,
    0x3f, 0xc0, 0x0, 0x3, 0xfc, 0x0, 0x0, 0x3f,
    0xc0, 0x0, 0x3, 0xfc, 0x0, 0x0, 0x3f, 0xc0,
    0x0, 0x3, 0xfc, 0x0, 0x0, 0x3f, 0xc0, 0x0,
    0x3, 0xfc, 0x0, 0x0, 0x3f, 0xc0, 0x0, 0x3,
    0xfc, 0x0, 0x0, 0x3f, 0xc0, 0x0, 0x3, 0xfc,
    0x0, 0x0, 0x3f, 0xc0, 0x0, 0x3, 0xfc, 0x0,
    0x0, 0x3f, 0xc0, 0x0, 0x3, 0xfc, 0x0, 0x0,
    0x3f, 0xc0, 0x0, 0x3, 0xfc, 0x0, 0x0, 0x3f,
    0xc0, 0x0, 0x3, 0xfc, 0x0, 0x0, 0x3f, 0xc0,
    0x0, 0x3, 0xfc, 0x0, 0x0, 0x3f, 0xc0, 0x0,
    0x3, 0xfc, 0x0, 0xff, 0xff, 0xff, 0xff, 0xff,
    0xff, 0xff, 0xff, 0xff, 0xff, 0xff, 0xff, 0xff,
    0xff, 0xff, 0xff, 0xff, 0xf0, 0x3, 0xfc, 0x0,
    0x0, 0x3f, 0xc0, 0x0, 0x3, 0xfc, 0x0, 0x0,
    0x3f, 0xc0, 0x0, 0x3, 0xfc, 0x0, 0x0, 0x3f,
    0xc0, 0x0, 0x3, 0xfc, 0x0, 0x0, 0x3f, 0xc0,
    0x0, 0x3, 0xfc, 0x0, 0x0, 0x3f, 0xc0, 0x0,
    0x3, 0xfc, 0x0, 0x0, 0x3f, 0xc0, 0x0, 0x3,
    0xfc, 0x0, 0x0, 0x3f, 0xc0, 0x0, 0x3, 0xfc,
    0x0, 0x0, 0x3f, 0xc0, 0x0, 0x3, 0xfc, 0x0,
    0x0, 0x3f, 0xc0, 0x0, 0x3, 0xfc, 0x0, 0x0,
    0x3f, 0xc0, 0x0, 0x3, 0xfc, 0x0, 0x0, 0x3f,
    0xc0, 0x0, 0x3, 0xfc, 0x0, 0x0, 0x3f, 0xc0,
    0x0, 0x3, 0xfc, 0x0, 0x0, 0x3f, 0xc0, 0x0,
    0x3, 0xfc, 0x0,

    /* U+2543 "╃" */
    0x0, 0x3f, 0xe0, 0x0, 0x1, 0xff, 0x0, 0x0,
    0xf, 0xf8, 0x0, 0x0, 0x7f, 0xc0, 0x0, 0x3,
    0xfe, 0x0, 0x0, 0x1f, 0xf0, 0x0, 0x0, 0xff,
    0x80, 0x0, 0x7, 0xfc, 0x0, 0x0, 0x3f, 0xe0,
    0x0, 0x1, 0xff, 0x0, 0x0, 0xf, 0xf8, 0x0,
    0x0, 0x7f, 0xc0, 0x0, 0x3, 0xfe, 0x0, 0x0,
    0x1f, 0xf0, 0x0, 0x0, 0xff, 0x80, 0x0, 0x7,
    0xfc, 0x0, 0x0, 0x3f, 0xe0, 0x0, 0x1, 0xff,
    0x0, 0x0, 0xf, 0xf8, 0x0, 0x0, 0x7f, 0xc0,
    0x0, 0x3, 0xfe, 0x0, 0x0, 0x1f, 0xf0, 0x0,
    0x0, 0xff, 0x80, 0x0, 0x7, 0xfc, 0x0, 0xff,
    0xff, 0xe0, 0x7, 0xff, 0xff, 0x0, 0x3f, 0xff,
    0xff, 0xff, 0xff, 0xff, 0xff, 0xff, 0xff, 0xff,
    0xff, 0xff, 0xff, 0xff, 0xff, 0xff, 0xff, 0xff,
    0xff, 0xff, 0xfc, 0x0, 0xff, 0xff, 0xe0, 0x0,
    0x0, 0x7c, 0x0, 0x0, 0x3, 0xe0, 0x0, 0x0,
    0x1f, 0x0, 0x0, 0x0, 0xf8, 0x0, 0x0, 0x7,
    0xc0, 0x0, 0x0, 0x3e, 0x0, 0x0, 0x1, 0xf0,
    0x0, 0x0, 0xf, 0x80, 0x0, 0x0, 0x7c, 0x0,
    0x0, 0x3, 0xe0, 0x0, 0x0, 0x1f, 0x0, 0x0,
    0x0, 0xf8, 0x0, 0x0, 0x7, 0xc0, 0x0, 0x0,
    0x3e, 0x0, 0x0, 0x1, 0xf0, 0x0, 0x0, 0xf,
    0x80, 0x0, 0x0, 0x7c, 0x0, 0x0, 0x3, 0xe0,
    0x0, 0x0, 0x1f, 0x0, 0x0, 0x0, 0xf8, 0x0,
    0x0, 0x7, 0xc0, 0x0, 0x0, 0x3e, 0x0, 0x0,
    0x1, 0xf0, 0x0, 0x0, 0xf, 0x80, 0x0, 0x0,
    0x7c, 0x0, 0x0,

    /* U+2544 "╄" */
    0x0, 0x3f, 0xe0, 0x0, 0x3, 0xfe, 0x0, 0x0,
    0x3f, 0xe0, 0x0, 0x3, 0xfe, 0x0, 0x0, 0x3f,
    0xe0, 0x0, 0x3, 0xfe, 0x0, 0x0, 0x3f, 0xe0,
    0x0, 0x3, 0xfe, 0x0, 0x0, 0x3f, 0xe0, 0x0,
    0x3, 0xfe, 0x0, 0x0, 0x3f, 0xe0, 0x0, 0x3,
    0xfe, 0x0, 0x0, 0x3f, 0xe0, 0x0, 0x3, 0xfe,
    0x0, 0x0, 0x3f, 0xe0, 0x0, 0x3, 0xfe, 0x0,
    0x0, 0x3f, 0xe0, 0x0, 0x3, 0xfe, 0x0, 0x0,
    0x3f, 0xe0, 0x0, 0x3, 0xfe, 0x0, 0x0, 0x3f,
    0xe0, 0x0, 0x3, 0xfe, 0x0, 0x0, 0x3f, 0xe0,
    0x0, 0x3, 0xfe, 0x0, 0x0, 0x3f, 0xff, 0xf0,
    0x3, 0xff, 0xff, 0xff, 0xff, 0xff, 0xff, 0xff,
    0xff, 0xff, 0xff, 0xff, 0xff, 0xff, 0xff, 0xff,
    0xff, 0xff, 0xff, 0xff, 0xf0, 0x3, 0xff, 0xff,
    0x0, 0x3f, 0xff, 0xf0, 0x0, 0xf0, 0x0, 0x0,
    0xf, 0x0, 0x0, 0x0, 0xf0, 0x0, 0x0, 0xf,
    0x0, 0x0, 0x0, 0xf0, 0x0, 0x0, 0xf, 0x0,
    0x0, 0x0, 0xf0, 0x0, 0x0, 0xf, 0x0, 0x0,
    0x0, 0xf0, 0x0, 0x0, 0xf, 0x0, 0x0, 0x0,
    0xf0, 0x0, 0x0, 0xf, 0x0, 0x0, 0x0, 0xf0,
    0x0, 0x0, 0xf, 0x0, 0x0, 0x0, 0xf0, 0x0,
    0x0, 0xf, 0x0, 0x0, 0x0, 0xf0, 0x0, 0x0,
    0xf, 0x0, 0x0, 0x0, 0xf0, 0x0, 0x0, 0xf,
    0x0, 0x0, 0x0, 0xf0, 0x0, 0x0, 0xf, 0x0,
    0x0, 0x0, 0xf0, 0x0, 0x0, 0xf, 0x0, 0x0,
    0x0, 0xf0, 0x0,

    /* U+2545 "╅" */
    0x0, 0xf, 0x0, 0x0, 0x0, 0xf0, 0x0, 0x0,
    0xf, 0x0, 0x0, 0x0, 0xf0, 0x0, 0x0, 0xf,
    0x0, 0x0, 0x0, 0xf0, 0x0, 0x0, 0xf, 0x0,
    0x0, 0x0, 0xf0, 0x0, 0x0, 0xf, 0x0, 0x0,
    0x0, 0xf0, 0x0, 0x0, 0xf, 0x0, 0x0, 0x0,
    0xf0, 0x0, 0x0, 0xf, 0x0, 0x0, 0x0, 0xf0,
    0x0, 0x0, 0xf, 0x0, 0x0, 0x0, 0xf0, 0x0,
    0x0, 0xf, 0x0, 0x0, 0x0, 0xf0, 0x0, 0x0,
    0xf, 0x0, 0x0, 0x0, 0xf0, 0x0, 0x0, 0xf,
    0x0, 0x0, 0x0, 0xf0, 0x0, 0x0, 0xf, 0x0,
    0x0, 0x0, 0xf0, 0x0, 0xff, 0xff, 0xc0, 0xf,
    0xff, 0xfc, 0x0, 0xff, 0xff, 0xff, 0xff, 0xff,
    0xff, 0xff, 0xff, 0xff, 0xff, 0xff, 0xff, 0xff,
    0xff, 0xff, 0xff, 0xff, 0xff, 0xff, 0xfc, 0x0,
    0xff, 0xff, 0xc0, 0x0, 0x7, 0xfc, 0x0, 0x0,
    0x7f, 0xc0, 0x0, 0x7, 0xfc, 0x0, 0x0, 0x7f,
    0xc0, 0x0, 0x7, 0xfc, 0x0, 0x0, 0x7f, 0xc0,
    0x0, 0x7, 0xfc, 0x0, 0x0, 0x7f, 0xc0, 0x0,
    0x7, 0xfc, 0x0, 0x0, 0x7f, 0xc0, 0x0, 0x7,
    0xfc, 0x0, 0x0, 0x7f, 0xc0, 0x0, 0x7, 0xfc,
    0x0, 0x0, 0x7f, 0xc0, 0x0, 0x7, 0xfc, 0x0,
    0x0, 0x7f, 0xc0, 0x0, 0x7, 0xfc, 0x0, 0x0,
    0x7f, 0xc0, 0x0, 0x7, 0xfc, 0x0, 0x0, 0x7f,
    0xc0, 0x0, 0x7, 0xfc, 0x0, 0x0, 0x7f, 0xc0,
    0x0, 0x7, 0xfc, 0x0, 0x0, 0x7f, 0xc0, 0x0,
    0x7, 0xfc, 0x0,

    /* U+2546 "╆" */
    0x0, 0xf, 0x80, 0x0, 0x0, 0x7c, 0x0, 0x0,
    0x3, 0xe0, 0x0, 0x0, 0x1f, 0x0, 0x0, 0x0,
    0xf8, 0x0, 0x0, 0x7, 0xc0, 0x0, 0x0, 0x3e,
    0x0, 0x0, 0x1, 0xf0, 0x0, 0x0, 0xf, 0x80,
    0x0, 0x0, 0x7c, 0x0, 0x0, 0x3, 0xe0, 0x0,
    0x0, 0x1f, 0x0, 0x0, 0x0, 0xf8, 0x0, 0x0,
    0x7, 0xc0, 0x0, 0x0, 0x3e, 0x0, 0x0, 0x1,
    0xf0, 0x0, 0x0, 0xf, 0x80, 0x0, 0x0, 0x7c,
    0x0, 0x0, 0x3, 0xe0, 0x0, 0x0, 0x1f, 0x0,
    0x0, 0x0, 0xf8, 0x0, 0x0, 0x7, 0xc0, 0x0,
    0x0, 0x3e, 0x0, 0x0, 0x1, 0xf0, 0x0, 0x0,
    0x3f, 0xff, 0xf8, 0x1, 0xff, 0xff, 0xff, 0xff,
    0xff, 0xff, 0xff, 0xff, 0xff, 0xff, 0xff, 0xff,
    0xff, 0xff, 0xff, 0xff, 0xff, 0xff, 0xff, 0xff,
    0xe0, 0x7, 0xff, 0xff, 0x0, 0x3f, 0xff, 0xf8,
    0x1, 0xff, 0x0, 0x0, 0xf, 0xf8, 0x0, 0x0,
    0x7f, 0xc0, 0x0, 0x3, 0xfe, 0x0, 0x0, 0x1f,
    0xf0, 0x0, 0x0, 0xff, 0x80, 0x0, 0x7, 0xfc,
    0x0, 0x0, 0x3f, 0xe0, 0x0, 0x1, 0xff, 0x0,
    0x0, 0xf, 0xf8, 0x0, 0x0, 0x7f, 0xc0, 0x0,
    0x3, 0xfe, 0x0, 0x0, 0x1f, 0xf0, 0x0, 0x0,
    0xff, 0x80, 0x0, 0x7, 0xfc, 0x0, 0x0, 0x3f,
    0xe0, 0x0, 0x1, 0xff, 0x0, 0x0, 0xf, 0xf8,
    0x0, 0x0, 0x7f, 0xc0, 0x0, 0x3, 0xfe, 0x0,
    0x0, 0x1f, 0xf0, 0x0, 0x0, 0xff, 0x80, 0x0,
    0x7, 0xfc, 0x0, 0x0, 0x3f, 0xe0, 0x0, 0x1,
    0xff, 0x0, 0x0,

    /* U+2547 "╇" */
    0x0, 0x3f, 0xc0, 0x0, 0x3, 0xfc, 0x0, 0x0,
    0x3f, 0xc0, 0x0, 0x3, 0xfc, 0x0, 0x0, 0x3f,
    0xc0, 0x0, 0x3, 0xfc, 0x0, 0x0, 0x3f, 0xc0,
    0x0, 0x3, 0xfc, 0x0, 0x0, 0x3f, 0xc0, 0x0,
    0x3, 0xfc, 0x0, 0x0, 0x3f, 0xc0, 0x0, 0x3,
    0xfc, 0x0, 0x0, 0x3f, 0xc0, 0x0, 0x3, 0xfc,
    0x0, 0x0, 0x3f, 0xc0, 0x0, 0x3, 0xfc, 0x0,
    0x0, 0x3f, 0xc0, 0x0, 0x3, 0xfc, 0x0, 0x0,
    0x3f, 0xc0, 0x0, 0x3, 0xfc, 0x0, 0x0, 0x3f,
    0xc0, 0x0, 0x3, 0xfc, 0x0, 0x0, 0x3f, 0xc0,
    0x0, 0x3, 0xfc, 0x0, 0xff, 0xff, 0xff, 0xff,
    0xff, 0xff, 0xff, 0xff, 0xff, 0xff, 0xff, 0xff,
    0xff, 0xff, 0xff, 0xff, 0xff, 0xff, 0xff, 0xff,
    0xff, 0xff, 0xff, 0xff, 0xff, 0xff, 0xff, 0xff,
    0xff, 0xff, 0xff, 0xf0, 0x0, 0xf0, 0x0, 0x0,
    0xf, 0x0, 0x0, 0x0, 0xf0, 0x0, 0x0, 0xf,
    0x0, 0x0, 0x0, 0xf0, 0x0, 0x0, 0xf, 0x0,
    0x0, 0x0, 0xf0, 0x0, 0x0, 0xf, 0x0, 0x0,
    0x0, 0xf0, 0x0, 0x0, 0xf, 0x0, 0x0, 0x0,
    0xf0, 0x0, 0x0, 0xf, 0x0, 0x0, 0x0, 0xf0,
    0x0, 0x0, 0xf, 0x0, 0x0, 0x0, 0xf0, 0x0,
    0x0, 0xf, 0x0, 0x0, 0x0, 0xf0, 0x0, 0x0,
    0xf, 0x0, 0x0, 0x0, 0xf0, 0x0, 0x0, 0xf,
    0x0, 0x0, 0x0, 0xf0, 0x0, 0x0, 0xf, 0x0,
    0x0, 0x0, 0xf0, 0x0, 0x0, 0xf, 0x0, 0x0,
    0x0, 0xf0, 0x0,

    /* U+2548 "╈" */
    0x0, 0xf, 0x0, 0x0, 0x0, 0xf0, 0x0, 0x0,
    0xf, 0x0, 0x0, 0x0, 0xf0, 0x0, 0x0, 0xf,
    0x0, 0x0, 0x0, 0xf0, 0x0, 0x0, 0xf, 0x0,
    0x0, 0x0, 0xf0, 0x0, 0x0, 0xf, 0x0, 0x0,
    0x0, 0xf0, 0x0, 0x0, 0xf, 0x0, 0x0, 0x0,
    0xf0, 0x0, 0x0, 0xf, 0x0, 0x0, 0x0, 0xf0,
    0x0, 0x0, 0xf, 0x0, 0x0, 0x0, 0xf0, 0x0,
    0x0, 0xf, 0x0, 0x0, 0x0, 0xf0, 0x0, 0x0,
    0xf, 0x0, 0x0, 0x0, 0xf0, 0x0, 0x0, 0xf,
    0x0, 0x0, 0x0, 0xf0, 0x0, 0x0, 0xf, 0x0,
    0x0, 0x0, 0xf0, 0x0, 0xff, 0xff, 0xff, 0xff,
    0xff, 0xff, 0xff, 0xff, 0xff, 0xff, 0xff, 0xff,
    0xff, 0xff, 0xff, 0xff, 0xff, 0xff, 0xff, 0xff,
    0xff, 0xff, 0xff, 0xff, 0xff, 0xff, 0xff, 0xff,
    0xff, 0xff, 0xff, 0xf0, 0x3, 0xfc, 0x0, 0x0,
    0x3f, 0xc0, 0x0, 0x3, 0xfc, 0x0, 0x0, 0x3f,
    0xc0, 0x0, 0x3, 0xfc, 0x0, 0x0, 0x3f, 0xc0,
    0x0, 0x3, 0xfc, 0x0, 0x0, 0x3f, 0xc0, 0x0,
    0x3, 0xfc, 0x0, 0x0, 0x3f, 0xc0, 0x0, 0x3,
    0xfc, 0x0, 0x0, 0x3f, 0xc0, 0x0, 0x3, 0xfc,
    0x0, 0x0, 0x3f, 0xc0, 0x0, 0x3, 0xfc, 0x0,
    0x0, 0x3f, 0xc0, 0x0, 0x3, 0xfc, 0x0, 0x0,
    0x3f, 0xc0, 0x0, 0x3, 0xfc, 0x0, 0x0, 0x3f,
    0xc0, 0x0, 0x3, 0xfc, 0x0, 0x0, 0x3f, 0xc0,
    0x0, 0x3, 0xfc, 0x0, 0x0, 0x3f, 0xc0, 0x0,
    0x3, 0xfc, 0x0,

    /* U+2549 "╉" */
    0x0, 0x3f, 0xe0, 0x0, 0x1, 0xff, 0x0, 0x0,
    0xf, 0xf8, 0x0, 0x0, 0x7f, 0xc0, 0x0, 0x3,
    0xfe, 0x0, 0x0, 0x1f, 0xf0, 0x0, 0x0, 0xff,
    0x80, 0x0, 0x7, 0xfc, 0x0, 0x0, 0x3f, 0xe0,
    0x0, 0x1, 0xff, 0x0, 0x0, 0xf, 0xf8, 0x0,
    0x0, 0x7f, 0xc0, 0x0, 0x3, 0xfe, 0x0, 0x0,
    0x1f, 0xf0, 0x0, 0x0, 0xff, 0x80, 0x0, 0x7,
    0xfc, 0x0, 0x0, 0x3f, 0xe0, 0x0, 0x1, 0xff,
    0x0, 0x0, 0xf, 0xf8, 0x0, 0x0, 0x7f, 0xc0,
    0x0, 0x3, 0xfe, 0x0, 0x0, 0x1f, 0xf0, 0x0,
    0x0, 0xff, 0x80, 0x0, 0x7, 0xfc, 0x0, 0xff,
    0xff, 0xe0, 0x7, 0xff, 0xff, 0x0, 0x3f, 0xff,
    0xff, 0xff, 0xff, 0xff, 0xff, 0xff, 0xff, 0xff,
    0xff, 0xff, 0xff, 0xff, 0xff, 0xff, 0xff, 0xff,
    0xff, 0xff, 0xfc, 0x0, 0xff, 0xff, 0xe0, 0x0,
    0x1, 0xff, 0x0, 0x0, 0xf, 0xf8, 0x0, 0x0,
    0x7f, 0xc0, 0x0, 0x3, 0xfe, 0x0, 0x0, 0x1f,
    0xf0, 0x0, 0x0, 0xff, 0x80, 0x0, 0x7, 0xfc,
    0x0, 0x0, 0x3f, 0xe0, 0x0, 0x1, 0xff, 0x0,
    0x0, 0xf, 0xf8, 0x0, 0x0, 0x7f, 0xc0, 0x0,
    0x3, 0xfe, 0x0, 0x0, 0x1f, 0xf0, 0x0, 0x0,
    0xff, 0x80, 0x0, 0x7, 0xfc, 0x0, 0x0, 0x3f,
    0xe0, 0x0, 0x1, 0xff, 0x0, 0x0, 0xf, 0xf8,
    0x0, 0x0, 0x7f, 0xc0, 0x0, 0x3, 0xfe, 0x0,
    0x0, 0x1f, 0xf0, 0x0, 0x0, 0xff, 0x80, 0x0,
    0x7, 0xfc, 0x0, 0x0, 0x3f, 0xe0, 0x0, 0x1,
    0xff, 0x0, 0x0,

    /* U+254A "╊" */
    0x0, 0x3f, 0xe0, 0x0, 0x1, 0xff, 0x0, 0x0,
    0xf, 0xf8, 0x0, 0x0, 0x7f, 0xc0, 0x0, 0x3,
    0xfe, 0x0, 0x0, 0x1f, 0xf0, 0x0, 0x0, 0xff,
    0x80, 0x0, 0x7, 0xfc, 0x0, 0x0, 0x3f, 0xe0,
    0x0, 0x1, 0xff, 0x0, 0x0, 0xf, 0xf8, 0x0,
    0x0, 0x7f, 0xc0, 0x0, 0x3, 0xfe, 0x0, 0x0,
    0x1f, 0xf0, 0x0, 0x0, 0xff, 0x80, 0x0, 0x7,
    0xfc, 0x0, 0x0, 0x3f, 0xe0, 0x0, 0x1, 0xff,
    0x0, 0x0, 0xf, 0xf8, 0x0, 0x0, 0x7f, 0xc0,
    0x0, 0x3, 0xfe, 0x0, 0x0, 0x1f, 0xf0, 0x0,
    0x0, 0xff, 0x80, 0x0, 0x7, 0xfc, 0x0, 0x0,
    0x3f, 0xff, 0xf8, 0x1, 0xff, 0xff, 0xff, 0xff,
    0xff, 0xff, 0xff, 0xff, 0xff, 0xff, 0xff, 0xff,
    0xff, 0xff, 0xff, 0xff, 0xff, 0xff, 0xff, 0xff,
    0xe0, 0x7, 0xff, 0xff, 0x0, 0x3f, 0xff, 0xf8,
    0x1, 0xff, 0x0, 0x0, 0xf, 0xf8, 0x0, 0x0,
    0x7f, 0xc0, 0x0, 0x3, 0xfe, 0x0, 0x0, 0x1f,
    0xf0, 0x0, 0x0, 0xff, 0x80, 0x0, 0x7, 0xfc,
    0x0, 0x0, 0x3f, 0xe0, 0x0, 0x1, 0xff, 0x0,
    0x0, 0xf, 0xf8, 0x0, 0x0, 0x7f, 0xc0, 0x0,
    0x3, 0xfe, 0x0, 0x0, 0x1f, 0xf0, 0x0, 0x0,
    0xff, 0x80, 0x0, 0x7, 0xfc, 0x0, 0x0, 0x3f,
    0xe0, 0x0, 0x1, 0xff, 0x0, 0x0, 0xf, 0xf8,
    0x0, 0x0, 0x7f, 0xc0, 0x0, 0x3, 0xfe, 0x0,
    0x0, 0x1f, 0xf0, 0x0, 0x0, 0xff, 0x80, 0x0,
    0x7, 0xfc, 0x0, 0x0, 0x3f, 0xe0, 0x0, 0x1,
    0xff, 0x0, 0x0,

    /* U+254B "╋" */
    0x0, 0x3f, 0xc0, 0x0, 0x3, 0xfc, 0x0, 0x0,
    0x3f, 0xc0, 0x0, 0x3, 0xfc, 0x0, 0x0, 0x3f,
    0xc0, 0x0, 0x3, 0xfc, 0x0, 0x0, 0x3f, 0xc0,
    0x0, 0x3, 0xfc, 0x0, 0x0, 0x3f, 0xc0, 0x0,
    0x3, 0xfc, 0x0, 0x0, 0x3f, 0xc0, 0x0, 0x3,
    0xfc, 0x0, 0x0, 0x3f, 0xc0, 0x0, 0x3, 0xfc,
    0x0, 0x0, 0x3f, 0xc0, 0x0, 0x3, 0xfc, 0x0,
    0x0, 0x3f, 0xc0, 0x0, 0x3, 0xfc, 0x0, 0x0,
    0x3f, 0xc0, 0x0, 0x3, 0xfc, 0x0, 0x0, 0x3f,
    0xc0, 0x0, 0x3, 0xfc, 0x0, 0x0, 0x3f, 0xc0,
    0x0, 0x3, 0xfc, 0x0, 0xff, 0xff, 0xff, 0xff,
    0xff, 0xff, 0xff, 0xff, 0xff, 0xff, 0xff, 0xff,
    0xff, 0xff, 0xff, 0xff, 0xff, 0xff, 0xff, 0xff,
    0xff, 0xff, 0xff, 0xff, 0xff, 0xff, 0xff, 0xff,
    0xff, 0xff, 0xff, 0xf0, 0x3, 0xfc, 0x0, 0x0,
    0x3f, 0xc0, 0x0, 0x3, 0xfc, 0x0, 0x0, 0x3f,
    0xc0, 0x0, 0x3, 0xfc, 0x0, 0x0, 0x3f, 0xc0,
    0x0, 0x3, 0xfc, 0x0, 0x0, 0x3f, 0xc0, 0x0,
    0x3, 0xfc, 0x0, 0x0, 0x3f, 0xc0, 0x0, 0x3,
    0xfc, 0x0, 0x0, 0x3f, 0xc0, 0x0, 0x3, 0xfc,
    0x0, 0x0, 0x3f, 0xc0, 0x0, 0x3, 0xfc, 0x0,
    0x0, 0x3f, 0xc0, 0x0, 0x3, 0xfc, 0x0, 0x0,
    0x3f, 0xc0, 0x0, 0x3, 0xfc, 0x0, 0x0, 0x3f,
    0xc0, 0x0, 0x3, 0xfc, 0x0, 0x0, 0x3f, 0xc0,
    0x0, 0x3, 0xfc, 0x0, 0x0, 0x3f, 0xc0, 0x0,
    0x3, 0xfc, 0x0,

    /* U+254C "╌" */
    0xfe, 0x7, 0xff, 0xe0, 0x7f, 0xfe, 0x7, 0xff,
    0xe0, 0x7f,

    /* U+254D "╍" */
    0xfe, 0x7, 0xff, 0xe0, 0x7f, 0xfe, 0x7, 0xff,
    0xe0, 0x7f, 0xfe, 0x7, 0xff, 0xe0, 0x7f, 0xfe,
    0x7, 0xff, 0xe0, 0x7f, 0xfe, 0x7, 0xf0,

    /* U+254E "╎" */
    0xff, 0xff, 0xff, 0xff, 0xff, 0xff, 0xff, 0xff,
    0xff, 0xff, 0x0, 0x0, 0x0, 0xff, 0xff, 0xff,
    0xff, 0xff, 0xff, 0xff, 0xff, 0xff, 0xff,

    /* U+254F "╏" */
    0xff, 0xff, 0xff, 0xff, 0xff, 0xff, 0xff, 0xff,
    0xff, 0xff, 0xff, 0xff, 0xff, 0xff, 0xff, 0xff,
    0xff, 0xff, 0xff, 0xff, 0xc0, 0x0, 0x0, 0x0,
    0x0, 0x0, 0x0, 0x0, 0x0, 0x3f, 0xff, 0xff,
    0xff, 0xff, 0xff, 0xff, 0xff, 0xff, 0xff, 0xff,
    0xff, 0xff, 0xff, 0xff, 0xff, 0xff, 0xff, 0xff,
    0xff, 0xf0,

    /* U+2550 "═" */
    0xff, 0xff, 0xff, 0xff, 0xff, 0xff, 0xff, 0xff,
    0xff, 0xff, 0xff, 0xff, 0xff, 0xff, 0x0, 0x0,
    0x0, 0x0, 0x0, 0x0, 0x0, 0x0, 0x0, 0x0,
    0x0, 0x0, 0x0, 0x0, 0x0, 0x0, 0x0, 0xf,
    0xff, 0xff, 0xff, 0xff, 0xff, 0xff, 0xff, 0xff,
    0xff, 0xff, 0xff, 0xff, 0xff, 0xf0,

    /* U+2551 "║" */
    0xf0, 0x7f, 0x83, 0xfc, 0x1f, 0xe0, 0xff, 0x7,
    0xf8, 0x3f, 0xc1, 0xfe, 0xf, 0xf0, 0x7f, 0x83,
    0xfc, 0x1f, 0xe0, 0xff, 0x7, 0xf8, 0x3f, 0xc1,
    0xfe, 0xf, 0xf0, 0x7f, 0x83, 0xfc, 0x1f, 0xe0,
    0xff, 0x7, 0xf8, 0x3f, 0xc1, 0xfe, 0xf, 0xf0,
    0x7f, 0x83, 0xfc, 0x1f, 0xe0, 0xff, 0x7, 0xf8,
    0x3f, 0xc1, 0xfe, 0xf, 0xf0, 0x7f, 0x83, 0xfc,
    0x1f, 0xe0, 0xff, 0x7, 0xf8, 0x3f, 0xc1, 0xfe,
    0xf, 0xf0, 0x7f, 0x83, 0xfc, 0x1f, 0xe0, 0xff,
    0x7, 0xf8, 0x3f, 0xc1, 0xfe, 0xf, 0xf0, 0x7f,
    0x83, 0xfc, 0x1f, 0xe0, 0xff, 0x7, 0xf8, 0x3f,
    0xc1, 0xfe, 0xf, 0xf0, 0x7f, 0x83, 0xc0,

    /* U+2552 "╒" */
    0xff, 0xff, 0xff, 0xff, 0xff, 0xff, 0xff, 0xff,
    0xf0, 0x0, 0xf0, 0x0, 0xf0, 0x0, 0xf0, 0x0,
    0xf0, 0x0, 0xff, 0xff, 0xff, 0xff, 0xff, 0xff,
    0xff, 0xff, 0xf0, 0x0, 0xf0, 0x0, 0xf0, 0x0,
    0xf0, 0x0, 0xf0, 0x0, 0xf0, 0x0, 0xf0, 0x0,
    0xf0, 0x0, 0xf0, 0x0, 0xf0, 0x0, 0xf0, 0x0,
    0xf0, 0x0, 0xf0, 0x0, 0xf0, 0x0, 0xf0, 0x0,
    0xf0, 0x0, 0xf0, 0x0, 0xf0, 0x0, 0xf0, 0x0,
    0xf0, 0x0, 0xf0, 0x0, 0xf0, 0x0, 0xf0, 0x0,

    /* U+2553 "╓" */
    0xff, 0xff, 0xff, 0xff, 0xff, 0xff, 0xff, 0xff,
    0xff, 0xff, 0xf0, 0x78, 0xf, 0x7, 0x80, 0xf0,
    0x78, 0xf, 0x7, 0x80, 0xf0, 0x78, 0xf, 0x7,
    0x80, 0xf0, 0x78, 0xf, 0x7, 0x80, 0xf0, 0x78,
    0xf, 0x7, 0x80, 0xf0, 0x78, 0xf, 0x7, 0x80,
    0xf0, 0x78, 0xf, 0x7, 0x80, 0xf0, 0x78, 0xf,
    0x7, 0x80, 0xf0, 0x78, 0xf, 0x7, 0x80, 0xf0,
    0x78, 0xf, 0x7, 0x80, 0xf0, 0x78, 0xf, 0x7,
    0x80, 0xf0, 0x78, 0xf, 0x7, 0x80, 0xf0, 0x78,
    0xf, 0x7, 0x80, 0xf0, 0x78, 0x0,

    /* U+2554 "╔" */
    0xff, 0xff, 0xff, 0xff, 0xff, 0xff, 0xff, 0xff,
    0xff, 0xff, 0xf0, 0x0, 0xf, 0x0, 0x0, 0xf0,
    0x0, 0xf, 0x0, 0x0, 0xf0, 0x0, 0xf, 0x7,
    0xff, 0xf0, 0x7f, 0xff, 0x7, 0xff, 0xf0, 0x7f,
    0xff, 0x7, 0x80, 0xf0, 0x78, 0xf, 0x7, 0x80,
    0xf0, 0x78, 0xf, 0x7, 0x80, 0xf0, 0x78, 0xf,
    0x7, 0x80, 0xf0, 0x78, 0xf, 0x7, 0x80, 0xf0,
    0x78, 0xf, 0x7, 0x80, 0xf0, 0x78, 0xf, 0x7,
    0x80, 0xf0, 0x78, 0xf, 0x7, 0x80, 0xf0, 0x78,
    0xf, 0x7, 0x80, 0xf0, 0x78, 0xf, 0x7, 0x80,
    0xf0, 0x78, 0xf, 0x7, 0x80, 0xf0, 0x78, 0xf,
    0x7, 0x80,

    /* U+2555 "╕" */
    0xff, 0xff, 0xff, 0xff, 0xff, 0xff, 0xff, 0xff,
    0x0, 0xf, 0x0, 0xf, 0x0, 0xf, 0x0, 0xf,
    0x0, 0xf, 0xff, 0xff, 0xff, 0xff, 0xff, 0xff,
    0xff, 0xff, 0x0, 0xf, 0x0, 0xf, 0x0, 0xf,
    0x0, 0xf, 0x0, 0xf, 0x0, 0xf, 0x0, 0xf,
    0x0, 0xf, 0x0, 0xf, 0x0, 0xf, 0x0, 0xf,
    0x0, 0xf, 0x0, 0xf, 0x0, 0xf, 0x0, 0xf,
    0x0, 0xf, 0x0, 0xf, 0x0, 0xf, 0x0, 0xf,
    0x0, 0xf, 0x0, 0xf, 0x0, 0xf, 0x0, 0xf,

    /* U+2556 "╖" */
    0xff, 0xff, 0xff, 0xff, 0xff, 0xff, 0xff, 0xff,
    0xff, 0xff, 0x1, 0xe0, 0xf0, 0x1e, 0xf, 0x1,
    0xe0, 0xf0, 0x1e, 0xf, 0x1, 0xe0, 0xf0, 0x1e,
    0xf, 0x1, 0xe0, 0xf0, 0x1e, 0xf, 0x1, 0xe0,
    0xf0, 0x1e, 0xf, 0x1, 0xe0, 0xf0, 0x1e, 0xf,
    0x1, 0xe0, 0xf0, 0x1e, 0xf, 0x1, 0xe0, 0xf0,
    0x1e, 0xf, 0x1, 0xe0, 0xf0, 0x1e, 0xf, 0x1,
    0xe0, 0xf0, 0x1e, 0xf, 0x1, 0xe0, 0xf0, 0x1e,
    0xf, 0x1, 0xe0, 0xf0, 0x1e, 0xf, 0x1, 0xe0,
    0xf0, 0x1e, 0xf, 0x1, 0xe0, 0xf0,

    /* U+2557 "╗" */
    0xff, 0xff, 0xff, 0xff, 0xff, 0xff, 0xff, 0xff,
    0xff, 0xff, 0x0, 0x0, 0xf0, 0x0, 0xf, 0x0,
    0x0, 0xf0, 0x0, 0xf, 0x0, 0x0, 0xff, 0xfe,
    0xf, 0xff, 0xe0, 0xff, 0xfe, 0xf, 0xff, 0xe0,
    0xf0, 0x1e, 0xf, 0x1, 0xe0, 0xf0, 0x1e, 0xf,
    0x1, 0xe0, 0xf0, 0x1e, 0xf, 0x1, 0xe0, 0xf0,
    0x1e, 0xf, 0x1, 0xe0, 0xf0, 0x1e, 0xf, 0x1,
    0xe0, 0xf0, 0x1e, 0xf, 0x1, 0xe0, 0xf0, 0x1e,
    0xf, 0x1, 0xe0, 0xf0, 0x1e, 0xf, 0x1, 0xe0,
    0xf0, 0x1e, 0xf, 0x1, 0xe0, 0xf0, 0x1e, 0xf,
    0x1, 0xe0, 0xf0, 0x1e, 0xf, 0x1, 0xe0, 0xf0,
    0x1e, 0xf,

    /* U+2558 "╘" */
    0xf0, 0x0, 0xf0, 0x0, 0xf0, 0x0, 0xf0, 0x0,
    0xf0, 0x0, 0xf0, 0x0, 0xf0, 0x0, 0xf0, 0x0,
    0xf0, 0x0, 0xf0, 0x0, 0xf0, 0x0, 0xf0, 0x0,
    0xf0, 0x0, 0xf0, 0x0, 0xf0, 0x0, 0xf0, 0x0,
    0xf0, 0x0, 0xf0, 0x0, 0xf0, 0x0, 0xf0, 0x0,
    0xf0, 0x0, 0xf0, 0x0, 0xff, 0xff, 0xff, 0xff,
    0xff, 0xff, 0xff, 0xff, 0xf0, 0x0, 0xf0, 0x0,
    0xf0, 0x0, 0xf0, 0x0, 0xf0, 0x0, 0xff, 0xff,
    0xff, 0xff, 0xff, 0xff, 0xff, 0xff,

    /* U+2559 "╙" */
    0xf0, 0x78, 0xf, 0x7, 0x80, 0xf0, 0x78, 0xf,
    0x7, 0x80, 0xf0, 0x78, 0xf, 0x7, 0x80, 0xf0,
    0x78, 0xf, 0x7, 0x80, 0xf0, 0x78, 0xf, 0x7,
    0x80, 0xf0, 0x78, 0xf, 0x7, 0x80, 0xf0, 0x78,
    0xf, 0x7, 0x80, 0xf0, 0x78, 0xf, 0x7, 0x80,
    0xf0, 0x78, 0xf, 0x7, 0x80, 0xf0, 0x78, 0xf,
    0x7, 0x80, 0xf0, 0x78, 0xf, 0x7, 0x80, 0xf0,
    0x78, 0xf, 0x7, 0x80, 0xf0, 0x78, 0xf, 0x7,
    0x80, 0xff, 0xff, 0xff, 0xff, 0xff, 0xff, 0xff,
    0xff, 0xff, 0xff,

    /* U+255A "╚" */
    0xf0, 0x78, 0xf, 0x7, 0x80, 0xf0, 0x78, 0xf,
    0x7, 0x80, 0xf0, 0x78, 0xf, 0x7, 0x80, 0xf0,
    0x78, 0xf, 0x7, 0x80, 0xf0, 0x78, 0xf, 0x7,
    0x80, 0xf0, 0x78, 0xf, 0x7, 0x80, 0xf0, 0x78,
    0xf, 0x7, 0x80, 0xf0, 0x78, 0xf, 0x7, 0x80,
    0xf0, 0x78, 0xf, 0x7, 0x80, 0xf0, 0x78, 0xf,
    0x7, 0x80, 0xf0, 0x78, 0xf, 0x7, 0x80, 0xf0,
    0x7f, 0xff, 0x7, 0xff, 0xf0, 0x7f, 0xff, 0x7,
    0xff, 0xf0, 0x0, 0xf, 0x0, 0x0, 0xf0, 0x0,
    0xf, 0x0, 0x0, 0xf0, 0x0, 0xf, 0xff, 0xff,
    0xff, 0xff, 0xff, 0xff, 0xff, 0xff, 0xff, 0xf0,

    /* U+255B "╛" */
    0x0, 0xf, 0x0, 0xf, 0x0, 0xf, 0x0, 0xf,
    0x0, 0xf, 0x0, 0xf, 0x0, 0xf, 0x0, 0xf,
    0x0, 0xf, 0x0, 0xf, 0x0, 0xf, 0x0, 0xf,
    0x0, 0xf, 0x0, 0xf, 0x0, 0xf, 0x0, 0xf,
    0x0, 0xf, 0x0, 0xf, 0x0, 0xf, 0x0, 0xf,
    0x0, 0xf, 0x0, 0xf, 0xff, 0xff, 0xff, 0xff,
    0xff, 0xff, 0xff, 0xff, 0x0, 0xf, 0x0, 0xf,
    0x0, 0xf, 0x0, 0xf, 0x0, 0xf, 0xff, 0xff,
    0xff, 0xff, 0xff, 0xff, 0xff, 0xff,

    /* U+255C "╜" */
    0x1, 0xe0, 0xf0, 0x1e, 0xf, 0x1, 0xe0, 0xf0,
    0x1e, 0xf, 0x1, 0xe0, 0xf0, 0x1e, 0xf, 0x1,
    0xe0, 0xf0, 0x1e, 0xf, 0x1, 0xe0, 0xf0, 0x1e,
    0xf, 0x1, 0xe0, 0xf0, 0x1e, 0xf, 0x1, 0xe0,
    0xf0, 0x1e, 0xf, 0x1, 0xe0, 0xf0, 0x1e, 0xf,
    0x1, 0xe0, 0xf0, 0x1e, 0xf, 0x1, 0xe0, 0xf0,
    0x1e, 0xf, 0x1, 0xe0, 0xf0, 0x1e, 0xf, 0x1,
    0xe0, 0xf0, 0x1e, 0xf, 0x1, 0xe0, 0xf0, 0x1e,
    0xf, 0xff, 0xff, 0xff, 0xff, 0xff, 0xff, 0xff,
    0xff, 0xff, 0xff,

    /* U+255D "╝" */
    0x1, 0xe0, 0xf0, 0x1e, 0xf, 0x1, 0xe0, 0xf0,
    0x1e, 0xf, 0x1, 0xe0, 0xf0, 0x1e, 0xf, 0x1,
    0xe0, 0xf0, 0x1e, 0xf, 0x1, 0xe0, 0xf0, 0x1e,
    0xf, 0x1, 0xe0, 0xf0, 0x1e, 0xf, 0x1, 0xe0,
    0xf0, 0x1e, 0xf, 0x1, 0xe0, 0xf0, 0x1e, 0xf,
    0x1, 0xe0, 0xf0, 0x1e, 0xf, 0x1, 0xe0, 0xf0,
    0x1e, 0xf, 0x1, 0xe0, 0xf0, 0x1e, 0xf, 0xff,
    0xe0, 0xff, 0xfe, 0xf, 0xff, 0xe0, 0xff, 0xfe,
    0xf, 0x0, 0x0, 0xf0, 0x0, 0xf, 0x0, 0x0,
    0xf0, 0x0, 0xf, 0x0, 0x0, 0xff, 0xff, 0xff,
    0xff, 0xff, 0xff, 0xff, 0xff, 0xff, 0xff, 0xf0,

    /* U+255E "╞" */
    0xf0, 0x0, 0xf0, 0x0, 0xf0, 0x0, 0xf0, 0x0,
    0xf0, 0x0, 0xf0, 0x0, 0xf0, 0x0, 0xf0, 0x0,
    0xf0, 0x0, 0xf0, 0x0, 0xf0, 0x0, 0xf0, 0x0,
    0xf0, 0x0, 0xf0, 0x0, 0xf0, 0x0, 0xf0, 0x0,
    0xf0, 0x0, 0xf0, 0x0, 0xf0, 0x0, 0xf0, 0x0,
    0xf0, 0x0, 0xf0, 0x0, 0xff, 0xff, 0xff, 0xff,
    0xff, 0xff, 0xff, 0xff, 0xf0, 0x0, 0xf0, 0x0,
    0xf0, 0x0, 0xf0, 0x0, 0xf0, 0x0, 0xff, 0xff,
    0xff, 0xff, 0xff, 0xff, 0xff, 0xff, 0xf0, 0x0,
    0xf0, 0x0, 0xf0, 0x0, 0xf0, 0x0, 0xf0, 0x0,
    0xf0, 0x0, 0xf0, 0x0, 0xf0, 0x0, 0xf0, 0x0,
    0xf0, 0x0, 0xf0, 0x0, 0xf0, 0x0, 0xf0, 0x0,
    0xf0, 0x0, 0xf0, 0x0, 0xf0, 0x0, 0xf0, 0x0,
    0xf0, 0x0, 0xf0, 0x0, 0xf0, 0x0, 0xf0, 0x0,
    0xf0, 0x0, 0xf0, 0x0,

    /* U+255F "╟" */
    0xf0, 0x78, 0xf, 0x7, 0x80, 0xf0, 0x78, 0xf,
    0x7, 0x80, 0xf0, 0x78, 0xf, 0x7, 0x80, 0xf0,
    0x78, 0xf, 0x7, 0x80, 0xf0, 0x78, 0xf, 0x7,
    0x80, 0xf0, 0x78, 0xf, 0x7, 0x80, 0xf0, 0x78,
    0xf, 0x7, 0x80, 0xf0, 0x78, 0xf, 0x7, 0x80,
    0xf0, 0x78, 0xf, 0x7, 0x80, 0xf0, 0x78, 0xf,
    0x7, 0x80, 0xf0, 0x78, 0xf, 0x7, 0x80, 0xf0,
    0x78, 0xf, 0x7, 0x80, 0xf0, 0x78, 0xf, 0x7,
    0x80, 0xf0, 0x7f, 0xff, 0x7, 0xff, 0xf0, 0x7f,
    0xff, 0x7, 0xff, 0xf0, 0x7f, 0xff, 0x7, 0x80,
    0xf0, 0x78, 0xf, 0x7, 0x80, 0xf0, 0x78, 0xf,
    0x7, 0x80, 0xf0, 0x78, 0xf, 0x7, 0x80, 0xf0,
    0x78, 0xf, 0x7, 0x80, 0xf0, 0x78, 0xf, 0x7,
    0x80, 0xf0, 0x78, 0xf, 0x7, 0x80, 0xf0, 0x78,
    0xf, 0x7, 0x80, 0xf0, 0x78, 0xf, 0x7, 0x80,
    0xf0, 0x78, 0xf, 0x7, 0x80, 0xf0, 0x78, 0xf,
    0x7, 0x80, 0xf0, 0x78, 0xf, 0x7, 0x80, 0xf0,
    0x78, 0xf, 0x7, 0x80, 0xf0, 0x78, 0xf, 0x7,
    0x80,

    /* U+2560 "╠" */
    0xf0, 0x78, 0xf, 0x7, 0x80, 0xf0, 0x78, 0xf,
    0x7, 0x80, 0xf0, 0x78, 0xf, 0x7, 0x80, 0xf0,
    0x78, 0xf, 0x7, 0x80, 0xf0, 0x78, 0xf, 0x7,
    0x80, 0xf0, 0x78, 0xf, 0x7, 0x80, 0xf0, 0x78,
    0xf, 0x7, 0x80, 0xf0, 0x78, 0xf, 0x7, 0x80,
    0xf0, 0x78, 0xf, 0x7, 0x80, 0xf0, 0x78, 0xf,
    0x7, 0x80, 0xf0, 0x78, 0xf, 0x7, 0x80, 0xf0,
    0x7f, 0xff, 0x7, 0xff, 0xf0, 0x7f, 0xff, 0x7,
    0xff, 0xf0, 0x0, 0xf, 0x0, 0x0, 0xf0, 0x0,
    0xf, 0x0, 0x0, 0xf0, 0x0, 0xf, 0x7, 0xff,
    0xf0, 0x7f, 0xff, 0x7, 0xff, 0xf0, 0x7f, 0xff,
    0x7, 0x80, 0xf0, 0x78, 0xf, 0x7, 0x80, 0xf0,
    0x78, 0xf, 0x7, 0x80, 0xf0, 0x78, 0xf, 0x7,
    0x80, 0xf0, 0x78, 0xf, 0x7, 0x80, 0xf0, 0x78,
    0xf, 0x7, 0x80, 0xf0, 0x78, 0xf, 0x7, 0x80,
    0xf0, 0x78, 0xf, 0x7, 0x80, 0xf0, 0x78, 0xf,
    0x7, 0x80, 0xf0, 0x78, 0xf, 0x7, 0x80, 0xf0,
    0x78, 0xf, 0x7, 0x80, 0xf0, 0x78, 0xf, 0x7,
    0x80,

    /* U+2561 "╡" */
    0x0, 0xf, 0x0, 0xf, 0x0, 0xf, 0x0, 0xf,
    0x0, 0xf, 0x0, 0xf, 0x0, 0xf, 0x0, 0xf,
    0x0, 0xf, 0x0, 0xf, 0x0, 0xf, 0x0, 0xf,
    0x0, 0xf, 0x0, 0xf, 0x0, 0xf, 0x0, 0xf,
    0x0, 0xf, 0x0, 0xf, 0x0, 0xf, 0x0, 0xf,
    0x0, 0xf, 0x0, 0xf, 0xff, 0xff, 0xff, 0xff,
    0xff, 0xff, 0xff, 0xff, 0x0, 0xf, 0x0, 0xf,
    0x0, 0xf, 0x0, 0xf, 0x0, 0xf, 0xff, 0xff,
    0xff, 0xff, 0xff, 0xff, 0xff, 0xff, 0x0, 0xf,
    0x0, 0xf, 0x0, 0xf, 0x0, 0xf, 0x0, 0xf,
    0x0, 0xf, 0x0, 0xf, 0x0, 0xf, 0x0, 0xf,
    0x0, 0xf, 0x0, 0xf, 0x0, 0xf, 0x0, 0xf,
    0x0, 0xf, 0x0, 0xf, 0x0, 0xf, 0x0, 0xf,
    0x0, 0xf, 0x0, 0xf, 0x0, 0xf, 0x0, 0xf,
    0x0, 0xf, 0x0, 0xf,

    /* U+2562 "╢" */
    0x1, 0xe0, 0xf0, 0x1e, 0xf, 0x1, 0xe0, 0xf0,
    0x1e, 0xf, 0x1, 0xe0, 0xf0, 0x1e, 0xf, 0x1,
    0xe0, 0xf0, 0x1e, 0xf, 0x1, 0xe0, 0xf0, 0x1e,
    0xf, 0x1, 0xe0, 0xf0, 0x1e, 0xf, 0x1, 0xe0,
    0xf0, 0x1e, 0xf, 0x1, 0xe0, 0xf0, 0x1e, 0xf,
    0x1, 0xe0, 0xf0, 0x1e, 0xf, 0x1, 0xe0, 0xf0,
    0x1e, 0xf, 0x1, 0xe0, 0xf0, 0x1e, 0xf, 0x1,
    0xe0, 0xf0, 0x1e, 0xf, 0x1, 0xe0, 0xf0, 0x1e,
    0xf, 0xff, 0xe0, 0xff, 0xfe, 0xf, 0xff, 0xe0,
    0xff, 0xfe, 0xf, 0xff, 0xe0, 0xf0, 0x1e, 0xf,
    0x1, 0xe0, 0xf0, 0x1e, 0xf, 0x1, 0xe0, 0xf0,
    0x1e, 0xf, 0x1, 0xe0, 0xf0, 0x1e, 0xf, 0x1,
    0xe0, 0xf0, 0x1e, 0xf, 0x1, 0xe0, 0xf0, 0x1e,
    0xf, 0x1, 0xe0, 0xf0, 0x1e, 0xf, 0x1, 0xe0,
    0xf0, 0x1e, 0xf, 0x1, 0xe0, 0xf0, 0x1e, 0xf,
    0x1, 0xe0, 0xf0, 0x1e, 0xf, 0x1, 0xe0, 0xf0,
    0x1e, 0xf, 0x1, 0xe0, 0xf0, 0x1e, 0xf, 0x1,
    0xe0, 0xf0, 0x1e, 0xf, 0x1, 0xe0, 0xf0, 0x1e,
    0xf,

    /* U+2563 "╣" */
    0x1, 0xe0, 0xf0, 0x1e, 0xf, 0x1, 0xe0, 0xf0,
    0x1e, 0xf, 0x1, 0xe0, 0xf0, 0x1e, 0xf, 0x1,
    0xe0, 0xf0, 0x1e, 0xf, 0x1, 0xe0, 0xf0, 0x1e,
    0xf, 0x1, 0xe0, 0xf0, 0x1e, 0xf, 0x1, 0xe0,
    0xf0, 0x1e, 0xf, 0x1, 0xe0, 0xf0, 0x1e, 0xf,
    0x1, 0xe0, 0xf0, 0x1e, 0xf, 0x1, 0xe0, 0xf0,
    0x1e, 0xf, 0x1, 0xe0, 0xf0, 0x1e, 0xf, 0xff,
    0xe0, 0xff, 0xfe, 0xf, 0xff, 0xe0, 0xff, 0xfe,
    0xf, 0x0, 0x0, 0xf0, 0x0, 0xf, 0x0, 0x0,
    0xf0, 0x0, 0xf, 0x0, 0x0, 0xff, 0xfe, 0xf,
    0xff, 0xe0, 0xff, 0xfe, 0xf, 0xff, 0xe0, 0xf0,
    0x1e, 0xf, 0x1, 0xe0, 0xf0, 0x1e, 0xf, 0x1,
    0xe0, 0xf0, 0x1e, 0xf, 0x1, 0xe0, 0xf0, 0x1e,
    0xf, 0x1, 0xe0, 0xf0, 0x1e, 0xf, 0x1, 0xe0,
    0xf0, 0x1e, 0xf, 0x1, 0xe0, 0xf0, 0x1e, 0xf,
    0x1, 0xe0, 0xf0, 0x1e, 0xf, 0x1, 0xe0, 0xf0,
    0x1e, 0xf, 0x1, 0xe0, 0xf0, 0x1e, 0xf, 0x1,
    0xe0, 0xf0, 0x1e, 0xf, 0x1, 0xe0, 0xf0, 0x1e,
    0xf,

    /* U+2564 "╤" */
    0xff, 0xff, 0xff, 0xff, 0xff, 0xff, 0xff, 0xff,
    0xff, 0xff, 0xff, 0xff, 0xff, 0xff, 0x0, 0x0,
    0x0, 0x0, 0x0, 0x0, 0x0, 0x0, 0x0, 0x0,
    0x0, 0x0, 0x0, 0x0, 0x0, 0x0, 0x0, 0xf,
    0xff, 0xff, 0xff, 0xff, 0xff, 0xff, 0xff, 0xff,
    0xff, 0xff, 0xff, 0xff, 0xff, 0xf0, 0x0, 0xf0,
    0x0, 0x0, 0xf, 0x0, 0x0, 0x0, 0xf0, 0x0,
    0x0, 0xf, 0x0, 0x0, 0x0, 0xf0, 0x0, 0x0,
    0xf, 0x0, 0x0, 0x0, 0xf0, 0x0, 0x0, 0xf,
    0x0, 0x0, 0x0, 0xf0, 0x0, 0x0, 0xf, 0x0,
    0x0, 0x0, 0xf0, 0x0, 0x0, 0xf, 0x0, 0x0,
    0x0, 0xf0, 0x0, 0x0, 0xf, 0x0, 0x0, 0x0,
    0xf0, 0x0, 0x0, 0xf, 0x0, 0x0, 0x0, 0xf0,
    0x0, 0x0, 0xf, 0x0, 0x0, 0x0, 0xf0, 0x0,
    0x0, 0xf, 0x0, 0x0, 0x0, 0xf0, 0x0, 0x0,
    0xf, 0x0, 0x0, 0x0, 0xf0, 0x0,

    /* U+2565 "╥" */
    0xff, 0xff, 0xff, 0xff, 0xff, 0xff, 0xff, 0xff,
    0xff, 0xff, 0xff, 0xff, 0xff, 0xff, 0x1, 0xf0,
    0xf8, 0x0, 0x1f, 0xf, 0x80, 0x1, 0xf0, 0xf8,
    0x0, 0x1f, 0xf, 0x80, 0x1, 0xf0, 0xf8, 0x0,
    0x1f, 0xf, 0x80, 0x1, 0xf0, 0xf8, 0x0, 0x1f,
    0xf, 0x80, 0x1, 0xf0, 0xf8, 0x0, 0x1f, 0xf,
    0x80, 0x1, 0xf0, 0xf8, 0x0, 0x1f, 0xf, 0x80,
    0x1, 0xf0, 0xf8, 0x0, 0x1f, 0xf, 0x80, 0x1,
    0xf0, 0xf8, 0x0, 0x1f, 0xf, 0x80, 0x1, 0xf0,
    0xf8, 0x0, 0x1f, 0xf, 0x80, 0x1, 0xf0, 0xf8,
    0x0, 0x1f, 0xf, 0x80, 0x1, 0xf0, 0xf8, 0x0,
    0x1f, 0xf, 0x80, 0x1, 0xf0, 0xf8, 0x0, 0x1f,
    0xf, 0x80, 0x1, 0xf0, 0xf8, 0x0, 0x1f, 0xf,
    0x80, 0x1, 0xf0, 0xf8, 0x0,

    /* U+2566 "╦" */
    0xff, 0xff, 0xff, 0xff, 0xff, 0xff, 0xff, 0xff,
    0xff, 0xff, 0xff, 0xff, 0xff, 0xff, 0x0, 0x0,
    0x0, 0x0, 0x0, 0x0, 0x0, 0x0, 0x0, 0x0,
    0x0, 0x0, 0x0, 0x0, 0x0, 0x0, 0x0, 0xf,
    0xff, 0xf, 0xff, 0xff, 0xf0, 0xff, 0xff, 0xff,
    0xf, 0xff, 0xff, 0xf0, 0xff, 0xf0, 0x1f, 0xf,
    0x80, 0x1, 0xf0, 0xf8, 0x0, 0x1f, 0xf, 0x80,
    0x1, 0xf0, 0xf8, 0x0, 0x1f, 0xf, 0x80, 0x1,
    0xf0, 0xf8, 0x0, 0x1f, 0xf, 0x80, 0x1, 0xf0,
    0xf8, 0x0, 0x1f, 0xf, 0x80, 0x1, 0xf0, 0xf8,
    0x0, 0x1f, 0xf, 0x80, 0x1, 0xf0, 0xf8, 0x0,
    0x1f, 0xf, 0x80, 0x1, 0xf0, 0xf8, 0x0, 0x1f,
    0xf, 0x80, 0x1, 0xf0, 0xf8, 0x0, 0x1f, 0xf,
    0x80, 0x1, 0xf0, 0xf8, 0x0, 0x1f, 0xf, 0x80,
    0x1, 0xf0, 0xf8, 0x0, 0x1f, 0xf, 0x80, 0x1,
    0xf0, 0xf8, 0x0, 0x1f, 0xf, 0x80,

    /* U+2567 "╧" */
    0x0, 0xf, 0x0, 0x0, 0x0, 0xf0, 0x0, 0x0,
    0xf, 0x0, 0x0, 0x0, 0xf0, 0x0, 0x0, 0xf,
    0x0, 0x0, 0x0, 0xf0, 0x0, 0x0, 0xf, 0x0,
    0x0, 0x0, 0xf0, 0x0, 0x0, 0xf, 0x0, 0x0,
    0x0, 0xf0, 0x0, 0x0, 0xf, 0x0, 0x0, 0x0,
    0xf0, 0x0, 0x0, 0xf, 0x0, 0x0, 0x0, 0xf0,
    0x0, 0x0, 0xf, 0x0, 0x0, 0x0, 0xf0, 0x0,
    0x0, 0xf, 0x0, 0x0, 0x0, 0xf0, 0x0, 0x0,
    0xf, 0x0, 0x0, 0x0, 0xf0, 0x0, 0x0, 0xf,
    0x0, 0x0, 0x0, 0xf0, 0x0, 0xff, 0xff, 0xff,
    0xff, 0xff, 0xff, 0xff, 0xff, 0xff, 0xff, 0xff,
    0xff, 0xff, 0xff, 0x0, 0x0, 0x0, 0x0, 0x0,
    0x0, 0x0, 0x0, 0x0, 0x0, 0x0, 0x0, 0x0,
    0x0, 0x0, 0x0, 0x0, 0xf, 0xff, 0xff, 0xff,
    0xff, 0xff, 0xff, 0xff, 0xff, 0xff, 0xff, 0xff,
    0xff, 0xff, 0xf0,

    /* U+2568 "╨" */
    0x1, 0xf0, 0xf8, 0x0, 0x1f, 0xf, 0x80, 0x1,
    0xf0, 0xf8, 0x0, 0x1f, 0xf, 0x80, 0x1, 0xf0,
    0xf8, 0x0, 0x1f, 0xf, 0x80, 0x1, 0xf0, 0xf8,
    0x0, 0x1f, 0xf, 0x80, 0x1, 0xf0, 0xf8, 0x0,
    0x1f, 0xf, 0x80, 0x1, 0xf0, 0xf8, 0x0, 0x1f,
    0xf, 0x80, 0x1, 0xf0, 0xf8, 0x0, 0x1f, 0xf,
    0x80, 0x1, 0xf0, 0xf8, 0x0, 0x1f, 0xf, 0x80,
    0x1, 0xf0, 0xf8, 0x0, 0x1f, 0xf, 0x80, 0x1,
    0xf0, 0xf8, 0x0, 0x1f, 0xf, 0x80, 0x1, 0xf0,
    0xf8, 0x0, 0x1f, 0xf, 0x80, 0x1, 0xf0, 0xf8,
    0x0, 0x1f, 0xf, 0x80, 0x1, 0xf0, 0xf8, 0x0,
    0x1f, 0xf, 0x80, 0xff, 0xff, 0xff, 0xff, 0xff,
    0xff, 0xff, 0xff, 0xff, 0xff, 0xff, 0xff, 0xff,
    0xff,

    /* U+2569 "╩" */
    0x1, 0xf0, 0xf8, 0x0, 0x1f, 0xf, 0x80, 0x1,
    0xf0, 0xf8, 0x0, 0x1f, 0xf, 0x80, 0x1, 0xf0,
    0xf8, 0x0, 0x1f, 0xf, 0x80, 0x1, 0xf0, 0xf8,
    0x0, 0x1f, 0xf, 0x80, 0x1, 0xf0, 0xf8, 0x0,
    0x1f, 0xf, 0x80, 0x1, 0xf0, 0xf8, 0x0, 0x1f,
    0xf, 0x80, 0x1, 0xf0, 0xf8, 0x0, 0x1f, 0xf,
    0x80, 0x1, 0xf0, 0xf8, 0x0, 0x1f, 0xf, 0x80,
    0x1, 0xf0, 0xf8, 0x0, 0x1f, 0xf, 0x80, 0x1,
    0xf0, 0xf8, 0x0, 0x1f, 0xf, 0x80, 0x1, 0xf0,
    0xf8, 0x0, 0x1f, 0xf, 0x80, 0xff, 0xf0, 0xff,
    0xff, 0xff, 0xf, 0xff, 0xff, 0xf0, 0xff, 0xff,
    0xff, 0xf, 0xff, 0x0, 0x0, 0x0, 0x0, 0x0,
    0x0, 0x0, 0x0, 0x0, 0x0, 0x0, 0x0, 0x0,
    0x0, 0x0, 0x0, 0x0, 0xf, 0xff, 0xff, 0xff,
    0xff, 0xff, 0xff, 0xff, 0xff, 0xff, 0xff, 0xff,
    0xff, 0xff, 0xf0,

    /* U+256A "╪" */
    0x0, 0xf, 0x0, 0x0, 0x0, 0xf0, 0x0, 0x0,
    0xf, 0x0, 0x0, 0x0, 0xf0, 0x0, 0x0, 0xf,
    0x0, 0x0, 0x0, 0xf0, 0x0, 0x0, 0xf, 0x0,
    0x0, 0x0, 0xf0, 0x0, 0x0, 0xf, 0x0, 0x0,
    0x0, 0xf0, 0x0, 0x0, 0xf, 0x0, 0x0, 0x0,
    0xf0, 0x0, 0x0, 0xf, 0x0, 0x0, 0x0, 0xf0,
    0x0, 0x0, 0xf, 0x0, 0x0, 0x0, 0xf0, 0x0,
    0x0, 0xf, 0x0, 0x0, 0x0, 0xf0, 0x0, 0x0,
    0xf, 0x0, 0x0, 0x0, 0xf0, 0x0, 0x0, 0xf,
    0x0, 0x0, 0x0, 0xf0, 0x0, 0xff, 0xff, 0xff,
    0xff, 0xff, 0xff, 0xff, 0xff, 0xff, 0xff, 0xff,
    0xff, 0xff, 0xff, 0x0, 0xf, 0x0, 0x0, 0x0,
    0xf0, 0x0, 0x0, 0xf, 0x0, 0x0, 0x0, 0xf0,
    0x0, 0x0, 0xf, 0x0, 0xf, 0xff, 0xff, 0xff,
    0xff, 0xff, 0xff, 0xff, 0xff, 0xff, 0xff, 0xff,
    0xff, 0xff, 0xf0, 0x0, 0xf0, 0x0, 0x0, 0xf,
    0x0, 0x0, 0x0, 0xf0, 0x0, 0x0, 0xf, 0x0,
    0x0, 0x0, 0xf0, 0x0, 0x0, 0xf, 0x0, 0x0,
    0x0, 0xf0, 0x0, 0x0, 0xf, 0x0, 0x0, 0x0,
    0xf0, 0x0, 0x0, 0xf, 0x0, 0x0, 0x0, 0xf0,
    0x0, 0x0, 0xf, 0x0, 0x0, 0x0, 0xf0, 0x0,
    0x0, 0xf, 0x0, 0x0, 0x0, 0xf0, 0x0, 0x0,
    0xf, 0x0, 0x0, 0x0, 0xf0, 0x0, 0x0, 0xf,
    0x0, 0x0, 0x0, 0xf0, 0x0, 0x0, 0xf, 0x0,
    0x0, 0x0, 0xf0, 0x0, 0x0, 0xf, 0x0, 0x0,
    0x0, 0xf0, 0x0,

    /* U+256B "╫" */
    0x1, 0xf0, 0xf8, 0x0, 0x1f, 0xf, 0x80, 0x1,
    0xf0, 0xf8, 0x0, 0x1f, 0xf, 0x80, 0x1, 0xf0,
    0xf8, 0x0, 0x1f, 0xf, 0x80, 0x1, 0xf0, 0xf8,
    0x0, 0x1f, 0xf, 0x80, 0x1, 0xf0, 0xf8, 0x0,
    0x1f, 0xf, 0x80, 0x1, 0xf0, 0xf8, 0x0, 0x1f,
    0xf, 0x80, 0x1, 0xf0, 0xf8, 0x0, 0x1f, 0xf,
    0x80, 0x1, 0xf0, 0xf8, 0x0, 0x1f, 0xf, 0x80,
    0x1, 0xf0, 0xf8, 0x0, 0x1f, 0xf, 0x80, 0x1,
    0xf0, 0xf8, 0x0, 0x1f, 0xf, 0x80, 0x1, 0xf0,
    0xf8, 0x0, 0x1f, 0xf, 0x80, 0x1, 0xf0, 0xf8,
    0x0, 0x1f, 0xf, 0x80, 0x1, 0xf0, 0xf8, 0x0,
    0x1f, 0xf, 0x80, 0xff, 0xff, 0xff, 0xff, 0xff,
    0xff, 0xff, 0xff, 0xff, 0xff, 0xff, 0xff, 0xff,
    0xff, 0xff, 0xff, 0xff, 0xf0, 0x1f, 0xf, 0x80,
    0x1, 0xf0, 0xf8, 0x0, 0x1f, 0xf, 0x80, 0x1,
    0xf0, 0xf8, 0x0, 0x1f, 0xf, 0x80, 0x1, 0xf0,
    0xf8, 0x0, 0x1f, 0xf, 0x80, 0x1, 0xf0, 0xf8,
    0x0, 0x1f, 0xf, 0x80, 0x1, 0xf0, 0xf8, 0x0,
    0x1f, 0xf, 0x80, 0x1, 0xf0, 0xf8, 0x0, 0x1f,
    0xf, 0x80, 0x1, 0xf0, 0xf8, 0x0, 0x1f, 0xf,
    0x80, 0x1, 0xf0, 0xf8, 0x0, 0x1f, 0xf, 0x80,
    0x1, 0xf0, 0xf8, 0x0, 0x1f, 0xf, 0x80, 0x1,
    0xf0, 0xf8, 0x0, 0x1f, 0xf, 0x80, 0x1, 0xf0,
    0xf8, 0x0, 0x1f, 0xf, 0x80, 0x1, 0xf0, 0xf8,
    0x0, 0x1f, 0xf, 0x80, 0x1, 0xf0, 0xf8, 0x0,
    0x1f, 0xf, 0x80,

    /* U+256C "╬" */
    0x1, 0xe0, 0xf0, 0x0, 0x3c, 0x1e, 0x0, 0x7,
    0x83, 0xc0, 0x0, 0xf0, 0x78, 0x0, 0x1e, 0xf,
    0x0, 0x3, 0xc1, 0xe0, 0x0, 0x78, 0x3c, 0x0,
    0xf, 0x7, 0x80, 0x1, 0xe0, 0xf0, 0x0, 0x3c,
    0x1e, 0x0, 0x7, 0x83, 0xc0, 0x0, 0xf0, 0x78,
    0x0, 0x1e, 0xf, 0x0, 0x3, 0xc1, 0xe0, 0x0,
    0x78, 0x3c, 0x0, 0xf, 0x7, 0x80, 0x1, 0xe0,
    0xf0, 0x0, 0x3c, 0x1e, 0x0, 0x7, 0x83, 0xc0,
    0x0, 0xf0, 0x78, 0x0, 0x1e, 0xf, 0x0, 0x3,
    0xc1, 0xe0, 0x3f, 0xf8, 0x3f, 0xff, 0xff, 0x7,
    0xff, 0xff, 0xe0, 0xff, 0xff, 0xfc, 0x1f, 0xfc,
    0x0, 0x0, 0x0, 0x0, 0x0, 0x0, 0x0, 0x0,
    0x0, 0x0, 0x0, 0x0, 0x0, 0x0, 0x0, 0x0,
    0x7, 0xff, 0x7, 0xff, 0xff, 0xe0, 0xff, 0xff,
    0xfc, 0x1f, 0xff, 0xff, 0x83, 0xff, 0x80, 0xf0,
    0x78, 0x0, 0x1e, 0xf, 0x0, 0x3, 0xc1, 0xe0,
    0x0, 0x78, 0x3c, 0x0, 0xf, 0x7, 0x80, 0x1,
    0xe0, 0xf0, 0x0, 0x3c, 0x1e, 0x0, 0x7, 0x83,
    0xc0, 0x0, 0xf0, 0x78, 0x0, 0x1e, 0xf, 0x0,
    0x3, 0xc1, 0xe0, 0x0, 0x78, 0x3c, 0x0, 0xf,
    0x7, 0x80, 0x1, 0xe0, 0xf0, 0x0, 0x3c, 0x1e,
    0x0, 0x7, 0x83, 0xc0, 0x0, 0xf0, 0x78, 0x0,
    0x1e, 0xf, 0x0, 0x3, 0xc1, 0xe0, 0x0, 0x78,
    0x3c, 0x0, 0xf, 0x7, 0x80, 0x1, 0xe0, 0xf0,
    0x0, 0x3c, 0x1e, 0x0,

    /* U+256D "╭" */
    0x0, 0x3f, 0x1, 0xff, 0x3, 0xff, 0xf, 0xff,
    0x1f, 0xe0, 0x1f, 0x80, 0x3e, 0x0, 0x7c, 0x0,
    0x7c, 0x0, 0x78, 0x0, 0xf8, 0x0, 0xf0, 0x0,
    0xf0, 0x0, 0xf0, 0x0, 0xf0, 0x0, 0xf0, 0x0,
    0xf0, 0x0, 0xf0, 0x0, 0xf0, 0x0, 0xf0, 0x0,
    0xf0, 0x0, 0xf0, 0x0, 0xf0, 0x0, 0xf0, 0x0,
    0xf0, 0x0, 0xf0, 0x0, 0xf0, 0x0, 0xf0, 0x0,
    0xf0, 0x0, 0xf0, 0x0, 0xf0, 0x0,

    /* U+256E "╮" */
    0xfc, 0x0, 0xff, 0x80, 0xff, 0xc0, 0xff, 0xf0,
    0x7, 0xf0, 0x1, 0xf8, 0x0, 0x7c, 0x0, 0x3c,
    0x0, 0x3e, 0x0, 0x1e, 0x0, 0x1f, 0x0, 0xf,
    0x0, 0xf, 0x0, 0xf, 0x0, 0xf, 0x0, 0xf,
    0x0, 0xf, 0x0, 0xf, 0x0, 0xf, 0x0, 0xf,
    0x0, 0xf, 0x0, 0xf, 0x0, 0xf, 0x0, 0xf,
    0x0, 0xf, 0x0, 0xf, 0x0, 0xf, 0x0, 0xf,
    0x0, 0xf, 0x0, 0xf, 0x0, 0xf,

    /* U+256F "╯" */
    0x0, 0xf, 0x0, 0xf, 0x0, 0xf, 0x0, 0xf,
    0x0, 0xf, 0x0, 0xf, 0x0, 0xf, 0x0, 0xf,
    0x0, 0xf, 0x0, 0xf, 0x0, 0xf, 0x0, 0xf,
    0x0, 0xf, 0x0, 0xf, 0x0, 0xf, 0x0, 0xf,
    0x0, 0xf, 0x0, 0xf, 0x0, 0xf, 0x0, 0x1f,
    0x0, 0x1e, 0x0, 0x3e, 0x0, 0x3c, 0x0, 0x7c,
    0x1, 0xf8, 0x7, 0xf0, 0xff, 0xf0, 0xff, 0xc0,
    0xff, 0x80, 0xfc, 0x0,

    /* U+2570 "╰" */
    0xf0, 0x0, 0xf0, 0x0, 0xf0, 0x0, 0xf0, 0x0,
    0xf0, 0x0, 0xf0, 0x0, 0xf0, 0x0, 0xf0, 0x0,
    0xf0, 0x0, 0xf0, 0x0, 0xf0, 0x0, 0xf0, 0x0,
    0xf0, 0x0, 0xf0, 0x0, 0xf0, 0x0, 0xf0, 0x0,
    0xf0, 0x0, 0xf0, 0x0, 0xf0, 0x0, 0xf8, 0x0,
    0x78, 0x0, 0x7c, 0x0, 0x7c, 0x0, 0x3e, 0x0,
    0x1f, 0x80, 0x1f, 0xe0, 0xf, 0xff, 0x3, 0xff,
    0x1, 0xff, 0x0, 0x3f,

    /* U+2571 "╱" */
    0x0, 0x0, 0x0, 0x70, 0x0, 0x0, 0xf, 0x0,
    0x0, 0x0, 0xf0, 0x0, 0x0, 0x1e, 0x0, 0x0,
    0x3, 0xe0, 0x0, 0x0, 0x3c, 0x0, 0x0, 0x7,
    0xc0, 0x0, 0x0, 0x78, 0x0, 0x0, 0xf, 0x80,
    0x0, 0x0, 0xf0, 0x0, 0x0, 0x1f, 0x0, 0x0,
    0x3, 0xe0, 0x0, 0x0, 0x3c, 0x0, 0x0, 0x7,
    0xc0, 0x0, 0x0, 0x78, 0x0, 0x0, 0xf, 0x80,
    0x0, 0x0, 0xf0, 0x0, 0x0, 0x1f, 0x0, 0x0,
    0x1, 0xe0, 0x0, 0x0, 0x3e, 0x0, 0x0, 0x7,
    0xc0, 0x0, 0x0, 0x78, 0x0, 0x0, 0xf, 0x80,
    0x0, 0x0, 0xf0, 0x0, 0x0, 0x1f, 0x0, 0x0,
    0x1, 0xe0, 0x0, 0x0, 0x3e, 0x0, 0x0, 0x3,
    0xc0, 0x0, 0x0, 0x78, 0x0, 0x0, 0xf, 0x80,
    0x0, 0x0, 0xf0, 0x0, 0x0, 0x1f, 0x0, 0x0,
    0x1, 0xe0, 0x0, 0x0, 0x3e, 0x0, 0x0, 0x3,
    0xc0, 0x0, 0x0, 0x7c, 0x0, 0x0, 0xf, 0x80,
    0x0, 0x0, 0xf0, 0x0, 0x0, 0x1f, 0x0, 0x0,
    0x1, 0xe0, 0x0, 0x0, 0x3e, 0x0, 0x0, 0x3,
    0xc0, 0x0, 0x0, 0x7c, 0x0, 0x0, 0x7, 0x80,
    0x0, 0x0, 0xf8, 0x0, 0x0, 0xf, 0x0, 0x0,
    0x0,

    /* U+2572 "╲" */
    0xf0, 0x0, 0x0, 0xf, 0x0, 0x0, 0x0, 0xf8,
    0x0, 0x0, 0x7, 0x80, 0x0, 0x0, 0x7c, 0x0,
    0x0, 0x3, 0xe0, 0x0, 0x0, 0x1e, 0x0, 0x0,
    0x1, 0xf0, 0x0, 0x0, 0xf, 0x0, 0x0, 0x0,
    0xf8, 0x0, 0x0, 0x7, 0x80, 0x0, 0x0, 0x7c,
    0x0, 0x0, 0x3, 0xc0, 0x0, 0x0, 0x1e, 0x0,
    0x0, 0x1, 0xf0, 0x0, 0x0, 0xf, 0x0, 0x0,
    0x0, 0xf8, 0x0, 0x0, 0x7, 0x80, 0x0, 0x0,
    0x7c, 0x0, 0x0, 0x3, 0xc0, 0x0, 0x0, 0x3e,
    0x0, 0x0, 0x1, 0xf0, 0x0, 0x0, 0xf, 0x0,
    0x0, 0x0, 0xf8, 0x0, 0x0, 0x7, 0x80, 0x0,
    0x0, 0x7c, 0x0, 0x0, 0x3, 0xc0, 0x0, 0x0,
    0x3e, 0x0, 0x0, 0x1, 0xe0, 0x0, 0x0, 0x1f,
    0x0, 0x0, 0x0, 0xf8, 0x0, 0x0, 0x7, 0x80,
    0x0, 0x0, 0x7c, 0x0, 0x0, 0x3, 0xc0, 0x0,
    0x0, 0x3e, 0x0, 0x0, 0x1, 0xe0, 0x0, 0x0,
    0x1f, 0x0, 0x0, 0x0, 0xf0, 0x0, 0x0, 0x7,
    0x80, 0x0, 0x0, 0x7c, 0x0, 0x0, 0x3, 0xc0,
    0x0, 0x0, 0x3e, 0x0, 0x0, 0x1, 0xe0, 0x0,
    0x0, 0x1f, 0x0, 0x0, 0x0, 0xf0, 0x0, 0x0,
    0xf,

    /* U+2573 "╳" */
    0xf0, 0x0, 0x0, 0xff, 0x0, 0x0, 0xf, 0xf8,
    0x0, 0x1, 0xf7, 0x80, 0x0, 0x1e, 0x3c, 0x0,
    0x3, 0xe3, 0xe0, 0x0, 0x7c, 0x1e, 0x0, 0x7,
    0x81, 0xf0, 0x0, 0xf8, 0xf, 0x0, 0xf, 0x0,
    0xf8, 0x1, 0xf0, 0x7, 0x80, 0x1e, 0x0, 0x7c,
    0x3, 0xe0, 0x3, 0xc0, 0x3c, 0x0, 0x3e, 0x7,
    0xc0, 0x1, 0xf0, 0xf8, 0x0, 0xf, 0xf, 0x0,
    0x0, 0xf9, 0xf0, 0x0, 0x7, 0x9e, 0x0, 0x0,
    0x7f, 0xe0, 0x0, 0x3, 0xfc, 0x0, 0x0, 0x3f,
    0xc0, 0x0, 0x1, 0xf8, 0x0, 0x0, 0x1f, 0x80,
    0x0, 0x1, 0xf8, 0x0, 0x0, 0x1f, 0x80, 0x0,
    0x3, 0xfc, 0x0, 0x0, 0x3f, 0xc0, 0x0, 0x7,
    0xfe, 0x0, 0x0, 0x79, 0xe0, 0x0, 0xf, 0x9f,
    0x0, 0x0, 0xf0, 0xf0, 0x0, 0x1f, 0xf, 0x80,
    0x3, 0xe0, 0x7c, 0x0, 0x3c, 0x3, 0xc0, 0x7,
    0xc0, 0x3e, 0x0, 0x78, 0x1, 0xe0, 0xf, 0x80,
    0x1f, 0x0, 0xf0, 0x0, 0xf0, 0x1f, 0x0, 0xf,
    0x81, 0xe0, 0x0, 0x78, 0x3e, 0x0, 0x7, 0xc7,
    0xc0, 0x0, 0x3c, 0x78, 0x0, 0x1, 0xef, 0x80,
    0x0, 0x1f, 0xf0, 0x0, 0x0, 0xff, 0x0, 0x0,
    0xf,

    /* U+2574 "╴" */
    0xff, 0xff, 0xff, 0xff, 0xff, 0xff, 0xff, 0xff,

    /* U+2575 "╵" */
    0xff, 0xff, 0xff, 0xff, 0xff, 0xff, 0xff, 0xff,
    0xff, 0xff, 0xff, 0xff, 0xff, 0xff, 0xff, 0xf0,

    /* U+2576 "╶" */
    0xff, 0xff, 0xff, 0xff, 0xff, 0xff, 0xff, 0xff,

    /* U+2577 "╷" */
    0xff, 0xff, 0xff, 0xff, 0xff, 0xff, 0xff, 0xff,
    0xff, 0xff, 0xff, 0xff, 0xff, 0xff, 0xff, 0xf0,

    /* U+2578 "╸" */
    0xff, 0xff, 0xff, 0xff, 0xff, 0xff, 0xff, 0xff,
    0xff, 0xff, 0xff, 0xff, 0xff, 0xff, 0xff, 0xff,
    0xff, 0xff,

    /* U+2579 "╹" */
    0xff, 0xff, 0xff, 0xff, 0xff, 0xff, 0xff, 0xff,
    0xff, 0xff, 0xff, 0xff, 0xff, 0xff, 0xff, 0xff,
    0xff, 0xff, 0xff, 0xff, 0xff, 0xff, 0xff, 0xff,
    0xff, 0xff, 0xff, 0xff, 0xff, 0xff, 0xff, 0xff,
    0xff, 0xff, 0xfe,

    /* U+257A "╺" */
    0xff, 0xff, 0xff, 0xff, 0xff, 0xff, 0xff, 0xff,
    0xff, 0xff, 0xff, 0xff, 0xff, 0xff, 0xff, 0xff,
    0xff, 0xff,

    /* U+257B "╻" */
    0xff, 0xff, 0xff, 0xff, 0xff, 0xff, 0xff, 0xff,
    0xff, 0xff, 0xff, 0xff, 0xff, 0xff, 0xff, 0xff,
    0xff, 0xff, 0xff, 0xff, 0xff, 0xff, 0xff, 0xff,
    0xff, 0xff, 0xff, 0xff, 0xff, 0xff, 0xff, 0xff,
    0xff, 0xff, 0xfe,

    /* U+257C "╼" */
    0x0, 0xf, 0xff, 0xf0, 0x0, 0xff, 0xff, 0xff,
    0xff, 0xff, 0xff, 0xff, 0xff, 0xff, 0xff, 0xff,
    0xff, 0xff, 0xff, 0xff, 0xff, 0xff, 0xff, 0xff,
    0xf0, 0x0, 0xff, 0xff, 0x0, 0xf, 0xff, 0xf0,

    /* U+257D "╽" */
    0x3e, 0x1f, 0xf, 0x87, 0xc3, 0xe1, 0xf0, 0xf8,
    0x7c, 0x3e, 0x1f, 0xf, 0x87, 0xc3, 0xe1, 0xf0,
    0xf8, 0x7c, 0x3e, 0x1f, 0xf, 0x87, 0xc3, 0xe1,
    0xf0, 0xf8, 0x7c, 0x3e, 0x1f, 0x3f, 0xff, 0xff,
    0xff, 0xff, 0xff, 0xff, 0xff, 0xff, 0xff, 0xff,
    0xff, 0xff, 0xff, 0xff, 0xff, 0xff, 0xff, 0xff,
    0xff, 0xff, 0xff, 0xff, 0xff, 0xff, 0xff, 0xff,
    0xff, 0xff, 0xff, 0xff, 0xff, 0xff, 0xff, 0xff,
    0x80,

    /* U+257E "╾" */
    0xff, 0xff, 0x0, 0xf, 0xff, 0xf0, 0x0, 0xff,
    0xff, 0xff, 0xff, 0xff, 0xff, 0xff, 0xff, 0xff,
    0xff, 0xff, 0xff, 0xff, 0xff, 0xff, 0xff, 0xff,
    0xff, 0xff, 0xf0, 0x0, 0xff, 0xff, 0x0, 0x0,

    /* U+257F "╿" */
    0xff, 0xff, 0xff, 0xff, 0xff, 0xff, 0xff, 0xff,
    0xff, 0xff, 0xff, 0xff, 0xff, 0xff, 0xff, 0xff,
    0xff, 0xff, 0xff, 0xff, 0xff, 0xff, 0xff, 0xff,
    0xff, 0xff, 0xff, 0xff, 0xff, 0xff, 0xff, 0xff,
    0xff, 0xff, 0xfe, 0x7c, 0x3e, 0x1f, 0xf, 0x87,
    0xc3, 0xe1, 0xf0, 0xf8, 0x7c, 0x3e, 0x1f, 0xf,
    0x87, 0xc3, 0xe1, 0xf0, 0xf8, 0x7c, 0x3e, 0x1f,
    0xf, 0x87, 0xc3, 0xe1, 0xf0, 0xf8, 0x7c, 0x3e,
    0x1f, 0x0
};


/*---------------------
 *  GLYPH DESCRIPTION
 *--------------------*/

static const lv_font_fmt_txt_glyph_dsc_t glyph_dsc[] = {
    {.bitmap_index = 0, .adv_w = 0, .box_w = 0, .box_h = 0, .ofs_x = 0, .ofs_y = 0} /* id = 0 reserved */,
    {.bitmap_index = 0, .adv_w = 422, .box_w = 1, .box_h = 1, .ofs_x = 0, .ofs_y = 0},
    {.bitmap_index = 1, .adv_w = 422, .box_w = 7, .box_h = 33, .ofs_x = 10, .ofs_y = 0},
    {.bitmap_index = 30, .adv_w = 422, .box_w = 13, .box_h = 13, .ofs_x = 7, .ofs_y = 20},
    {.bitmap_index = 52, .adv_w = 422, .box_w = 23, .box_h = 33, .ofs_x = 2, .ofs_y = 0},
    {.bitmap_index = 147, .adv_w = 422, .box_w = 20, .box_h = 45, .ofs_x = 3, .ofs_y = -6},
    {.bitmap_index = 260, .adv_w = 422, .box_w = 25, .box_h = 33, .ofs_x = 1, .ofs_y = 0},
    {.bitmap_index = 364, .adv_w = 422, .box_w = 22, .box_h = 33, .ofs_x = 2, .ofs_y = 0},
    {.bitmap_index = 455, .adv_w = 422, .box_w = 4, .box_h = 13, .ofs_x = 11, .ofs_y = 20},
    {.bitmap_index = 462, .adv_w = 422, .box_w = 13, .box_h = 43, .ofs_x = 8, .ofs_y = -5},
    {.bitmap_index = 532, .adv_w = 422, .box_w = 13, .box_h = 43, .ofs_x = 5, .ofs_y = -5},
    {.bitmap_index = 602, .adv_w = 422, .box_w = 24, .box_h = 23, .ofs_x = 1, .ofs_y = 4},
    {.bitmap_index = 671, .adv_w = 422, .box_w = 21, .box_h = 21, .ofs_x = 3, .ofs_y = 4},
    {.bitmap_index = 727, .adv_w = 422, .box_w = 10, .box_h = 14, .ofs_x = 7, .ofs_y = -7},
    {.bitmap_index = 745, .adv_w = 422, .box_w = 14, .box_h = 3, .ofs_x = 6, .ofs_y = 13},
    {.bitmap_index = 751, .adv_w = 422, .box_w = 7, .box_h = 7, .ofs_x = 10, .ofs_y = 0},
    {.bitmap_index = 758, .adv_w = 422, .box_w = 20, .box_h = 42, .ofs_x = 3, .ofs_y = -5},
    {.bitmap_index = 863, .adv_w = 422, .box_w = 19, .box_h = 33, .ofs_x = 4, .ofs_y = 0},
    {.bitmap_index = 942, .adv_w = 422, .box_w = 20, .box_h = 33, .ofs_x = 4, .ofs_y = 0},
    {.bitmap_index = 1025, .adv_w = 422, .box_w = 20, .box_h = 33, .ofs_x = 3, .ofs_y = 0},
    {.bitmap_index = 1108, .adv_w = 422, .box_w = 19, .box_h = 33, .ofs_x = 3, .ofs_y = 0},
    {.bitmap_index = 1187, .adv_w = 422, .box_w = 18, .box_h = 33, .ofs_x = 4, .ofs_y = 0},
    {.bitmap_index = 1262, .adv_w = 422, .box_w = 19, .box_h = 33, .ofs_x = 3, .ofs_y = 0},
    {.bitmap_index = 1341, .adv_w = 422, .box_w = 20, .box_h = 33, .ofs_x = 3, .ofs_y = 0},
    {.bitmap_index = 1424, .adv_w = 422, .box_w = 20, .box_h = 33, .ofs_x = 4, .ofs_y = 0},
    {.bitmap_index = 1507, .adv_w = 422, .box_w = 19, .box_h = 33, .ofs_x = 4, .ofs_y = 0},
    {.bitmap_index = 1586, .adv_w = 422, .box_w = 20, .box_h = 33, .ofs_x = 3, .ofs_y = 0},
    {.bitmap_index = 1669, .adv_w = 422, .box_w = 7, .box_h = 25, .ofs_x = 10, .ofs_y = 0},
    {.bitmap_index = 1691, .adv_w = 422, .box_w = 9, .box_h = 32, .ofs_x = 7, .ofs_y = -7},
    {.bitmap_index = 1727, .adv_w = 422, .box_w = 19, .box_h = 24, .ofs_x = 4, .ofs_y = 3},
    {.bitmap_index = 1784, .adv_w = 422, .box_w = 19, .box_h = 14, .ofs_x = 4, .ofs_y = 8},
    {.bitmap_index = 1818, .adv_w = 422, .box_w = 19, .box_h = 24, .ofs_x = 4, .ofs_y = 3},
    {.bitmap_index = 1875, .adv_w = 422, .box_w = 16, .box_h = 33, .ofs_x = 6, .ofs_y = 0},
    {.bitmap_index = 1941, .adv_w = 422, .box_w = 23, .box_h = 41, .ofs_x = 2, .ofs_y = -8},
    {.bitmap_index = 2059, .adv_w = 422, .box_w = 22, .box_h = 33, .ofs_x = 2, .ofs_y = 0},
    {.bitmap_index = 2150, .adv_w = 422, .box_w = 19, .box_h = 33, .ofs_x = 4, .ofs_y = 0},
    {.bitmap_index = 2229, .adv_w = 422, .box_w = 19, .box_h = 33, .ofs_x = 4, .ofs_y = 0},
    {.bitmap_index = 2308, .adv_w = 422, .box_w = 18, .box_h = 33, .ofs_x = 4, .ofs_y = 0},
    {.bitmap_index = 2383, .adv_w = 422, .box_w = 19, .box_h = 33, .ofs_x = 4, .ofs_y = 0},
    {.bitmap_index = 2462, .adv_w = 422, .box_w = 19, .box_h = 33, .ofs_x = 4, .ofs_y = 0},
    {.bitmap_index = 2541, .adv_w = 422, .box_w = 19, .box_h = 33, .ofs_x = 4, .ofs_y = 0},
    {.bitmap_index = 2620, .adv_w = 422, .box_w = 18, .box_h = 33, .ofs_x = 4, .ofs_y = 0},
    {.bitmap_index = 2695, .adv_w = 422, .box_w = 17, .box_h = 33, .ofs_x = 5, .ofs_y = 0},
    {.bitmap_index = 2766, .adv_w = 422, .box_w = 20, .box_h = 33, .ofs_x = 2, .ofs_y = 0},
    {.bitmap_index = 2849, .adv_w = 422, .box_w = 21, .box_h = 33, .ofs_x = 4, .ofs_y = 0},
    {.bitmap_index = 2936, .adv_w = 422, .box_w = 19, .box_h = 33, .ofs_x = 5, .ofs_y = 0},
    {.bitmap_index = 3015, .adv_w = 422, .box_w = 20, .box_h = 33, .ofs_x = 3, .ofs_y = 0},
    {.bitmap_index = 3098, .adv_w = 422, .box_w = 19, .box_h = 33, .ofs_x = 4, .ofs_y = 0},
    {.bitmap_index = 3177, .adv_w = 422, .box_w = 19, .box_h = 33, .ofs_x = 4, .ofs_y = 0},
    {.bitmap_index = 3256, .adv_w = 422, .box_w = 20, .box_h = 33, .ofs_x = 4, .ofs_y = 0},
    {.bitmap_index = 3339, .adv_w = 422, .box_w = 19, .box_h = 41, .ofs_x = 4, .ofs_y = -8},
    {.bitmap_index = 3437, .adv_w = 422, .box_w = 19, .box_h = 33, .ofs_x = 4, .ofs_y = 0},
    {.bitmap_index = 3516, .adv_w = 422, .box_w = 20, .box_h = 33, .ofs_x = 3, .ofs_y = 0},
    {.bitmap_index = 3599, .adv_w = 422, .box_w = 22, .box_h = 33, .ofs_x = 2, .ofs_y = 0},
    {.bitmap_index = 3690, .adv_w = 422, .box_w = 18, .box_h = 33, .ofs_x = 4, .ofs_y = 0},
    {.bitmap_index = 3765, .adv_w = 422, .box_w = 22, .box_h = 33, .ofs_x = 2, .ofs_y = 0},
    {.bitmap_index = 3856, .adv_w = 422, .box_w = 25, .box_h = 33, .ofs_x = 1, .ofs_y = 0},
    {.bitmap_index = 3960, .adv_w = 422, .box_w = 23, .box_h = 33, .ofs_x = 2, .ofs_y = 0},
    {.bitmap_index = 4055, .adv_w = 422, .box_w = 24, .box_h = 33, .ofs_x = 1, .ofs_y = 0},
    {.bitmap_index = 4154, .adv_w = 422, .box_w = 19, .box_h = 33, .ofs_x = 4, .ofs_y = 0},
    {.bitmap_index = 4233, .adv_w = 422, .box_w = 11, .box_h = 42, .ofs_x = 9, .ofs_y = -5},
    {.bitmap_index = 4291, .adv_w = 422, .box_w = 20, .box_h = 42, .ofs_x = 3, .ofs_y = -5},
    {.bitmap_index = 4396, .adv_w = 422, .box_w = 11, .box_h = 42, .ofs_x = 7, .ofs_y = -5},
    {.bitmap_index = 4454, .adv_w = 422, .box_w = 19, .box_h = 18, .ofs_x = 4, .ofs_y = 15},
    {.bitmap_index = 4497, .adv_w = 422, .box_w = 21, .box_h = 3, .ofs_x = 3, .ofs_y = -4},
    {.bitmap_index = 4505, .adv_w = 422, .box_w = 9, .box_h = 7, .ofs_x = 8, .ofs_y = 29},
    {.bitmap_index = 4513, .adv_w = 422, .box_w = 20, .box_h = 25, .ofs_x = 3, .ofs_y = 0},
    {.bitmap_index = 4576, .adv_w = 422, .box_w = 19, .box_h = 33, .ofs_x = 4, .ofs_y = 0},
    {.bitmap_index = 4655, .adv_w = 422, .box_w = 19, .box_h = 25, .ofs_x = 4, .ofs_y = 0},
    {.bitmap_index = 4715, .adv_w = 422, .box_w = 19, .box_h = 33, .ofs_x = 4, .ofs_y = 0},
    {.bitmap_index = 4794, .adv_w = 422, .box_w = 19, .box_h = 25, .ofs_x = 4, .ofs_y = 0},
    {.bitmap_index = 4854, .adv_w = 422, .box_w = 21, .box_h = 33, .ofs_x = 3, .ofs_y = 0},
    {.bitmap_index = 4941, .adv_w = 422, .box_w = 18, .box_h = 33, .ofs_x = 4, .ofs_y = -8},
    {.bitmap_index = 5016, .adv_w = 422, .box_w = 18, .box_h = 33, .ofs_x = 4, .ofs_y = 0},
    {.bitmap_index = 5091, .adv_w = 422, .box_w = 21, .box_h = 34, .ofs_x = 4, .ofs_y = 0},
    {.bitmap_index = 5181, .adv_w = 422, .box_w = 16, .box_h = 42, .ofs_x = 4, .ofs_y = -8},
    {.bitmap_index = 5265, .adv_w = 422, .box_w = 20, .box_h = 33, .ofs_x = 4, .ofs_y = 0},
    {.bitmap_index = 5348, .adv_w = 422, .box_w = 23, .box_h = 33, .ofs_x = 1, .ofs_y = 0},
    {.bitmap_index = 5443, .adv_w = 422, .box_w = 21, .box_h = 25, .ofs_x = 3, .ofs_y = 0},
    {.bitmap_index = 5509, .adv_w = 422, .box_w = 18, .box_h = 25, .ofs_x = 4, .ofs_y = 0},
    {.bitmap_index = 5566, .adv_w = 422, .box_w = 19, .box_h = 25, .ofs_x = 4, .ofs_y = 0},
    {.bitmap_index = 5626, .adv_w = 422, .box_w = 19, .box_h = 33, .ofs_x = 4, .ofs_y = -8},
    {.bitmap_index = 5705, .adv_w = 422, .box_w = 19, .box_h = 33, .ofs_x = 4, .ofs_y = -8},
    {.bitmap_index = 5784, .adv_w = 422, .box_w = 19, .box_h = 25, .ofs_x = 5, .ofs_y = 0},
    {.bitmap_index = 5844, .adv_w = 422, .box_w = 19, .box_h = 25, .ofs_x = 4, .ofs_y = 0},
    {.bitmap_index = 5904, .adv_w = 422, .box_w = 20, .box_h = 32, .ofs_x = 2, .ofs_y = 0},
    {.bitmap_index = 5984, .adv_w = 422, .box_w = 18, .box_h = 25, .ofs_x = 4, .ofs_y = 0},
    {.bitmap_index = 6041, .adv_w = 422, .box_w = 22, .box_h = 25, .ofs_x = 2, .ofs_y = 0},
    {.bitmap_index = 6110, .adv_w = 422, .box_w = 23, .box_h = 25, .ofs_x = 2, .ofs_y = 0},
    {.bitmap_index = 6182, .adv_w = 422, .box_w = 22, .box_h = 25, .ofs_x = 2, .ofs_y = 0},
    {.bitmap_index = 6251, .adv_w = 422, .box_w = 22, .box_h = 33, .ofs_x = 2, .ofs_y = -8},
    {.bitmap_index = 6342, .adv_w = 422, .box_w = 18, .box_h = 25, .ofs_x = 4, .ofs_y = 0},
    {.bitmap_index = 6399, .adv_w = 422, .box_w = 19, .box_h = 42, .ofs_x = 4, .ofs_y = -5},
    {.bitmap_index = 6499, .adv_w = 422, .box_w = 4, .box_h = 42, .ofs_x = 11, .ofs_y = -5},
    {.bitmap_index = 6520, .adv_w = 422, .box_w = 19, .box_h = 42, .ofs_x = 4, .ofs_y = -5},
    {.bitmap_index = 6620, .adv_w = 422, .box_w = 21, .box_h = 9, .ofs_x = 3, .ofs_y = 11},
    {.bitmap_index = 6644, .adv_w = 422, .box_w = 24, .box_h = 21, .ofs_x = 1, .ofs_y = 2},
    {.bitmap_index = 6707, .adv_w = 422, .box_w = 13, .box_h = 13, .ofs_x = 7, .ofs_y = 20},
    {.bitmap_index = 6729, .adv_w = 422, .box_w = 24, .box_h = 21, .ofs_x = 1, .ofs_y = 2},
    {.bitmap_index = 6792, .adv_w = 422, .box_w = 19, .box_h = 42, .ofs_x = 4, .ofs_y = 0},
    {.bitmap_index = 6892, .adv_w = 422, .box_w = 22, .box_h = 33, .ofs_x = 2, .ofs_y = 0},
    {.bitmap_index = 6983, .adv_w = 422, .box_w = 19, .box_h = 33, .ofs_x = 4, .ofs_y = 0},
    {.bitmap_index = 7062, .adv_w = 422, .box_w = 19, .box_h = 33, .ofs_x = 4, .ofs_y = 0},
    {.bitmap_index = 7141, .adv_w = 422, .box_w = 19, .box_h = 33, .ofs_x = 5, .ofs_y = 0},
    {.bitmap_index = 7220, .adv_w = 422, .box_w = 24, .box_h = 39, .ofs_x = 1, .ofs_y = -6},
    {.bitmap_index = 7337, .adv_w = 422, .box_w = 19, .box_h = 33, .ofs_x = 4, .ofs_y = 0},
    {.bitmap_index = 7416, .adv_w = 422, .box_w = 26, .box_h = 33, .ofs_x = 1, .ofs_y = 0},
    {.bitmap_index = 7524, .adv_w = 422, .box_w = 22, .box_h = 33, .ofs_x = 2, .ofs_y = 0},
    {.bitmap_index = 7615, .adv_w = 422, .box_w = 19, .box_h = 33, .ofs_x = 4, .ofs_y = 0},
    {.bitmap_index = 7694, .adv_w = 422, .box_w = 19, .box_h = 43, .ofs_x = 4, .ofs_y = 0},
    {.bitmap_index = 7797, .adv_w = 422, .box_w = 21, .box_h = 33, .ofs_x = 4, .ofs_y = 0},
    {.bitmap_index = 7884, .adv_w = 422, .box_w = 22, .box_h = 33, .ofs_x = 0, .ofs_y = 0},
    {.bitmap_index = 7975, .adv_w = 422, .box_w = 20, .box_h = 33, .ofs_x = 3, .ofs_y = 0},
    {.bitmap_index = 8058, .adv_w = 422, .box_w = 18, .box_h = 33, .ofs_x = 4, .ofs_y = 0},
    {.bitmap_index = 8133, .adv_w = 422, .box_w = 19, .box_h = 33, .ofs_x = 4, .ofs_y = 0},
    {.bitmap_index = 8212, .adv_w = 422, .box_w = 18, .box_h = 33, .ofs_x = 4, .ofs_y = 0},
    {.bitmap_index = 8287, .adv_w = 422, .box_w = 20, .box_h = 33, .ofs_x = 4, .ofs_y = 0},
    {.bitmap_index = 8370, .adv_w = 422, .box_w = 19, .box_h = 33, .ofs_x = 4, .ofs_y = 0},
    {.bitmap_index = 8449, .adv_w = 422, .box_w = 22, .box_h = 33, .ofs_x = 2, .ofs_y = 0},
    {.bitmap_index = 8540, .adv_w = 422, .box_w = 22, .box_h = 33, .ofs_x = 2, .ofs_y = 0},
    {.bitmap_index = 8631, .adv_w = 422, .box_w = 22, .box_h = 35, .ofs_x = 2, .ofs_y = -1},
    {.bitmap_index = 8728, .adv_w = 422, .box_w = 23, .box_h = 33, .ofs_x = 2, .ofs_y = 0},
    {.bitmap_index = 8823, .adv_w = 422, .box_w = 21, .box_h = 40, .ofs_x = 4, .ofs_y = -7},
    {.bitmap_index = 8928, .adv_w = 422, .box_w = 19, .box_h = 33, .ofs_x = 3, .ofs_y = 0},
    {.bitmap_index = 9007, .adv_w = 422, .box_w = 21, .box_h = 33, .ofs_x = 3, .ofs_y = 0},
    {.bitmap_index = 9094, .adv_w = 422, .box_w = 23, .box_h = 39, .ofs_x = 3, .ofs_y = -6},
    {.bitmap_index = 9207, .adv_w = 422, .box_w = 24, .box_h = 33, .ofs_x = 0, .ofs_y = 0},
    {.bitmap_index = 9306, .adv_w = 422, .box_w = 21, .box_h = 33, .ofs_x = 3, .ofs_y = 0},
    {.bitmap_index = 9393, .adv_w = 422, .box_w = 20, .box_h = 33, .ofs_x = 4, .ofs_y = 0},
    {.bitmap_index = 9476, .adv_w = 422, .box_w = 19, .box_h = 33, .ofs_x = 4, .ofs_y = 0},
    {.bitmap_index = 9555, .adv_w = 422, .box_w = 22, .box_h = 33, .ofs_x = 3, .ofs_y = 0},
    {.bitmap_index = 9646, .adv_w = 422, .box_w = 19, .box_h = 33, .ofs_x = 3, .ofs_y = 0},
    {.bitmap_index = 9725, .adv_w = 422, .box_w = 20, .box_h = 25, .ofs_x = 3, .ofs_y = 0},
    {.bitmap_index = 9788, .adv_w = 422, .box_w = 18, .box_h = 33, .ofs_x = 4, .ofs_y = 0},
    {.bitmap_index = 9863, .adv_w = 422, .box_w = 19, .box_h = 25, .ofs_x = 4, .ofs_y = 0},
    {.bitmap_index = 9923, .adv_w = 422, .box_w = 18, .box_h = 25, .ofs_x = 6, .ofs_y = 0},
    {.bitmap_index = 9980, .adv_w = 422, .box_w = 24, .box_h = 31, .ofs_x = 1, .ofs_y = -6},
    {.bitmap_index = 10073, .adv_w = 422, .box_w = 19, .box_h = 25, .ofs_x = 4, .ofs_y = 0},
    {.bitmap_index = 10133, .adv_w = 422, .box_w = 26, .box_h = 25, .ofs_x = 1, .ofs_y = 0},
    {.bitmap_index = 10215, .adv_w = 422, .box_w = 20, .box_h = 25, .ofs_x = 3, .ofs_y = 0},
    {.bitmap_index = 10278, .adv_w = 422, .box_w = 18, .box_h = 25, .ofs_x = 4, .ofs_y = 0},
    {.bitmap_index = 10335, .adv_w = 422, .box_w = 18, .box_h = 35, .ofs_x = 4, .ofs_y = 0},
    {.bitmap_index = 10414, .adv_w = 422, .box_w = 20, .box_h = 25, .ofs_x = 4, .ofs_y = 0},
    {.bitmap_index = 10477, .adv_w = 422, .box_w = 22, .box_h = 25, .ofs_x = 1, .ofs_y = 0},
    {.bitmap_index = 10546, .adv_w = 422, .box_w = 20, .box_h = 25, .ofs_x = 3, .ofs_y = 0},
    {.bitmap_index = 10609, .adv_w = 422, .box_w = 18, .box_h = 25, .ofs_x = 4, .ofs_y = 0},
    {.bitmap_index = 10666, .adv_w = 422, .box_w = 19, .box_h = 25, .ofs_x = 4, .ofs_y = 0},
    {.bitmap_index = 10726, .adv_w = 422, .box_w = 18, .box_h = 25, .ofs_x = 4, .ofs_y = 0},
    {.bitmap_index = 10783, .adv_w = 422, .box_w = 19, .box_h = 33, .ofs_x = 4, .ofs_y = -8},
    {.bitmap_index = 10862, .adv_w = 422, .box_w = 19, .box_h = 25, .ofs_x = 4, .ofs_y = 0},
    {.bitmap_index = 10922, .adv_w = 422, .box_w = 22, .box_h = 25, .ofs_x = 2, .ofs_y = 0},
    {.bitmap_index = 10991, .adv_w = 422, .box_w = 22, .box_h = 33, .ofs_x = 2, .ofs_y = -8},
    {.bitmap_index = 11082, .adv_w = 422, .box_w = 22, .box_h = 41, .ofs_x = 2, .ofs_y = -8},
    {.bitmap_index = 11195, .adv_w = 422, .box_w = 22, .box_h = 25, .ofs_x = 2, .ofs_y = 0},
    {.bitmap_index = 11264, .adv_w = 422, .box_w = 21, .box_h = 32, .ofs_x = 4, .ofs_y = -7},
    {.bitmap_index = 11348, .adv_w = 422, .box_w = 19, .box_h = 25, .ofs_x = 3, .ofs_y = 0},
    {.bitmap_index = 11408, .adv_w = 422, .box_w = 21, .box_h = 25, .ofs_x = 3, .ofs_y = 0},
    {.bitmap_index = 11474, .adv_w = 422, .box_w = 23, .box_h = 31, .ofs_x = 3, .ofs_y = -6},
    {.bitmap_index = 11564, .adv_w = 422, .box_w = 24, .box_h = 25, .ofs_x = 0, .ofs_y = 0},
    {.bitmap_index = 11639, .adv_w = 422, .box_w = 21, .box_h = 25, .ofs_x = 3, .ofs_y = 0},
    {.bitmap_index = 11705, .adv_w = 422, .box_w = 20, .box_h = 25, .ofs_x = 4, .ofs_y = 0},
    {.bitmap_index = 11768, .adv_w = 422, .box_w = 19, .box_h = 25, .ofs_x = 4, .ofs_y = 0},
    {.bitmap_index = 11828, .adv_w = 422, .box_w = 22, .box_h = 25, .ofs_x = 3, .ofs_y = 0},
    {.bitmap_index = 11897, .adv_w = 422, .box_w = 19, .box_h = 25, .ofs_x = 3, .ofs_y = 0},
    {.bitmap_index = 11957, .adv_w = 422, .box_w = 19, .box_h = 35, .ofs_x = 4, .ofs_y = 0},
    {.bitmap_index = 12041, .adv_w = 422, .box_w = 26, .box_h = 3, .ofs_x = 0, .ofs_y = 13},
    {.bitmap_index = 12051, .adv_w = 422, .box_w = 22, .box_h = 8, .ofs_x = 3, .ofs_y = 0},
    {.bitmap_index = 12073, .adv_w = 422, .box_w = 25, .box_h = 32, .ofs_x = 1, .ofs_y = 0},
    {.bitmap_index = 12173, .adv_w = 422, .box_w = 28, .box_h = 4, .ofs_x = -1, .ofs_y = 14},
    {.bitmap_index = 12187, .adv_w = 422, .box_w = 28, .box_h = 9, .ofs_x = -1, .ofs_y = 12},
    {.bitmap_index = 12219, .adv_w = 422, .box_w = 4, .box_h = 58, .ofs_x = 11, .ofs_y = -13},
    {.bitmap_index = 12248, .adv_w = 422, .box_w = 9, .box_h = 58, .ofs_x = 9, .ofs_y = -13},
    {.bitmap_index = 12314, .adv_w = 422, .box_w = 24, .box_h = 4, .ofs_x = 1, .ofs_y = 14},
    {.bitmap_index = 12326, .adv_w = 422, .box_w = 24, .box_h = 9, .ofs_x = 1, .ofs_y = 12},
    {.bitmap_index = 12353, .adv_w = 422, .box_w = 4, .box_h = 51, .ofs_x = 11, .ofs_y = -10},
    {.bitmap_index = 12379, .adv_w = 422, .box_w = 9, .box_h = 50, .ofs_x = 9, .ofs_y = -9},
    {.bitmap_index = 12436, .adv_w = 422, .box_w = 24, .box_h = 4, .ofs_x = 1, .ofs_y = 14},
    {.bitmap_index = 12448, .adv_w = 422, .box_w = 24, .box_h = 9, .ofs_x = 1, .ofs_y = 12},
    {.bitmap_index = 12475, .adv_w = 422, .box_w = 4, .box_h = 49, .ofs_x = 11, .ofs_y = -8},
    {.bitmap_index = 12500, .adv_w = 422, .box_w = 9, .box_h = 49, .ofs_x = 9, .ofs_y = -8},
    {.bitmap_index = 12556, .adv_w = 422, .box_w = 16, .box_h = 31, .ofs_x = 11, .ofs_y = -13},
    {.bitmap_index = 12618, .adv_w = 422, .box_w = 16, .box_h = 34, .ofs_x = 11, .ofs_y = -13},
    {.bitmap_index = 12686, .adv_w = 422, .box_w = 19, .box_h = 31, .ofs_x = 9, .ofs_y = -13},
    {.bitmap_index = 12760, .adv_w = 422, .box_w = 19, .box_h = 34, .ofs_x = 9, .ofs_y = -13},
    {.bitmap_index = 12841, .adv_w = 422, .box_w = 16, .box_h = 31, .ofs_x = -1, .ofs_y = -13},
    {.bitmap_index = 12903, .adv_w = 422, .box_w = 16, .box_h = 34, .ofs_x = -1, .ofs_y = -13},
    {.bitmap_index = 12971, .adv_w = 422, .box_w = 19, .box_h = 31, .ofs_x = -1, .ofs_y = -13},
    {.bitmap_index = 13045, .adv_w = 422, .box_w = 19, .box_h = 34, .ofs_x = -1, .ofs_y = -13},
    {.bitmap_index = 13126, .adv_w = 422, .box_w = 16, .box_h = 30, .ofs_x = 11, .ofs_y = 14},
    {.bitmap_index = 13186, .adv_w = 422, .box_w = 16, .box_h = 33, .ofs_x = 11, .ofs_y = 12},
    {.bitmap_index = 13252, .adv_w = 422, .box_w = 19, .box_h = 30, .ofs_x = 9, .ofs_y = 14},
    {.bitmap_index = 13324, .adv_w = 422, .box_w = 19, .box_h = 33, .ofs_x = 9, .ofs_y = 12},
    {.bitmap_index = 13403, .adv_w = 422, .box_w = 16, .box_h = 30, .ofs_x = -1, .ofs_y = 14},
    {.bitmap_index = 13463, .adv_w = 422, .box_w = 16, .box_h = 33, .ofs_x = -1, .ofs_y = 12},
    {.bitmap_index = 13529, .adv_w = 422, .box_w = 19, .box_h = 30, .ofs_x = -1, .ofs_y = 14},
    {.bitmap_index = 13601, .adv_w = 422, .box_w = 19, .box_h = 33, .ofs_x = -1, .ofs_y = 12},
    {.bitmap_index = 13680, .adv_w = 422, .box_w = 16, .box_h = 58, .ofs_x = 11, .ofs_y = -13},
    {.bitmap_index = 13796, .adv_w = 422, .box_w = 16, .box_h = 58, .ofs_x = 11, .ofs_y = -13},
    {.bitmap_index = 13912, .adv_w = 422, .box_w = 19, .box_h = 58, .ofs_x = 9, .ofs_y = -13},
    {.bitmap_index = 14050, .adv_w = 422, .box_w = 19, .box_h = 57, .ofs_x = 9, .ofs_y = -13},
    {.bitmap_index = 14186, .adv_w = 422, .box_w = 19, .box_h = 58, .ofs_x = 9, .ofs_y = -13},
    {.bitmap_index = 14324, .adv_w = 422, .box_w = 19, .box_h = 58, .ofs_x = 9, .ofs_y = -13},
    {.bitmap_index = 14462, .adv_w = 422, .box_w = 19, .box_h = 58, .ofs_x = 9, .ofs_y = -13},
    {.bitmap_index = 14600, .adv_w = 422, .box_w = 19, .box_h = 58, .ofs_x = 9, .ofs_y = -13},
    {.bitmap_index = 14738, .adv_w = 422, .box_w = 16, .box_h = 58, .ofs_x = -1, .ofs_y = -13},
    {.bitmap_index = 14854, .adv_w = 422, .box_w = 16, .box_h = 58, .ofs_x = -1, .ofs_y = -13},
    {.bitmap_index = 14970, .adv_w = 422, .box_w = 19, .box_h = 57, .ofs_x = -1, .ofs_y = -13},
    {.bitmap_index = 15106, .adv_w = 422, .box_w = 19, .box_h = 57, .ofs_x = -1, .ofs_y = -13},
    {.bitmap_index = 15242, .adv_w = 422, .box_w = 19, .box_h = 58, .ofs_x = -1, .ofs_y = -13},
    {.bitmap_index = 15380, .adv_w = 422, .box_w = 19, .box_h = 58, .ofs_x = -1, .ofs_y = -13},
    {.bitmap_index = 15518, .adv_w = 422, .box_w = 19, .box_h = 58, .ofs_x = -1, .ofs_y = -13},
    {.bitmap_index = 15656, .adv_w = 422, .box_w = 19, .box_h = 58, .ofs_x = -1, .ofs_y = -13},
    {.bitmap_index = 15794, .adv_w = 422, .box_w = 28, .box_h = 31, .ofs_x = -1, .ofs_y = -13},
    {.bitmap_index = 15903, .adv_w = 422, .box_w = 28, .box_h = 34, .ofs_x = -1, .ofs_y = -13},
    {.bitmap_index = 16022, .adv_w = 422, .box_w = 28, .box_h = 34, .ofs_x = -1, .ofs_y = -13},
    {.bitmap_index = 16141, .adv_w = 422, .box_w = 28, .box_h = 34, .ofs_x = -1, .ofs_y = -13},
    {.bitmap_index = 16260, .adv_w = 422, .box_w = 28, .box_h = 31, .ofs_x = -1, .ofs_y = -13},
    {.bitmap_index = 16369, .adv_w = 422, .box_w = 28, .box_h = 34, .ofs_x = -1, .ofs_y = -13},
    {.bitmap_index = 16488, .adv_w = 422, .box_w = 29, .box_h = 34, .ofs_x = -1, .ofs_y = -13},
    {.bitmap_index = 16612, .adv_w = 422, .box_w = 28, .box_h = 34, .ofs_x = -1, .ofs_y = -13},
    {.bitmap_index = 16731, .adv_w = 422, .box_w = 28, .box_h = 30, .ofs_x = -1, .ofs_y = 14},
    {.bitmap_index = 16836, .adv_w = 422, .box_w = 28, .box_h = 33, .ofs_x = -1, .ofs_y = 12},
    {.bitmap_index = 16952, .adv_w = 422, .box_w = 28, .box_h = 33, .ofs_x = -1, .ofs_y = 12},
    {.bitmap_index = 17068, .adv_w = 422, .box_w = 28, .box_h = 33, .ofs_x = -1, .ofs_y = 12},
    {.bitmap_index = 17184, .adv_w = 422, .box_w = 28, .box_h = 30, .ofs_x = -1, .ofs_y = 14},
    {.bitmap_index = 17289, .adv_w = 422, .box_w = 29, .box_h = 33, .ofs_x = -1, .ofs_y = 12},
    {.bitmap_index = 17409, .adv_w = 422, .box_w = 28, .box_h = 33, .ofs_x = -1, .ofs_y = 12},
    {.bitmap_index = 17525, .adv_w = 422, .box_w = 28, .box_h = 33, .ofs_x = -1, .ofs_y = 12},
    {.bitmap_index = 17641, .adv_w = 422, .box_w = 28, .box_h = 58, .ofs_x = -1, .ofs_y = -13},
    {.bitmap_index = 17844, .adv_w = 422, .box_w = 28, .box_h = 58, .ofs_x = -1, .ofs_y = -13},
    {.bitmap_index = 18047, .adv_w = 422, .box_w = 28, .box_h = 58, .ofs_x = -1, .ofs_y = -13},
    {.bitmap_index = 18250, .adv_w = 422, .box_w = 28, .box_h = 58, .ofs_x = -1, .ofs_y = -13},
    {.bitmap_index = 18453, .adv_w = 422, .box_w = 28, .box_h = 57, .ofs_x = -1, .ofs_y = -13},
    {.bitmap_index = 18653, .adv_w = 422, .box_w = 28, .box_h = 57, .ofs_x = -1, .ofs_y = -13},
    {.bitmap_index = 18853, .adv_w = 422, .box_w = 28, .box_h = 58, .ofs_x = -1, .ofs_y = -13},
    {.bitmap_index = 19056, .adv_w = 422, .box_w = 29, .box_h = 58, .ofs_x = -1, .ofs_y = -13},
    {.bitmap_index = 19267, .adv_w = 422, .box_w = 28, .box_h = 58, .ofs_x = -1, .ofs_y = -13},
    {.bitmap_index = 19470, .adv_w = 422, .box_w = 28, .box_h = 58, .ofs_x = -1, .ofs_y = -13},
    {.bitmap_index = 19673, .adv_w = 422, .box_w = 29, .box_h = 58, .ofs_x = -1, .ofs_y = -13},
    {.bitmap_index = 19884, .adv_w = 422, .box_w = 28, .box_h = 58, .ofs_x = -1, .ofs_y = -13},
    {.bitmap_index = 20087, .adv_w = 422, .box_w = 28, .box_h = 58, .ofs_x = -1, .ofs_y = -13},
    {.bitmap_index = 20290, .adv_w = 422, .box_w = 29, .box_h = 58, .ofs_x = -1, .ofs_y = -13},
    {.bitmap_index = 20501, .adv_w = 422, .box_w = 29, .box_h = 58, .ofs_x = -1, .ofs_y = -13},
    {.bitmap_index = 20712, .adv_w = 422, .box_w = 28, .box_h = 58, .ofs_x = -1, .ofs_y = -13},
    {.bitmap_index = 20915, .adv_w = 422, .box_w = 20, .box_h = 4, .ofs_x = 3, .ofs_y = 14},
    {.bitmap_index = 20925, .adv_w = 422, .box_w = 20, .box_h = 9, .ofs_x = 3, .ofs_y = 12},
    {.bitmap_index = 20948, .adv_w = 422, .box_w = 4, .box_h = 46, .ofs_x = 11, .ofs_y = -7},
    {.bitmap_index = 20971, .adv_w = 422, .box_w = 9, .box_h = 44, .ofs_x = 9, .ofs_y = -6},
    {.bitmap_index = 21021, .adv_w = 422, .box_w = 28, .box_h = 13, .ofs_x = -1, .ofs_y = 10},
    {.bitmap_index = 21067, .adv_w = 422, .box_w = 13, .box_h = 58, .ofs_x = 7, .ofs_y = -13},
    {.bitmap_index = 21162, .adv_w = 422, .box_w = 16, .box_h = 36, .ofs_x = 11, .ofs_y = -13},
    {.bitmap_index = 21234, .adv_w = 422, .box_w = 20, .box_h = 31, .ofs_x = 7, .ofs_y = -13},
    {.bitmap_index = 21312, .adv_w = 422, .box_w = 20, .box_h = 36, .ofs_x = 7, .ofs_y = -13},
    {.bitmap_index = 21402, .adv_w = 422, .box_w = 16, .box_h = 36, .ofs_x = -1, .ofs_y = -13},
    {.bitmap_index = 21474, .adv_w = 422, .box_w = 20, .box_h = 31, .ofs_x = 0, .ofs_y = -13},
    {.bitmap_index = 21552, .adv_w = 422, .box_w = 20, .box_h = 36, .ofs_x = 0, .ofs_y = -13},
    {.bitmap_index = 21642, .adv_w = 422, .box_w = 16, .box_h = 35, .ofs_x = 11, .ofs_y = 10},
    {.bitmap_index = 21712, .adv_w = 422, .box_w = 20, .box_h = 30, .ofs_x = 7, .ofs_y = 14},
    {.bitmap_index = 21787, .adv_w = 422, .box_w = 20, .box_h = 35, .ofs_x = 7, .ofs_y = 10},
    {.bitmap_index = 21875, .adv_w = 422, .box_w = 16, .box_h = 35, .ofs_x = -1, .ofs_y = 10},
    {.bitmap_index = 21945, .adv_w = 422, .box_w = 20, .box_h = 30, .ofs_x = 0, .ofs_y = 14},
    {.bitmap_index = 22020, .adv_w = 422, .box_w = 20, .box_h = 35, .ofs_x = 0, .ofs_y = 10},
    {.bitmap_index = 22108, .adv_w = 422, .box_w = 16, .box_h = 58, .ofs_x = 11, .ofs_y = -13},
    {.bitmap_index = 22224, .adv_w = 422, .box_w = 20, .box_h = 58, .ofs_x = 7, .ofs_y = -13},
    {.bitmap_index = 22369, .adv_w = 422, .box_w = 20, .box_h = 58, .ofs_x = 7, .ofs_y = -13},
    {.bitmap_index = 22514, .adv_w = 422, .box_w = 16, .box_h = 58, .ofs_x = -1, .ofs_y = -13},
    {.bitmap_index = 22630, .adv_w = 422, .box_w = 20, .box_h = 58, .ofs_x = 0, .ofs_y = -13},
    {.bitmap_index = 22775, .adv_w = 422, .box_w = 20, .box_h = 58, .ofs_x = 0, .ofs_y = -13},
    {.bitmap_index = 22920, .adv_w = 422, .box_w = 28, .box_h = 36, .ofs_x = -1, .ofs_y = -13},
    {.bitmap_index = 23046, .adv_w = 422, .box_w = 28, .box_h = 31, .ofs_x = -1, .ofs_y = -13},
    {.bitmap_index = 23155, .adv_w = 422, .box_w = 28, .box_h = 36, .ofs_x = -1, .ofs_y = -13},
    {.bitmap_index = 23281, .adv_w = 422, .box_w = 28, .box_h = 35, .ofs_x = -1, .ofs_y = 10},
    {.bitmap_index = 23404, .adv_w = 422, .box_w = 28, .box_h = 30, .ofs_x = -1, .ofs_y = 14},
    {.bitmap_index = 23509, .adv_w = 422, .box_w = 28, .box_h = 35, .ofs_x = -1, .ofs_y = 10},
    {.bitmap_index = 23632, .adv_w = 422, .box_w = 28, .box_h = 58, .ofs_x = -1, .ofs_y = -13},
    {.bitmap_index = 23835, .adv_w = 422, .box_w = 28, .box_h = 58, .ofs_x = -1, .ofs_y = -13},
    {.bitmap_index = 24038, .adv_w = 422, .box_w = 27, .box_h = 58, .ofs_x = 0, .ofs_y = -13},
    {.bitmap_index = 24234, .adv_w = 422, .box_w = 16, .box_h = 31, .ofs_x = 11, .ofs_y = -13},
    {.bitmap_index = 24296, .adv_w = 422, .box_w = 16, .box_h = 31, .ofs_x = -1, .ofs_y = -13},
    {.bitmap_index = 24358, .adv_w = 422, .box_w = 16, .box_h = 30, .ofs_x = -1, .ofs_y = 14},
    {.bitmap_index = 24418, .adv_w = 422, .box_w = 16, .box_h = 30, .ofs_x = 11, .ofs_y = 14},
    {.bitmap_index = 24478, .adv_w = 422, .box_w = 28, .box_h = 46, .ofs_x = -1, .ofs_y = -7},
    {.bitmap_index = 24639, .adv_w = 422, .box_w = 28, .box_h = 46, .ofs_x = -1, .ofs_y = -7},
    {.bitmap_index = 24800, .adv_w = 422, .box_w = 28, .box_h = 46, .ofs_x = -1, .ofs_y = -7},
    {.bitmap_index = 24961, .adv_w = 422, .box_w = 16, .box_h = 4, .ofs_x = -1, .ofs_y = 14},
    {.bitmap_index = 24969, .adv_w = 422, .box_w = 4, .box_h = 31, .ofs_x = 11, .ofs_y = 14},
    {.bitmap_index = 24985, .adv_w = 422, .box_w = 16, .box_h = 4, .ofs_x = 11, .ofs_y = 14},
    {.bitmap_index = 24993, .adv_w = 422, .box_w = 4, .box_h = 31, .ofs_x = 11, .ofs_y = -13},
    {.bitmap_index = 25009, .adv_w = 422, .box_w = 16, .box_h = 9, .ofs_x = -1, .ofs_y = 12},
    {.bitmap_index = 25027, .adv_w = 422, .box_w = 9, .box_h = 31, .ofs_x = 9, .ofs_y = 14},
    {.bitmap_index = 25062, .adv_w = 422, .box_w = 16, .box_h = 9, .ofs_x = 11, .ofs_y = 12},
    {.bitmap_index = 25080, .adv_w = 422, .box_w = 9, .box_h = 31, .ofs_x = 9, .ofs_y = -13},
    {.bitmap_index = 25115, .adv_w = 422, .box_w = 28, .box_h = 9, .ofs_x = -1, .ofs_y = 12},
    {.bitmap_index = 25147, .adv_w = 422, .box_w = 9, .box_h = 57, .ofs_x = 9, .ofs_y = -13},
    {.bitmap_index = 25212, .adv_w = 422, .box_w = 28, .box_h = 9, .ofs_x = -1, .ofs_y = 12},
    {.bitmap_index = 25244, .adv_w = 422, .box_w = 9, .box_h = 58, .ofs_x = 9, .ofs_y = -13}
};

/*---------------------
 *  CHARACTER MAPPING
 *--------------------*/

static const uint16_t unicode_list_1[] = {
    0x0, 0x5, 0x10, 0x356
};

static const uint16_t unicode_list_3[] = {
    0x0, 0x1bc3, 0x1bd5, 0x1cc5
};

/*Collect the unicode lists and glyph_id offsets*/
static const lv_font_fmt_txt_cmap_t cmaps[] =
{
    {
        .range_start = 32, .range_length = 95, .glyph_id_start = 1,
        .unicode_list = NULL, .glyph_id_ofs_list = NULL, .list_length = 0, .type = LV_FONT_FMT_TXT_CMAP_FORMAT0_TINY
    },
    {
        .range_start = 171, .range_length = 855, .glyph_id_start = 96,
        .unicode_list = unicode_list_1, .glyph_id_ofs_list = NULL, .list_length = 4, .type = LV_FONT_FMT_TXT_CMAP_SPARSE_TINY
    },
    {
        .range_start = 1040, .range_length = 64, .glyph_id_start = 100,
        .unicode_list = NULL, .glyph_id_ofs_list = NULL, .list_length = 0, .type = LV_FONT_FMT_TXT_CMAP_FORMAT0_TINY
    },
    {
        .range_start = 1105, .range_length = 7366, .glyph_id_start = 164,
        .unicode_list = unicode_list_3, .glyph_id_ofs_list = NULL, .list_length = 4, .type = LV_FONT_FMT_TXT_CMAP_SPARSE_TINY
    },
    {
        .range_start = 9472, .range_length = 128, .glyph_id_start = 168,
        .unicode_list = NULL, .glyph_id_ofs_list = NULL, .list_length = 0, .type = LV_FONT_FMT_TXT_CMAP_FORMAT0_TINY
    }
};



/*--------------------
 *  ALL CUSTOM DATA
 *--------------------*/

#if LVGL_VERSION_MAJOR == 8
/*Store all the custom data of the font*/
static  lv_font_fmt_txt_glyph_cache_t cache;
#endif

#if LVGL_VERSION_MAJOR >= 8
static const lv_font_fmt_txt_dsc_t font_dsc = {
#else
static lv_font_fmt_txt_dsc_t font_dsc = {
#endif
    .glyph_bitmap = glyph_bitmap,
    .glyph_dsc = glyph_dsc,
    .cmaps = cmaps,
    .kern_dsc = NULL,
    .kern_scale = 0,
    .cmap_num = 5,
    .bpp = 1,
    .kern_classes = 0,
    .bitmap_format = 0,
#if LVGL_VERSION_MAJOR == 8
    .cache = &cache
#endif

};



/*-----------------
 *  PUBLIC FONT
 *----------------*/

/*Initialize a public general font descriptor*/
#if LVGL_VERSION_MAJOR >= 8
const lv_font_t term_font_60 = {
#else
lv_font_t term_font_60 = {
#endif
    .get_glyph_dsc = lv_font_get_glyph_dsc_fmt_txt,    /*Function pointer to get glyph's data*/
    .get_glyph_bitmap = lv_font_get_bitmap_fmt_txt,    /*Function pointer to get glyph's bitmap*/
    .line_height = 58,          /*The maximum line height required by the font*/
    .base_line = 13,             /*Baseline measured from the bottom of the line*/
#if !(LVGL_VERSION_MAJOR == 6 && LVGL_VERSION_MINOR == 0)
    .subpx = LV_FONT_SUBPX_NONE,
#endif
#if LV_VERSION_CHECK(7, 4, 0) || LVGL_VERSION_MAJOR >= 8
    .underline_position = -7,
    .underline_thickness = 2,
#endif
    .static_bitmap = 0,
    .dsc = &font_dsc,          /*The custom font data. Will be accessed by `get_glyph_bitmap/dsc` */
#if LV_VERSION_CHECK(8, 2, 0) || LVGL_VERSION_MAJOR >= 9
    .fallback = NULL,
#endif
    .user_data = NULL,
};



#endif /*#if TERM_FONT_60*/
