/*******************************************************************************
 * Size: 28 px
 * Bpp: 1
 * Opts: --bpp 1 --size 28 --no-compress --stride 1 --align 1 --font JetBrainsMono.ttf --range 32-127,1025,1040-1103,1105,8470,8212,171,187,8230,176,9472-9599 --format lvgl -o term_font_40.c
 ******************************************************************************/

#ifdef __has_include
    #if __has_include("lvgl.h")
        #ifndef LV_LVGL_H_INCLUDE_SIMPLE
            #define LV_LVGL_H_INCLUDE_SIMPLE
        #endif
    #endif
#endif

#ifdef LV_LVGL_H_INCLUDE_SIMPLE
    #include "lvgl.h"
#else
    #include "lvgl/lvgl.h"
#endif



#ifndef TERM_FONT_40
#define TERM_FONT_40 1
#endif

#if TERM_FONT_40

/*-----------------
 *    BITMAPS
 *----------------*/

/*Store the image of the glyphs*/
static LV_ATTRIBUTE_LARGE_CONST const uint8_t glyph_bitmap[] = {
    /* U+0020 " " */
    0x0,

    /* U+0021 "!" */
    0x77, 0x77, 0x77, 0x77, 0x77, 0x77, 0x77, 0x0,
    0x0, 0xff, 0xf0,

    /* U+0022 "\"" */
    0xe7, 0xe7, 0xe7, 0xe7, 0xe7, 0xe7, 0xe7, 0xe7,

    /* U+0023 "#" */
    0x6, 0xc, 0xc, 0x30, 0x18, 0x60, 0x30, 0xc0,
    0xc1, 0x81, 0x83, 0x1f, 0xff, 0xbf, 0xff, 0xc,
    0x30, 0x30, 0x60, 0x60, 0xc0, 0xc1, 0x81, 0x86,
    0x1f, 0xff, 0xbf, 0xff, 0x18, 0x30, 0x30, 0x60,
    0x61, 0x80, 0xc3, 0x1, 0x86, 0x6, 0xc, 0x0,

    /* U+0024 "$" */
    0x6, 0x0, 0x30, 0x1, 0x80, 0xc, 0x1, 0xfc,
    0x3f, 0xf1, 0xdb, 0xdc, 0xcf, 0xe6, 0x3f, 0x31,
    0xf9, 0x81, 0xec, 0x7, 0xe0, 0x3f, 0x80, 0x7f,
    0x0, 0xfc, 0x6, 0xf0, 0x33, 0xc1, 0x8f, 0xcc,
    0x7e, 0x63, 0xf3, 0x3d, 0xdb, 0xcf, 0xfc, 0x1f,
    0xc0, 0x30, 0x1, 0x80, 0xc, 0x0, 0x60, 0x0,

    /* U+0025 "%" */
    0x3c, 0x3, 0x7e, 0x6, 0xe7, 0xc, 0xc3, 0xc,
    0xc3, 0x18, 0xc3, 0x30, 0xc3, 0x30, 0xe7, 0x60,
    0x7e, 0xc0, 0x3c, 0xc0, 0x1, 0x80, 0x3, 0x0,
    0x3, 0x3c, 0x6, 0x7e, 0xc, 0xc3, 0xc, 0xc3,
    0x18, 0xc3, 0x30, 0xc3, 0x30, 0xc3, 0x60, 0x7e,
    0xc0, 0x3c,

    /* U+0026 "&" */
    0xf, 0x80, 0x7f, 0xc1, 0xe3, 0x83, 0x83, 0x87,
    0x7, 0xe, 0x0, 0x1c, 0x0, 0x1c, 0x0, 0x1c,
    0x0, 0x78, 0x1, 0xf8, 0x7, 0xb8, 0x6e, 0x31,
    0xdc, 0x77, 0x38, 0x7e, 0x70, 0x78, 0xe0, 0xf1,
    0xc1, 0xe3, 0xc7, 0xe3, 0xfc, 0xe3, 0xe0, 0xc0,

    /* U+0027 "'" */
    0xff, 0xff, 0xff,

    /* U+0028 "(" */
    0x1, 0x83, 0xc3, 0xc3, 0x83, 0x83, 0x81, 0xc1,
    0xe0, 0xe0, 0x70, 0x38, 0x1c, 0xe, 0x7, 0x3,
    0x81, 0xc0, 0xe0, 0x70, 0x38, 0x1c, 0x7, 0x3,
    0x80, 0xe0, 0x78, 0x1e, 0x7, 0xc0, 0xe0,

    /* U+0029 ")" */
    0xc0, 0x78, 0x3e, 0x7, 0x80, 0xe0, 0x78, 0x1c,
    0xe, 0x3, 0x81, 0xc0, 0xe0, 0x70, 0x38, 0x1c,
    0xe, 0x7, 0x3, 0x81, 0xc0, 0xe0, 0x70, 0x70,
    0x38, 0x38, 0x3c, 0x7c, 0x7c, 0x38, 0x0,

    /* U+002A "*" */
    0x3, 0x80, 0x7, 0x0, 0xe, 0x0, 0x1c, 0xc,
    0x38, 0x7e, 0x77, 0xff, 0x5f, 0x8f, 0xf8, 0x3,
    0x80, 0xd, 0x80, 0x3b, 0x80, 0xe3, 0x83, 0xc7,
    0x87, 0x7, 0x0, 0x0, 0x0,

    /* U+002B "+" */
    0x7, 0x0, 0x38, 0x1, 0xc0, 0xe, 0x0, 0x70,
    0x7f, 0xff, 0xff, 0xe0, 0xe0, 0x7, 0x0, 0x38,
    0x1, 0xc0, 0xe, 0x0, 0x70, 0x0,

    /* U+002C "," */
    0x39, 0xe7, 0x9c, 0x73, 0x8e, 0x30, 0xc0,

    /* U+002D "-" */
    0xff, 0xff, 0xc0,

    /* U+002E "." */
    0x77, 0xfe, 0xe0,

    /* U+002F "/" */
    0x0, 0x38, 0x3, 0x80, 0x1c, 0x0, 0xc0, 0xe,
    0x0, 0x70, 0x3, 0x0, 0x38, 0x1, 0xc0, 0xc,
    0x0, 0xe0, 0x6, 0x0, 0x70, 0x3, 0x80, 0x18,
    0x1, 0xc0, 0xe, 0x0, 0x60, 0x7, 0x0, 0x38,
    0x3, 0x80, 0x1c, 0x0, 0xc0, 0xe, 0x0, 0x70,
    0x3, 0x0, 0x38, 0x0,

    /* U+0030 "0" */
    0xf, 0x81, 0xff, 0x1e, 0x3d, 0xe0, 0xfe, 0x3,
    0xf0, 0x1f, 0x80, 0xfc, 0x7, 0xe0, 0x3f, 0x39,
    0xf9, 0xcf, 0xce, 0x7e, 0x3, 0xf0, 0x1f, 0x80,
    0xfc, 0x7, 0xe0, 0x3f, 0x83, 0xde, 0x3c, 0x7f,
    0xc0, 0xf8, 0x0,

    /* U+0031 "1" */
    0xf, 0x1, 0xf8, 0x1f, 0xc1, 0xee, 0xc, 0x70,
    0x43, 0x80, 0x1c, 0x0, 0xe0, 0x7, 0x0, 0x38,
    0x1, 0xc0, 0xe, 0x0, 0x70, 0x3, 0x80, 0x1c,
    0x0, 0xe0, 0x7, 0x0, 0x38, 0x1, 0xc1, 0xff,
    0xff, 0xff, 0x80,

    /* U+0032 "2" */
    0xf, 0xc1, 0xff, 0x1e, 0x3d, 0xe0, 0xfe, 0x3,
    0xf0, 0x1c, 0x0, 0xe0, 0x7, 0x0, 0x78, 0x3,
    0x80, 0x3c, 0x3, 0xc0, 0x3c, 0x3, 0xc0, 0x1c,
    0x1, 0xc0, 0x1c, 0x1, 0xc0, 0x1c, 0x0, 0xff,
    0xf7, 0xff, 0x80,

    /* U+0033 "3" */
    0x7f, 0xf3, 0xff, 0x80, 0x1c, 0x1, 0xc0, 0x1c,
    0x1, 0xc0, 0x1c, 0x0, 0xc0, 0xf, 0x80, 0x7f,
    0x0, 0x3c, 0x0, 0xf0, 0x3, 0x80, 0x1c, 0x0,
    0xfc, 0x7, 0xe0, 0x3f, 0x83, 0xde, 0x3c, 0x7f,
    0xc1, 0xf8, 0x0,

    /* U+0034 "4" */
    0x0, 0xe0, 0x1c, 0x3, 0x80, 0x38, 0x7, 0x0,
    0xf0, 0xe, 0x1, 0xc0, 0x3c, 0x3, 0x87, 0x70,
    0x77, 0x7, 0xe0, 0x7e, 0x7, 0xff, 0xff, 0xff,
    0x0, 0x70, 0x7, 0x0, 0x70, 0x7, 0x0, 0x70,

    /* U+0035 "5" */
    0xff, 0xef, 0xfe, 0xe0, 0xe, 0x0, 0xe0, 0xe,
    0x0, 0xe0, 0xe, 0xf8, 0xff, 0xef, 0xe, 0xe0,
    0xf0, 0x7, 0x0, 0x70, 0x7, 0x0, 0x70, 0x7,
    0xe0, 0x7e, 0xf, 0xf0, 0xe7, 0xfc, 0x1f, 0x80,

    /* U+0036 "6" */
    0x1, 0x80, 0x18, 0x1, 0xc0, 0xc, 0x0, 0xe0,
    0xe, 0x0, 0x70, 0x7, 0x0, 0x3b, 0xc3, 0xff,
    0x1e, 0x3d, 0xe0, 0xfe, 0x3, 0xf0, 0x1f, 0x80,
    0xfc, 0x7, 0xe0, 0x3b, 0x83, 0x9e, 0x3c, 0x7f,
    0xc0, 0xf8, 0x0,

    /* U+0037 "7" */
    0xff, 0xff, 0xff, 0xf8, 0xf, 0xc0, 0x7e, 0x3,
    0x0, 0x38, 0x1, 0x80, 0x1c, 0x0, 0xe0, 0x6,
    0x0, 0x70, 0x3, 0x80, 0x18, 0x1, 0xc0, 0xc,
    0x0, 0xe0, 0x7, 0x0, 0x30, 0x3, 0x80, 0x1c,
    0x0, 0xc0, 0x0,

    /* U+0038 "8" */
    0x1f, 0x83, 0xff, 0x1c, 0x39, 0xc0, 0xee, 0x7,
    0x70, 0x3b, 0x81, 0xce, 0x1c, 0x79, 0xe0, 0xfe,
    0x7, 0xf0, 0x7f, 0xc7, 0xf, 0x78, 0x3f, 0x80,
    0xfc, 0x7, 0xe0, 0x3f, 0x1, 0xdc, 0x1c, 0x7f,
    0xc1, 0xf8, 0x0,

    /* U+0039 "9" */
    0xf, 0x81, 0xff, 0x1e, 0x3c, 0xe0, 0xee, 0x3,
    0xf0, 0x1f, 0x80, 0xfc, 0x7, 0xe0, 0x3f, 0x83,
    0xde, 0x3c, 0x7f, 0xe1, 0xee, 0x0, 0x70, 0x7,
    0x0, 0x38, 0x3, 0x80, 0x18, 0x1, 0xc0, 0xc,
    0x0, 0xc0, 0x0,

    /* U+003A ":" */
    0x77, 0xfe, 0xe0, 0x0, 0x0, 0x0, 0x0, 0x7,
    0x7f, 0xee,

    /* U+003B ";" */
    0x39, 0xf7, 0xce, 0x0, 0x0, 0x0, 0x0, 0x0,
    0xf, 0x38, 0xe7, 0x9c, 0x73, 0x8e, 0x30, 0xc0,

    /* U+003C "<" */
    0x0, 0x10, 0x7, 0x1, 0xf0, 0x7c, 0x1f, 0x7,
    0xc0, 0xf0, 0xc, 0x0, 0xf0, 0x7, 0xc0, 0x1f,
    0x0, 0x7c, 0x1, 0xf0, 0x7, 0x0, 0x10,

    /* U+003D "=" */
    0xff, 0xff, 0xff, 0x0, 0x0, 0x0, 0x0, 0x0,
    0x0, 0x0, 0xf, 0xff, 0xff, 0xf0,

    /* U+003E ">" */
    0x80, 0xe, 0x0, 0xf8, 0x3, 0xe0, 0xf, 0x80,
    0x3e, 0x0, 0xf0, 0x3, 0x0, 0xf0, 0x3e, 0xf,
    0x83, 0xe0, 0xf8, 0xe, 0x0, 0x80, 0x0,

    /* U+003F "?" */
    0xfe, 0x1f, 0xf0, 0xf, 0x0, 0xe0, 0xe, 0x1,
    0xc0, 0x38, 0x7, 0x1, 0xe0, 0x78, 0x7e, 0xf,
    0x81, 0xc0, 0x38, 0x7, 0x0, 0x0, 0x0, 0x0,
    0x0, 0xf0, 0x1e, 0x3, 0xc0,

    /* U+0040 "@" */
    0xf, 0xc0, 0x7f, 0xc3, 0x83, 0x9c, 0x6, 0x60,
    0xf, 0x0, 0x3c, 0x0, 0xf0, 0x39, 0xc1, 0xf7,
    0xe, 0x3c, 0x30, 0xf0, 0xc3, 0xc3, 0xf, 0xc,
    0x3c, 0x30, 0xf0, 0xc3, 0xc3, 0x8f, 0x7, 0xdc,
    0xe, 0x70, 0x0, 0xc0, 0x1, 0x80, 0x7, 0x0,
    0xe, 0x0, 0x1f, 0xc0, 0x1f, 0x0,

    /* U+0041 "A" */
    0x3, 0x80, 0x1e, 0x0, 0x7c, 0x1, 0xb0, 0x6,
    0xc0, 0x3b, 0x80, 0xce, 0x3, 0x18, 0xc, 0x60,
    0x71, 0xc1, 0x87, 0x6, 0xc, 0x18, 0x30, 0xff,
    0xe3, 0xff, 0x8c, 0x6, 0x30, 0x19, 0xc0, 0x77,
    0x1, 0xd8, 0x3, 0x60, 0xc,

    /* U+0042 "B" */
    0xff, 0x8f, 0xfc, 0xe0, 0xee, 0x7, 0xe0, 0x7e,
    0x7, 0xe0, 0x7e, 0x7, 0xe0, 0xef, 0xfe, 0xff,
    0x8e, 0x1e, 0xe0, 0xee, 0x7, 0xe0, 0x7e, 0x7,
    0xe0, 0x7e, 0xf, 0xe0, 0xef, 0xfc, 0xff, 0x80,

    /* U+0043 "C" */
    0x1f, 0x83, 0xfc, 0x70, 0xee, 0x7, 0xe0, 0x7e,
    0x7, 0xe0, 0xe, 0x0, 0xe0, 0xe, 0x0, 0xe0,
    0xe, 0x0, 0xe0, 0xe, 0x0, 0xe0, 0xe, 0x7,
    0xe0, 0x7e, 0x7, 0x70, 0xe3, 0xfc, 0x1f, 0x80,

    /* U+0044 "D" */
    0xff, 0xf, 0xfc, 0xe1, 0xee, 0xe, 0xe0, 0x7e,
    0x7, 0xe0, 0x7e, 0x7, 0xe0, 0x7e, 0x7, 0xe0,
    0x7e, 0x7, 0xe0, 0x7e, 0x7, 0xe0, 0x7e, 0x7,
    0xe0, 0x7e, 0xe, 0xe1, 0xef, 0xfc, 0xff, 0x0,

    /* U+0045 "E" */
    0xff, 0xff, 0xff, 0xe0, 0xe, 0x0, 0xe0, 0xe,
    0x0, 0xe0, 0xe, 0x0, 0xe0, 0xf, 0xfe, 0xff,
    0xee, 0x0, 0xe0, 0xe, 0x0, 0xe0, 0xe, 0x0,
    0xe0, 0xe, 0x0, 0xe0, 0xf, 0xff, 0xff, 0xf0,

    /* U+0046 "F" */
    0xff, 0xff, 0xff, 0xe0, 0xe, 0x0, 0xe0, 0xe,
    0x0, 0xe0, 0xe, 0x0, 0xe0, 0xe, 0x0, 0xff,
    0xff, 0xff, 0xe0, 0xe, 0x0, 0xe0, 0xe, 0x0,
    0xe0, 0xe, 0x0, 0xe0, 0xe, 0x0, 0xe0, 0x0,

    /* U+0047 "G" */
    0x1f, 0x83, 0xfc, 0x70, 0xee, 0x7, 0xe0, 0x7e,
    0x7, 0xe0, 0xe, 0x0, 0xe0, 0xe, 0x0, 0xe7,
    0xfe, 0x7f, 0xe0, 0x7e, 0x7, 0xe0, 0x7e, 0x7,
    0xe0, 0x7e, 0xf, 0x70, 0xe3, 0xfc, 0x1f, 0x80,

    /* U+0048 "H" */
    0xe0, 0x7e, 0x7, 0xe0, 0x7e, 0x7, 0xe0, 0x7e,
    0x7, 0xe0, 0x7e, 0x7, 0xe0, 0x7f, 0xff, 0xff,
    0xfe, 0x7, 0xe0, 0x7e, 0x7, 0xe0, 0x7e, 0x7,
    0xe0, 0x7e, 0x7, 0xe0, 0x7e, 0x7, 0xe0, 0x70,

    /* U+0049 "I" */
    0xff, 0xff, 0xfc, 0x38, 0x7, 0x0, 0xe0, 0x1c,
    0x3, 0x80, 0x70, 0xe, 0x1, 0xc0, 0x38, 0x7,
    0x0, 0xe0, 0x1c, 0x3, 0x80, 0x70, 0xe, 0x1,
    0xc0, 0x38, 0x7f, 0xff, 0xfe,

    /* U+004A "J" */
    0x7, 0xf8, 0x3f, 0xc0, 0xe, 0x0, 0x70, 0x3,
    0x80, 0x1c, 0x0, 0xe0, 0x7, 0x0, 0x38, 0x1,
    0xc0, 0xe, 0x0, 0x70, 0x3, 0x80, 0x1c, 0x0,
    0xfc, 0x7, 0xe0, 0x3f, 0x83, 0xde, 0x3c, 0x7f,
    0xc1, 0xf8, 0x0,

    /* U+004B "K" */
    0xe0, 0x3b, 0x80, 0xee, 0x7, 0x38, 0x1c, 0xe0,
    0xe3, 0x83, 0x8e, 0x1c, 0x38, 0x70, 0xe3, 0x83,
    0xfc, 0xf, 0xf8, 0x38, 0xe0, 0xe1, 0x83, 0x87,
    0xe, 0xc, 0x38, 0x38, 0xe0, 0x63, 0x81, 0xce,
    0x3, 0x38, 0xe, 0xe0, 0x38,

    /* U+004C "L" */
    0xe0, 0xe, 0x0, 0xe0, 0xe, 0x0, 0xe0, 0xe,
    0x0, 0xe0, 0xe, 0x0, 0xe0, 0xe, 0x0, 0xe0,
    0xe, 0x0, 0xe0, 0xe, 0x0, 0xe0, 0xe, 0x0,
    0xe0, 0xe, 0x0, 0xe0, 0xf, 0xff, 0xff, 0xf0,

    /* U+004D "M" */
    0xf0, 0x7f, 0x83, 0xf6, 0x1f, 0xf1, 0xbf, 0x8d,
    0xfc, 0x7f, 0xb6, 0xfd, 0xb7, 0xed, 0xbf, 0x39,
    0xf9, 0xcf, 0xce, 0x7e, 0x3, 0xf0, 0x1f, 0x80,
    0xfc, 0x7, 0xe0, 0x3f, 0x1, 0xf8, 0xf, 0xc0,
    0x7e, 0x3, 0x80,

    /* U+004E "N" */
    0xf0, 0x7f, 0x7, 0xf8, 0x7f, 0x87, 0xf8, 0x7e,
    0xc7, 0xec, 0x7e, 0xc7, 0xec, 0x7e, 0x67, 0xe6,
    0x7e, 0x67, 0xe3, 0x7e, 0x37, 0xe3, 0x7e, 0x17,
    0xe1, 0xfe, 0x1f, 0xe1, 0xfe, 0xf, 0xe0, 0xf0,

    /* U+004F "O" */
    0x1f, 0x83, 0xfc, 0x70, 0xee, 0x7, 0xe0, 0x7e,
    0x7, 0xe0, 0x7e, 0x7, 0xe0, 0x7e, 0x7, 0xe0,
    0x7e, 0x7, 0xe0, 0x7e, 0x7, 0xe0, 0x7e, 0x7,
    0xe0, 0x7e, 0x7, 0x70, 0xe3, 0xfc, 0x1f, 0x80,

    /* U+0050 "P" */
    0xff, 0x87, 0xff, 0x38, 0x3d, 0xc0, 0xfe, 0x3,
    0xf0, 0x1f, 0x80, 0xfc, 0x7, 0xe0, 0x7f, 0x7,
    0xbf, 0xf9, 0xff, 0x8e, 0x0, 0x70, 0x3, 0x80,
    0x1c, 0x0, 0xe0, 0x7, 0x0, 0x38, 0x1, 0xc0,
    0xe, 0x0, 0x0,

    /* U+0051 "Q" */
    0xf, 0x81, 0xff, 0x1e, 0x3d, 0xe0, 0xfe, 0x3,
    0xf0, 0x1f, 0x80, 0xfc, 0x7, 0xe0, 0x3f, 0x1,
    0xf8, 0xf, 0xc0, 0x7e, 0x3, 0xf0, 0x1f, 0x80,
    0xfc, 0x7, 0xe0, 0x3f, 0x83, 0xde, 0x3c, 0x7f,
    0xc0, 0xf8, 0x0, 0xe0, 0x3, 0x80, 0x1e, 0x0,
    0x70, 0x3, 0xc0,

    /* U+0052 "R" */
    0xff, 0x87, 0xff, 0x38, 0x3d, 0xc0, 0xfe, 0x3,
    0xf0, 0x1f, 0x80, 0xfc, 0x7, 0xe0, 0x7f, 0x7,
    0xbf, 0xf9, 0xff, 0xe, 0x38, 0x70, 0xe3, 0x87,
    0x1c, 0x1c, 0xe0, 0xe7, 0x7, 0xb8, 0x1d, 0xc0,
    0xfe, 0x3, 0x80,

    /* U+0053 "S" */
    0xf, 0xc1, 0xff, 0x1c, 0x1d, 0xc0, 0x7e, 0x3,
    0xf0, 0x3, 0x80, 0x1e, 0x0, 0x7c, 0x3, 0xfc,
    0x7, 0xf8, 0xf, 0xe0, 0xf, 0x0, 0x3c, 0x0,
    0xe0, 0x7, 0xe0, 0x3f, 0x1, 0xde, 0x1c, 0x7f,
    0xc0, 0xfc, 0x0,

    /* U+0054 "T" */
    0xff, 0xff, 0xff, 0xf0, 0x70, 0x1, 0xc0, 0x7,
    0x0, 0x1c, 0x0, 0x70, 0x1, 0xc0, 0x7, 0x0,
    0x1c, 0x0, 0x70, 0x1, 0xc0, 0x7, 0x0, 0x1c,
    0x0, 0x70, 0x1, 0xc0, 0x7, 0x0, 0x1c, 0x0,
    0x70, 0x1, 0xc0, 0x7, 0x0,

    /* U+0055 "U" */
    0xe0, 0x7e, 0x7, 0xe0, 0x7e, 0x7, 0xe0, 0x7e,
    0x7, 0xe0, 0x7e, 0x7, 0xe0, 0x7e, 0x7, 0xe0,
    0x7e, 0x7, 0xe0, 0x7e, 0x7, 0xe0, 0x7e, 0x7,
    0xe0, 0x7e, 0x7, 0x70, 0xe3, 0xfc, 0x1f, 0x80,

    /* U+0056 "V" */
    0x60, 0xd, 0x80, 0x77, 0x1, 0xdc, 0x7, 0x30,
    0x18, 0xc0, 0x63, 0x83, 0x8e, 0xe, 0x18, 0x30,
    0x60, 0xc1, 0xc7, 0x7, 0x1c, 0xc, 0x60, 0x31,
    0x80, 0xee, 0x3, 0xb8, 0x6, 0xc0, 0x1b, 0x0,
    0x6c, 0x1, 0xf0, 0x3, 0x80,

    /* U+0057 "W" */
    0xc3, 0x87, 0x87, 0xf, 0xa, 0x1f, 0x14, 0x3e,
    0x28, 0xfc, 0x51, 0xd9, 0xb3, 0x33, 0x66, 0x66,
    0xcc, 0xcd, 0x99, 0x9b, 0x33, 0x22, 0x66, 0x44,
    0xce, 0x8b, 0x9f, 0x17, 0x1e, 0x3c, 0x3c, 0x78,
    0x78, 0xf0, 0xf1, 0xe1, 0xe3, 0xc3, 0x83, 0x80,

    /* U+0058 "X" */
    0x70, 0x1c, 0xe0, 0x38, 0xe0, 0xe1, 0xc1, 0x81,
    0xc7, 0x3, 0x8c, 0x3, 0xb8, 0x7, 0x60, 0x7,
    0xc0, 0x7, 0x0, 0xe, 0x0, 0x3e, 0x0, 0x7c,
    0x1, 0xdc, 0x3, 0x38, 0xe, 0x38, 0x18, 0x70,
    0x70, 0x71, 0xc0, 0xe3, 0x80, 0xee, 0x0, 0xc0,

    /* U+0059 "Y" */
    0xe0, 0xe, 0xc0, 0x19, 0xc0, 0x73, 0x80, 0xe3,
    0x83, 0x87, 0x7, 0x7, 0x1c, 0xe, 0x38, 0xe,
    0xe0, 0x1d, 0xc0, 0x1f, 0x0, 0x3e, 0x0, 0x38,
    0x0, 0x70, 0x0, 0xe0, 0x1, 0xc0, 0x3, 0x80,
    0x7, 0x0, 0xe, 0x0, 0x1c, 0x0, 0x38, 0x0,

    /* U+005A "Z" */
    0xff, 0xff, 0xff, 0x0, 0x70, 0x6, 0x0, 0xe0,
    0x1c, 0x1, 0xc0, 0x38, 0x3, 0x0, 0x70, 0x6,
    0x0, 0xe0, 0xc, 0x1, 0xc0, 0x38, 0x3, 0x80,
    0x70, 0x6, 0x0, 0xe0, 0xf, 0xff, 0xff, 0xf0,

    /* U+005B "[" */
    0xff, 0xff, 0x87, 0xe, 0x1c, 0x38, 0x70, 0xe1,
    0xc3, 0x87, 0xe, 0x1c, 0x38, 0x70, 0xe1, 0xc3,
    0x87, 0xe, 0x1c, 0x38, 0x70, 0xe1, 0xff, 0xf8,

    /* U+005C "\\" */
    0xe0, 0x3, 0x0, 0x1c, 0x0, 0xe0, 0x3, 0x0,
    0x1c, 0x0, 0xe0, 0x3, 0x80, 0x1c, 0x0, 0x60,
    0x3, 0x80, 0x1c, 0x0, 0x60, 0x3, 0x80, 0x1c,
    0x0, 0x60, 0x3, 0x80, 0xc, 0x0, 0x70, 0x3,
    0x80, 0xc, 0x0, 0x70, 0x3, 0x80, 0xc, 0x0,
    0x70, 0x3, 0x80, 0xe,

    /* U+005D "]" */
    0xff, 0xff, 0x7, 0x7, 0x7, 0x7, 0x7, 0x7,
    0x7, 0x7, 0x7, 0x7, 0x7, 0x7, 0x7, 0x7,
    0x7, 0x7, 0x7, 0x7, 0x7, 0x7, 0x7, 0x7,
    0x7, 0xff, 0xff,

    /* U+005E "^" */
    0x7, 0x0, 0x38, 0x3, 0x60, 0x1b, 0x1, 0x9c,
    0xc, 0x60, 0xe3, 0x86, 0xc, 0x70, 0x63, 0x1,
    0xb8, 0xc,

    /* U+005F "_" */
    0xff, 0xff, 0xff, 0xc0,

    /* U+0060 "`" */
    0xe1, 0xc3, 0x87,

    /* U+0061 "a" */
    0xf, 0xc1, 0xff, 0x8e, 0x1c, 0xe0, 0x70, 0x3,
    0x80, 0x1c, 0x0, 0xe3, 0xff, 0x7f, 0xff, 0x81,
    0xf8, 0xf, 0xc0, 0x7e, 0x3, 0xf8, 0x7d, 0xfe,
    0xe3, 0xe7,

    /* U+0062 "b" */
    0xe0, 0xe, 0x0, 0xe0, 0xe, 0x0, 0xe0, 0xe,
    0x78, 0xef, 0xef, 0xe, 0xf0, 0xfe, 0x7, 0xe0,
    0x7e, 0x7, 0xe0, 0x7e, 0x7, 0xe0, 0x7e, 0x7,
    0xe0, 0x7e, 0xf, 0xf0, 0xee, 0xfe, 0xe7, 0x80,

    /* U+0063 "c" */
    0x1f, 0x83, 0xfc, 0x70, 0xef, 0x7, 0xe0, 0x7e,
    0x0, 0xe0, 0xe, 0x0, 0xe0, 0xe, 0x0, 0xe0,
    0xe, 0x7, 0xe0, 0x77, 0xe, 0x3f, 0xc1, 0xf8,

    /* U+0064 "d" */
    0x0, 0x30, 0x3, 0x0, 0x30, 0x3, 0x0, 0x31,
    0xf3, 0x3f, 0xb7, 0x8f, 0xf0, 0x7e, 0x3, 0xe0,
    0x3e, 0x3, 0xe0, 0x3e, 0x3, 0xe0, 0x3e, 0x3,
    0xe0, 0x3f, 0x7, 0x78, 0xb3, 0xfb, 0x1e, 0x30,

    /* U+0065 "e" */
    0x1f, 0x83, 0xfc, 0x70, 0xef, 0xf, 0xe0, 0x7e,
    0x7, 0xe0, 0x7f, 0xff, 0xff, 0xfe, 0x0, 0xe0,
    0xe, 0x0, 0xe0, 0x77, 0xe, 0x3f, 0xe1, 0xf8,

    /* U+0066 "f" */
    0x3, 0xf8, 0x3f, 0xc3, 0x80, 0x1c, 0x0, 0xe0,
    0x7, 0x0, 0x38, 0x1f, 0xff, 0xff, 0xf8, 0x70,
    0x3, 0x80, 0x1c, 0x0, 0xe0, 0x7, 0x0, 0x38,
    0x1, 0xc0, 0xe, 0x0, 0x70, 0x3, 0x80, 0x1c,
    0x0, 0xe0, 0x0,

    /* U+0067 "g" */
    0x1f, 0x33, 0xfb, 0x78, 0xff, 0x7, 0xe0, 0x3e,
    0x3, 0xe0, 0x3e, 0x3, 0xe0, 0x3e, 0x3, 0xe0,
    0x7f, 0x7, 0x78, 0xb3, 0xfb, 0x1f, 0x30, 0x3,
    0x0, 0x30, 0x3, 0x0, 0x73, 0xfe, 0x3f, 0xc0,

    /* U+0068 "h" */
    0xe0, 0xe, 0x0, 0xe0, 0xe, 0x0, 0xe0, 0xe,
    0x78, 0xef, 0xef, 0xe, 0xf0, 0x7e, 0x7, 0xe0,
    0x7e, 0x7, 0xe0, 0x7e, 0x7, 0xe0, 0x7e, 0x7,
    0xe0, 0x7e, 0x7, 0xe0, 0x7e, 0x7, 0xe0, 0x70,

    /* U+0069 "i" */
    0xf, 0x0, 0x78, 0x3, 0xc0, 0x0, 0x0, 0x0,
    0x0, 0x1, 0xfc, 0xf, 0xe0, 0x7, 0x0, 0x38,
    0x1, 0xc0, 0xe, 0x0, 0x70, 0x3, 0x80, 0x1c,
    0x0, 0xe0, 0x7, 0x0, 0x38, 0x1, 0xc0, 0xe,
    0xf, 0xff, 0xff, 0xfc,

    /* U+006A "j" */
    0x1, 0xe0, 0x3c, 0x7, 0x80, 0x0, 0x0, 0x0,
    0x1f, 0xfb, 0xff, 0x0, 0xe0, 0x1c, 0x3, 0x80,
    0x70, 0xe, 0x1, 0xc0, 0x38, 0x7, 0x0, 0xe0,
    0x1c, 0x3, 0x80, 0x70, 0xe, 0x1, 0xc0, 0x38,
    0xf, 0x3, 0xdf, 0xf3, 0xf8, 0x0,

    /* U+006B "k" */
    0xe0, 0x7, 0x0, 0x38, 0x1, 0xc0, 0xe, 0x0,
    0x70, 0x1f, 0x81, 0xdc, 0xe, 0xe0, 0xe7, 0x6,
    0x38, 0x71, 0xc7, 0xf, 0xf0, 0x7f, 0xc3, 0x8e,
    0x1c, 0x38, 0xe0, 0xc7, 0x7, 0x38, 0x1d, 0xc0,
    0xee, 0x3, 0x80,

    /* U+006C "l" */
    0xff, 0x1, 0xfe, 0x0, 0x1c, 0x0, 0x38, 0x0,
    0x70, 0x0, 0xe0, 0x1, 0xc0, 0x3, 0x80, 0x7,
    0x0, 0xe, 0x0, 0x1c, 0x0, 0x38, 0x0, 0x70,
    0x0, 0xe0, 0x1, 0xc0, 0x3, 0x80, 0x7, 0x0,
    0xe, 0x0, 0x1e, 0x0, 0x1f, 0xf0, 0x1f, 0xe0,

    /* U+006D "m" */
    0xde, 0xe7, 0xff, 0xb9, 0xcf, 0x86, 0x7c, 0x33,
    0xe1, 0x9f, 0xc, 0xf8, 0x67, 0xc3, 0x3e, 0x19,
    0xf0, 0xcf, 0x86, 0x7c, 0x33, 0xe1, 0x9f, 0xc,
    0xf8, 0x67,

    /* U+006E "n" */
    0xe7, 0x8e, 0xfe, 0xf0, 0xee, 0x7, 0xe0, 0x7e,
    0x7, 0xe0, 0x7e, 0x7, 0xe0, 0x7e, 0x7, 0xe0,
    0x7e, 0x7, 0xe0, 0x7e, 0x7, 0xe0, 0x7e, 0x7,

    /* U+006F "o" */
    0x1f, 0x83, 0xfc, 0x70, 0xee, 0x7, 0xe0, 0x7e,
    0x7, 0xe0, 0x7e, 0x7, 0xe0, 0x7e, 0x7, 0xe0,
    0x7e, 0x7, 0xe0, 0x77, 0xe, 0x3f, 0xc1, 0xf8,

    /* U+0070 "p" */
    0xe7, 0x8e, 0xfe, 0xf0, 0xef, 0x7, 0xe0, 0x7e,
    0x7, 0xe0, 0x7e, 0x7, 0xe0, 0x7e, 0x7, 0xe0,
    0x7e, 0x7, 0xf0, 0xff, 0xe, 0xef, 0xee, 0x78,
    0xe0, 0xe, 0x0, 0xe0, 0xe, 0x0, 0xe0, 0x0,

    /* U+0071 "q" */
    0x1e, 0x37, 0xfb, 0x70, 0xbf, 0x7, 0xe0, 0x3e,
    0x3, 0xe0, 0x3e, 0x3, 0xe0, 0x3e, 0x3, 0xe0,
    0x3e, 0x3, 0xf0, 0x77, 0xf, 0x7f, 0xb1, 0xf3,
    0x0, 0x30, 0x3, 0x0, 0x30, 0x3, 0x0, 0x30,

    /* U+0072 "r" */
    0xe7, 0x8e, 0xfe, 0xf0, 0xef, 0x7, 0xe0, 0x7e,
    0x7, 0xe0, 0x7e, 0x0, 0xe0, 0xe, 0x0, 0xe0,
    0xe, 0x0, 0xe0, 0xe, 0x0, 0xe0, 0xe, 0x0,

    /* U+0073 "s" */
    0x1f, 0x87, 0xfe, 0xf0, 0xee, 0x7, 0xe0, 0xe,
    0x0, 0xfc, 0x7, 0xfc, 0x1f, 0xe0, 0x1f, 0x0,
    0x70, 0x7, 0xe0, 0x7e, 0xf, 0x7f, 0xe3, 0xf8,

    /* U+0074 "t" */
    0xe, 0x0, 0x70, 0x3, 0x80, 0x1c, 0xf, 0xff,
    0xff, 0xfc, 0x38, 0x1, 0xc0, 0xe, 0x0, 0x70,
    0x3, 0x80, 0x1c, 0x0, 0xe0, 0x7, 0x0, 0x38,
    0x1, 0xc0, 0xe, 0x0, 0x70, 0x1, 0xfe, 0x7,
    0xf0,

    /* U+0075 "u" */
    0xe0, 0x7e, 0x7, 0xe0, 0x7e, 0x7, 0xe0, 0x7e,
    0x7, 0xe0, 0x7e, 0x7, 0xe0, 0x7e, 0x7, 0xe0,
    0x7e, 0x7, 0xe0, 0xf7, 0xe, 0x3f, 0xc1, 0xf8,

    /* U+0076 "v" */
    0xc0, 0x1f, 0x1, 0xf8, 0xc, 0xc0, 0x67, 0x7,
    0x38, 0x38, 0xc1, 0x86, 0x1c, 0x38, 0xe0, 0xc6,
    0x6, 0x70, 0x3b, 0x80, 0xd8, 0x6, 0xc0, 0x3e,
    0x0, 0xe0,

    /* U+0077 "w" */
    0xc3, 0x87, 0x87, 0x1f, 0x8e, 0x33, 0x14, 0x66,
    0x28, 0xcc, 0xd1, 0x99, 0xb3, 0x33, 0x66, 0x64,
    0xd8, 0xe9, 0xb0, 0xd1, 0x61, 0xe2, 0xc3, 0xc5,
    0x87, 0x8f, 0xe, 0x1e, 0x1c, 0x38,

    /* U+0078 "x" */
    0x70, 0x1c, 0xe0, 0xe3, 0x83, 0x7, 0x1c, 0xc,
    0xe0, 0x3b, 0x0, 0x7c, 0x0, 0xe0, 0x7, 0x80,
    0x1f, 0x0, 0xee, 0x7, 0x18, 0x1c, 0x70, 0xe0,
    0xe7, 0x3, 0x9c, 0x7,

    /* U+0079 "y" */
    0xe0, 0x3f, 0x1, 0xd8, 0xc, 0xe0, 0xe7, 0x7,
    0x18, 0x30, 0xe3, 0x87, 0x1c, 0x18, 0xc0, 0xee,
    0x3, 0x60, 0x1b, 0x0, 0xf8, 0x3, 0x80, 0x1c,
    0x0, 0xe0, 0x6, 0x0, 0x70, 0x3, 0x80, 0x18,
    0x1, 0xc0, 0x0,

    /* U+007A "z" */
    0xff, 0xef, 0xfe, 0x0, 0xe0, 0x1c, 0x3, 0x80,
    0x38, 0x7, 0x0, 0xe0, 0xe, 0x1, 0xc0, 0x38,
    0x3, 0x0, 0x70, 0xe, 0x0, 0xff, 0xff, 0xff,

    /* U+007B "{" */
    0x0, 0x78, 0xf, 0xc0, 0xf0, 0x7, 0x0, 0x38,
    0x1, 0xc0, 0xe, 0x0, 0x70, 0x3, 0x80, 0x1c,
    0x0, 0xe0, 0x7, 0x0, 0x70, 0x7f, 0x3, 0xfc,
    0x0, 0xe0, 0x3, 0x80, 0x1c, 0x0, 0xe0, 0x7,
    0x0, 0x38, 0x1, 0xc0, 0xe, 0x0, 0x70, 0x3,
    0xc0, 0xf, 0xc0, 0x1e,

    /* U+007C "|" */
    0xff, 0xff, 0xff, 0xff, 0xff, 0xff, 0xff, 0xff,
    0xff, 0xff, 0x80,

    /* U+007D "}" */
    0xf0, 0x7, 0xe0, 0x7, 0x0, 0x1c, 0x0, 0xe0,
    0x7, 0x0, 0x38, 0x1, 0xc0, 0xe, 0x0, 0x70,
    0x3, 0x80, 0x1c, 0x0, 0x70, 0x1, 0xfc, 0xf,
    0xe0, 0xe0, 0xe, 0x0, 0x70, 0x3, 0x80, 0x1c,
    0x0, 0xe0, 0x7, 0x0, 0x38, 0x1, 0xc0, 0x1e,
    0x7, 0xe0, 0x3e, 0x0,

    /* U+007E "~" */
    0x38, 0x3b, 0xe1, 0xf9, 0x8f, 0xc6, 0x7e, 0x1f,
    0x70, 0x70,

    /* U+00AB "«" */
    0x7, 0xe, 0x1c, 0x38, 0x70, 0xe1, 0xc3, 0x83,
    0xe, 0xe, 0x38, 0x38, 0xe0, 0x38, 0xe0, 0x30,
    0xe0, 0x70, 0xe0, 0x70, 0xe0, 0x70, 0xe0, 0x70,
    0xe0,

    /* U+00B0 "°" */
    0x3e, 0x3f, 0xb8, 0xf8, 0x3c, 0x1e, 0xf, 0x8e,
    0xfe, 0x3e, 0x0,

    /* U+00BB "»" */
    0xe1, 0xc0, 0xe1, 0xc0, 0xe1, 0x80, 0xe3, 0x80,
    0xe3, 0x80, 0xe3, 0x81, 0xc3, 0x83, 0x8e, 0xe,
    0x38, 0x38, 0xe0, 0xe1, 0xc3, 0x87, 0xe, 0x1c,
    0x0,

    /* U+0401 "Ё" */
    0x38, 0xe3, 0x8e, 0x38, 0xe0, 0x0, 0x0, 0x0,
    0x0, 0xff, 0xff, 0xff, 0xe0, 0xe, 0x0, 0xe0,
    0xe, 0x0, 0xe0, 0xe, 0x0, 0xe0, 0xf, 0xfe,
    0xff, 0xee, 0x0, 0xe0, 0xe, 0x0, 0xe0, 0xe,
    0x0, 0xe0, 0xe, 0x0, 0xe0, 0xf, 0xff, 0xff,
    0xf0,

    /* U+0410 "А" */
    0x3, 0x80, 0x1e, 0x0, 0x7c, 0x1, 0xb0, 0x6,
    0xc0, 0x3b, 0x80, 0xce, 0x3, 0x18, 0xc, 0x60,
    0x71, 0xc1, 0x87, 0x6, 0xc, 0x18, 0x30, 0xff,
    0xe3, 0xff, 0x8c, 0x6, 0x30, 0x19, 0xc0, 0x77,
    0x1, 0xd8, 0x3, 0x60, 0xc,

    /* U+0411 "Б" */
    0xff, 0xef, 0xfe, 0xe0, 0xe, 0x0, 0xe0, 0xe,
    0x0, 0xe0, 0xe, 0x0, 0xe0, 0xf, 0xf8, 0xff,
    0xce, 0xe, 0xe0, 0xfe, 0x7, 0xe0, 0x7e, 0x7,
    0xe0, 0x7e, 0xf, 0xe0, 0xef, 0xfc, 0xff, 0x80,

    /* U+0412 "В" */
    0xff, 0x8f, 0xfc, 0xe0, 0xee, 0x7, 0xe0, 0x7e,
    0x7, 0xe0, 0x7e, 0x7, 0xe0, 0xef, 0xfe, 0xff,
    0x8e, 0x1e, 0xe0, 0xee, 0x7, 0xe0, 0x7e, 0x7,
    0xe0, 0x7e, 0xf, 0xe0, 0xef, 0xfc, 0xff, 0x80,

    /* U+0413 "Г" */
    0xff, 0xff, 0xff, 0xe0, 0xe, 0x0, 0xe0, 0xe,
    0x0, 0xe0, 0xe, 0x0, 0xe0, 0xe, 0x0, 0xe0,
    0xe, 0x0, 0xe0, 0xe, 0x0, 0xe0, 0xe, 0x0,
    0xe0, 0xe, 0x0, 0xe0, 0xe, 0x0, 0xe0, 0x0,

    /* U+0414 "Д" */
    0x1f, 0xfc, 0x3f, 0xf8, 0x70, 0x70, 0xe0, 0xe1,
    0xc1, 0xc3, 0x83, 0x87, 0x7, 0xe, 0xe, 0x1c,
    0x1c, 0x38, 0x38, 0x70, 0x70, 0xe0, 0xe1, 0xc1,
    0xc3, 0x83, 0x87, 0x7, 0xe, 0xe, 0x38, 0x1c,
    0x70, 0x39, 0xe0, 0x77, 0xff, 0xff, 0xff, 0xf8,
    0x0, 0xf0, 0x1, 0xe0, 0x3, 0xc0, 0x6,

    /* U+0415 "Е" */
    0xff, 0xff, 0xff, 0xe0, 0xe, 0x0, 0xe0, 0xe,
    0x0, 0xe0, 0xe, 0x0, 0xe0, 0xf, 0xfe, 0xff,
    0xee, 0x0, 0xe0, 0xe, 0x0, 0xe0, 0xe, 0x0,
    0xe0, 0xe, 0x0, 0xe0, 0xf, 0xff, 0xff, 0xf0,

    /* U+0416 "Ж" */
    0xe1, 0x87, 0x61, 0x86, 0x71, 0x8e, 0x71, 0x8e,
    0x31, 0x8c, 0x39, 0x9c, 0x39, 0x9c, 0x19, 0x98,
    0x1d, 0xb8, 0xf, 0xf8, 0x1f, 0xf8, 0x1d, 0xb8,
    0x19, 0x98, 0x39, 0x9c, 0x39, 0x9c, 0x31, 0x8c,
    0x71, 0x8e, 0x71, 0x8e, 0x61, 0x86, 0xe1, 0x87,
    0xe1, 0x87,

    /* U+0417 "З" */
    0x1f, 0xc1, 0xff, 0x1e, 0x1d, 0xe0, 0x7e, 0x3,
    0xf0, 0x1c, 0x0, 0xe0, 0xe, 0x0, 0xf0, 0x7e,
    0x3, 0xfc, 0x1, 0xe0, 0x7, 0x80, 0x1c, 0x0,
    0xfc, 0x7, 0xe0, 0x3f, 0x3, 0x9c, 0x3c, 0x7f,
    0xc1, 0xf8, 0x0,

    /* U+0418 "И" */
    0xe0, 0xfe, 0xf, 0xe1, 0xfe, 0x1f, 0xe1, 0xfe,
    0x37, 0xe3, 0x7e, 0x37, 0xe3, 0x7e, 0x67, 0xe6,
    0x7e, 0x67, 0xec, 0x7e, 0xc7, 0xec, 0x7e, 0xc7,
    0xf8, 0x7f, 0x87, 0xf8, 0x7f, 0x7, 0xf0, 0x70,

    /* U+0419 "Й" */
    0x60, 0xc7, 0x1c, 0x3f, 0x81, 0xf0, 0x0, 0x0,
    0x0, 0xe0, 0xfe, 0xf, 0xe1, 0xfe, 0x1f, 0xe1,
    0xfe, 0x37, 0xe3, 0x7e, 0x37, 0xe6, 0x7e, 0x67,
    0xe6, 0x7e, 0x47, 0xec, 0x7e, 0xc7, 0xe8, 0x7f,
    0x87, 0xf8, 0x7f, 0x7, 0xf0, 0x7f, 0x7, 0xe0,
    0x70,

    /* U+041A "К" */
    0xe0, 0x3b, 0x80, 0xee, 0x7, 0x38, 0x1c, 0xe0,
    0xe3, 0x83, 0x8e, 0x1c, 0x38, 0x70, 0xe3, 0x83,
    0xfc, 0xf, 0xf8, 0x38, 0xe0, 0xe1, 0x83, 0x87,
    0xe, 0xc, 0x38, 0x38, 0xe0, 0x63, 0x81, 0xce,
    0x3, 0x38, 0xe, 0xe0, 0x38,

    /* U+041B "Л" */
    0x1f, 0xfc, 0x7f, 0xf1, 0xc1, 0xc7, 0x7, 0x1c,
    0x1c, 0x70, 0x71, 0xc1, 0xc7, 0x7, 0x1c, 0x1c,
    0x70, 0x71, 0xc1, 0xc7, 0x7, 0x1c, 0x1c, 0x70,
    0x71, 0xc1, 0xc7, 0x7, 0x1c, 0x1c, 0x70, 0x73,
    0x81, 0xfc, 0x7, 0xe0, 0x1c,

    /* U+041C "М" */
    0xf0, 0x7f, 0x83, 0xf6, 0x1f, 0xf1, 0xbf, 0x8d,
    0xfc, 0x7f, 0xb6, 0xfd, 0xb7, 0xed, 0xbf, 0x39,
    0xf9, 0xcf, 0xce, 0x7e, 0x3, 0xf0, 0x1f, 0x80,
    0xfc, 0x7, 0xe0, 0x3f, 0x1, 0xf8, 0xf, 0xc0,
    0x7e, 0x3, 0x80,

    /* U+041D "Н" */
    0xe0, 0x7e, 0x7, 0xe0, 0x7e, 0x7, 0xe0, 0x7e,
    0x7, 0xe0, 0x7e, 0x7, 0xe0, 0x7f, 0xff, 0xff,
    0xfe, 0x7, 0xe0, 0x7e, 0x7, 0xe0, 0x7e, 0x7,
    0xe0, 0x7e, 0x7, 0xe0, 0x7e, 0x7, 0xe0, 0x70,

    /* U+041E "О" */
    0x1f, 0x83, 0xfc, 0x70, 0xee, 0x7, 0xe0, 0x7e,
    0x7, 0xe0, 0x7e, 0x7, 0xe0, 0x7e, 0x7, 0xe0,
    0x7e, 0x7, 0xe0, 0x7e, 0x7, 0xe0, 0x7e, 0x7,
    0xe0, 0x7e, 0x7, 0x70, 0xe3, 0xfc, 0x1f, 0x80,

    /* U+041F "П" */
    0xff, 0xff, 0xff, 0xe0, 0x7e, 0x7, 0xe0, 0x7e,
    0x7, 0xe0, 0x7e, 0x7, 0xe0, 0x7e, 0x7, 0xe0,
    0x7e, 0x7, 0xe0, 0x7e, 0x7, 0xe0, 0x7e, 0x7,
    0xe0, 0x7e, 0x7, 0xe0, 0x7e, 0x7, 0xe0, 0x70,

    /* U+0420 "Р" */
    0xff, 0x87, 0xff, 0x38, 0x3d, 0xc0, 0xfe, 0x3,
    0xf0, 0x1f, 0x80, 0xfc, 0x7, 0xe0, 0x7f, 0x7,
    0xbf, 0xf9, 0xff, 0x8e, 0x0, 0x70, 0x3, 0x80,
    0x1c, 0x0, 0xe0, 0x7, 0x0, 0x38, 0x1, 0xc0,
    0xe, 0x0, 0x0,

    /* U+0421 "С" */
    0x1f, 0x83, 0xfc, 0x70, 0xee, 0x7, 0xe0, 0x7e,
    0x7, 0xe0, 0xe, 0x0, 0xe0, 0xe, 0x0, 0xe0,
    0xe, 0x0, 0xe0, 0xe, 0x0, 0xe0, 0xe, 0x7,
    0xe0, 0x7e, 0x7, 0x70, 0xe3, 0xfc, 0x1f, 0x80,

    /* U+0422 "Т" */
    0xff, 0xff, 0xff, 0xf0, 0x70, 0x1, 0xc0, 0x7,
    0x0, 0x1c, 0x0, 0x70, 0x1, 0xc0, 0x7, 0x0,
    0x1c, 0x0, 0x70, 0x1, 0xc0, 0x7, 0x0, 0x1c,
    0x0, 0x70, 0x1, 0xc0, 0x7, 0x0, 0x1c, 0x0,
    0x70, 0x1, 0xc0, 0x7, 0x0,

    /* U+0423 "У" */
    0x60, 0x1d, 0xc0, 0x77, 0x1, 0xcc, 0x6, 0x38,
    0x38, 0x60, 0xc1, 0x83, 0x7, 0x1c, 0xc, 0x60,
    0x39, 0x80, 0xee, 0x1, 0xb0, 0x6, 0xc0, 0xf,
    0x0, 0x38, 0x0, 0xe0, 0x3, 0x80, 0xc, 0x0,
    0x70, 0x1, 0xc0, 0x6, 0x0,

    /* U+0424 "Ф" */
    0x7, 0x0, 0xfe, 0xf, 0xf8, 0xee, 0xee, 0x73,
    0xf3, 0x9f, 0x9c, 0xfc, 0xe7, 0xe7, 0x3f, 0x39,
    0xf9, 0xcf, 0xce, 0x7e, 0x73, 0xf3, 0x9f, 0x9c,
    0xfc, 0xe7, 0xe7, 0x3b, 0xbb, 0x8f, 0xf8, 0x3f,
    0x80, 0x70, 0x3, 0x80,

    /* U+0425 "Х" */
    0x70, 0x1c, 0xe0, 0x38, 0xe0, 0xe1, 0xc1, 0x81,
    0xc7, 0x3, 0x8c, 0x3, 0xb8, 0x7, 0x60, 0x7,
    0xc0, 0x7, 0x0, 0xe, 0x0, 0x3e, 0x0, 0x7c,
    0x1, 0xdc, 0x3, 0x38, 0xe, 0x38, 0x18, 0x70,
    0x70, 0x71, 0xc0, 0xe3, 0x80, 0xee, 0x0, 0xc0,

    /* U+0426 "Ц" */
    0xe0, 0xe7, 0x7, 0x38, 0x39, 0xc1, 0xce, 0xe,
    0x70, 0x73, 0x83, 0x9c, 0x1c, 0xe0, 0xe7, 0x7,
    0x38, 0x39, 0xc1, 0xce, 0xe, 0x70, 0x73, 0x83,
    0x9c, 0x1c, 0xe0, 0xe7, 0x7, 0x38, 0x39, 0xff,
    0xff, 0xff, 0x80, 0xc, 0x0, 0x60, 0x3, 0x0,
    0x18,

    /* U+0427 "Ч" */
    0xe0, 0x7e, 0x7, 0xe0, 0x7e, 0x7, 0xe0, 0x7e,
    0x7, 0xe0, 0x7e, 0x7, 0xe0, 0x7f, 0x7, 0x70,
    0x73, 0xff, 0x1f, 0xf0, 0x7, 0x0, 0x70, 0x7,
    0x0, 0x70, 0x7, 0x0, 0x70, 0x7, 0x0, 0x70,

    /* U+0428 "Ш" */
    0xe3, 0x1f, 0x8c, 0x7e, 0x31, 0xf8, 0xc7, 0xe3,
    0x1f, 0x8c, 0x7e, 0x31, 0xf8, 0xc7, 0xe3, 0x1f,
    0x8c, 0x7e, 0x31, 0xf8, 0xc7, 0xe3, 0x1f, 0x8c,
    0x7e, 0x31, 0xf8, 0xc7, 0xe3, 0x1f, 0x8c, 0x7e,
    0x31, 0xff, 0xff, 0xff, 0xfc,

    /* U+0429 "Щ" */
    0xe6, 0x3b, 0x98, 0xee, 0x63, 0xb9, 0x8e, 0xe6,
    0x3b, 0x98, 0xee, 0x63, 0xb9, 0x8e, 0xe6, 0x3b,
    0x98, 0xee, 0x63, 0xb9, 0x8e, 0xe6, 0x3b, 0x98,
    0xee, 0x63, 0xb9, 0x8e, 0xe6, 0x3b, 0x98, 0xee,
    0x63, 0xbf, 0xff, 0xff, 0xfc, 0x0, 0x30, 0x0,
    0xc0, 0x3, 0x0, 0xc,

    /* U+042A "Ъ" */
    0xfe, 0x0, 0xfe, 0x0, 0xe, 0x0, 0xe, 0x0,
    0xe, 0x0, 0xe, 0x0, 0xe, 0x0, 0xe, 0x0,
    0xe, 0x0, 0xf, 0xf8, 0xf, 0xfc, 0xe, 0x1e,
    0xe, 0xf, 0xe, 0x7, 0xe, 0x7, 0xe, 0x7,
    0xe, 0x7, 0xe, 0xf, 0xe, 0x1e, 0xf, 0xfc,
    0xf, 0xf0,

    /* U+042B "Ы" */
    0xe0, 0x3f, 0x1, 0xf8, 0xf, 0xc0, 0x7e, 0x3,
    0xf0, 0x1f, 0x80, 0xfc, 0x7, 0xe0, 0x3f, 0xe1,
    0xff, 0xcf, 0xce, 0x7e, 0x3b, 0xf1, 0xdf, 0x8e,
    0xfc, 0x77, 0xe3, 0xbf, 0x1d, 0xf9, 0xcf, 0xfe,
    0x7f, 0xc3, 0x80,

    /* U+042C "Ь" */
    0xe0, 0x7, 0x0, 0x38, 0x1, 0xc0, 0xe, 0x0,
    0x70, 0x3, 0x80, 0x1c, 0x0, 0xe0, 0x7, 0xfe,
    0x3f, 0xf9, 0xc1, 0xee, 0x7, 0xf0, 0x1f, 0x80,
    0xfc, 0x7, 0xe0, 0x3f, 0x3, 0xf8, 0x3d, 0xff,
    0xcf, 0xfc, 0x0,

    /* U+042D "Э" */
    0x1f, 0x83, 0xfc, 0x70, 0xee, 0x7, 0xe0, 0x7e,
    0x7, 0x0, 0x70, 0x7, 0x0, 0x71, 0xff, 0x1f,
    0xf0, 0x7, 0x0, 0x70, 0x7, 0x0, 0x7e, 0x7,
    0xe0, 0x7f, 0xf, 0x70, 0xe3, 0xfc, 0x1f, 0x80,

    /* U+042E "Ю" */
    0xe1, 0xf3, 0x8f, 0xee, 0x73, 0xb9, 0x87, 0xe6,
    0x1f, 0x98, 0x7e, 0x61, 0xf9, 0x87, 0xe6, 0x1f,
    0xf8, 0x7f, 0xe1, 0xf9, 0x87, 0xe6, 0x1f, 0x98,
    0x7e, 0x61, 0xf9, 0x87, 0xe6, 0x1f, 0x98, 0x7e,
    0x33, 0xb8, 0xfe, 0xe1, 0xf0,

    /* U+042F "Я" */
    0xf, 0xf9, 0xff, 0xde, 0xf, 0xe0, 0x7e, 0x3,
    0xf0, 0x1f, 0x80, 0xfc, 0x7, 0xf0, 0x3b, 0xc1,
    0xcf, 0xfe, 0x1f, 0xf0, 0xe3, 0x8e, 0x1c, 0x70,
    0xe7, 0x7, 0x38, 0x3b, 0xc1, 0xdc, 0xf, 0xe0,
    0x7e, 0x3, 0x80,

    /* U+0430 "а" */
    0xf, 0xc1, 0xff, 0x8e, 0x1c, 0xe0, 0x70, 0x3,
    0x80, 0x1c, 0x0, 0xe3, 0xff, 0x7f, 0xff, 0x81,
    0xf8, 0xf, 0xc0, 0x7e, 0x3, 0xf8, 0x7d, 0xfe,
    0xe3, 0xe7,

    /* U+0431 "б" */
    0xf, 0xe3, 0xfe, 0x78, 0x7, 0x0, 0xf0, 0xe,
    0x0, 0xe0, 0xe, 0x78, 0xef, 0xef, 0xe, 0xe0,
    0x7e, 0x7, 0xe0, 0x7e, 0x7, 0xe0, 0x7e, 0x7,
    0xe0, 0x7e, 0x7, 0x70, 0xe3, 0xfc, 0x1f, 0x80,

    /* U+0432 "в" */
    0xff, 0xcf, 0xfe, 0xe0, 0xfe, 0x7, 0xe0, 0x7e,
    0x7, 0xe0, 0xef, 0xfc, 0xff, 0xee, 0xe, 0xe0,
    0x7e, 0x7, 0xe0, 0x7e, 0xf, 0xff, 0xef, 0xfc,

    /* U+0433 "г" */
    0xff, 0xff, 0xff, 0x80, 0x70, 0xe, 0x1, 0xc0,
    0x38, 0x7, 0x0, 0xe0, 0x1c, 0x3, 0x80, 0x70,
    0xe, 0x1, 0xc0, 0x38, 0x7, 0x0,

    /* U+0434 "д" */
    0x1f, 0xf8, 0x3f, 0xf0, 0x70, 0xe0, 0xe1, 0xc1,
    0xc3, 0x83, 0x87, 0x7, 0xe, 0xe, 0x1c, 0x1c,
    0x38, 0x38, 0x70, 0x70, 0xe0, 0xe1, 0xc3, 0x83,
    0x87, 0x7, 0x3f, 0xff, 0xff, 0xff, 0xc0, 0x7,
    0x80, 0xf, 0x0, 0x1e, 0x0, 0x30,

    /* U+0435 "е" */
    0x1f, 0x83, 0xfc, 0x70, 0xef, 0xf, 0xe0, 0x7e,
    0x7, 0xe0, 0x7f, 0xff, 0xff, 0xfe, 0x0, 0xe0,
    0xe, 0x0, 0xe0, 0x77, 0xe, 0x3f, 0xe1, 0xf8,

    /* U+0436 "ж" */
    0x61, 0x86, 0x61, 0x86, 0x71, 0x8e, 0x31, 0x8c,
    0x39, 0x9c, 0x19, 0x98, 0x19, 0x98, 0x1f, 0xf8,
    0x1f, 0xf8, 0x19, 0x98, 0x39, 0x9c, 0x31, 0x9c,
    0x31, 0x8c, 0x71, 0x8e, 0x61, 0x86, 0xe1, 0x87,

    /* U+0437 "з" */
    0x1f, 0xc1, 0xff, 0x9c, 0x1f, 0xc0, 0x70, 0x3,
    0x80, 0x1c, 0x1, 0xc1, 0xfc, 0xf, 0xf0, 0x3,
    0xc0, 0xe, 0x0, 0x7e, 0x3, 0xb8, 0x3d, 0xff,
    0xc3, 0xf8,

    /* U+0438 "и" */
    0xe0, 0xfe, 0xf, 0xe1, 0xfe, 0x1f, 0xe3, 0x7e,
    0x37, 0xe3, 0x7e, 0x67, 0xe6, 0x7e, 0xc7, 0xec,
    0x7e, 0xc7, 0xf8, 0x7f, 0x87, 0xf0, 0x7f, 0x7,

    /* U+0439 "й" */
    0x60, 0xc6, 0xc, 0x71, 0xc3, 0xf8, 0x1f, 0x0,
    0x0, 0x0, 0xe, 0xf, 0xe1, 0xfe, 0x1f, 0xe1,
    0xfe, 0x37, 0xe3, 0x7e, 0x67, 0xe6, 0x7e, 0x47,
    0xec, 0x7e, 0xc7, 0xf8, 0x7f, 0x87, 0xf0, 0x7f,
    0x7, 0xe0, 0x70,

    /* U+043A "к" */
    0xe0, 0x3f, 0x3, 0xb8, 0x39, 0xc1, 0xce, 0x1c,
    0x70, 0xc3, 0x8e, 0x1f, 0xe0, 0xff, 0x7, 0x1c,
    0x38, 0x71, 0xc3, 0x8e, 0xe, 0x70, 0x33, 0x81,
    0xdc, 0x7,

    /* U+043B "л" */
    0x1f, 0xfc, 0x7f, 0xf1, 0xc1, 0xc7, 0x7, 0x1c,
    0x1c, 0x70, 0x71, 0xc1, 0xc7, 0x7, 0x1c, 0x1c,
    0x70, 0x71, 0xc1, 0xc7, 0x7, 0x1c, 0x1c, 0xe0,
    0x7f, 0x81, 0xf8, 0x7,

    /* U+043C "м" */
    0xf0, 0x7f, 0x83, 0xfe, 0x3f, 0xf1, 0xfe, 0x8b,
    0xf6, 0x5f, 0xb6, 0xfd, 0xb7, 0xe5, 0x3f, 0x39,
    0xf9, 0xcf, 0xc0, 0x7e, 0x3, 0xf0, 0x1f, 0x80,
    0xfc, 0x7,

    /* U+043D "н" */
    0xe0, 0x7e, 0x7, 0xe0, 0x7e, 0x7, 0xe0, 0x7e,
    0x7, 0xe0, 0x7f, 0xff, 0xff, 0xfe, 0x7, 0xe0,
    0x7e, 0x7, 0xe0, 0x7e, 0x7, 0xe0, 0x7e, 0x7,

    /* U+043E "о" */
    0x1f, 0x83, 0xfc, 0x70, 0xee, 0x7, 0xe0, 0x7e,
    0x7, 0xe0, 0x7e, 0x7, 0xe0, 0x7e, 0x7, 0xe0,
    0x7e, 0x7, 0xe0, 0x77, 0xe, 0x3f, 0xc1, 0xf8,

    /* U+043F "п" */
    0xff, 0xff, 0xff, 0xe0, 0x7e, 0x7, 0xe0, 0x7e,
    0x7, 0xe0, 0x7e, 0x7, 0xe0, 0x7e, 0x7, 0xe0,
    0x7e, 0x7, 0xe0, 0x7e, 0x7, 0xe0, 0x7e, 0x7,

    /* U+0440 "р" */
    0xe7, 0x8e, 0xfe, 0xf0, 0xef, 0x7, 0xe0, 0x7e,
    0x7, 0xe0, 0x7e, 0x7, 0xe0, 0x7e, 0x7, 0xe0,
    0x7e, 0x7, 0xf0, 0xff, 0xe, 0xef, 0xee, 0x78,
    0xe0, 0xe, 0x0, 0xe0, 0xe, 0x0, 0xe0, 0x0,

    /* U+0441 "с" */
    0x1f, 0x83, 0xfc, 0x70, 0xef, 0x7, 0xe0, 0x7e,
    0x0, 0xe0, 0xe, 0x0, 0xe0, 0xe, 0x0, 0xe0,
    0xe, 0x7, 0xe0, 0x77, 0xe, 0x3f, 0xc1, 0xf8,

    /* U+0442 "т" */
    0xff, 0xff, 0xff, 0xf0, 0x70, 0x1, 0xc0, 0x7,
    0x0, 0x1c, 0x0, 0x70, 0x1, 0xc0, 0x7, 0x0,
    0x1c, 0x0, 0x70, 0x1, 0xc0, 0x7, 0x0, 0x1c,
    0x0, 0x70, 0x1, 0xc0,

    /* U+0443 "у" */
    0xe0, 0x3f, 0x1, 0xd8, 0xc, 0xe0, 0xe7, 0x7,
    0x18, 0x30, 0xe3, 0x87, 0x1c, 0x18, 0xc0, 0xee,
    0x3, 0x60, 0x1b, 0x0, 0xf8, 0x3, 0x80, 0x1c,
    0x0, 0xe0, 0x6, 0x0, 0x70, 0x3, 0x80, 0x18,
    0x1, 0xc0, 0x0,

    /* U+0444 "ф" */
    0x3, 0x0, 0x6, 0x0, 0xc, 0x0, 0x18, 0x0,
    0x30, 0x3, 0xfc, 0xf, 0xfe, 0x39, 0x9e, 0xe3,
    0x1f, 0xc6, 0x1f, 0x8c, 0x3f, 0x18, 0x7e, 0x30,
    0xfc, 0x61, 0xf8, 0xc3, 0xf1, 0x87, 0xe3, 0xf,
    0xe6, 0x3d, 0xcc, 0xf1, 0xff, 0xc1, 0xfe, 0x0,
    0x60, 0x0, 0xc0, 0x1, 0x80, 0x3, 0x0, 0x6,
    0x0,

    /* U+0445 "х" */
    0x70, 0x1c, 0xe0, 0xe3, 0x83, 0x7, 0x1c, 0xc,
    0xe0, 0x3b, 0x0, 0x7c, 0x0, 0xe0, 0x7, 0x80,
    0x1f, 0x0, 0xee, 0x7, 0x18, 0x1c, 0x70, 0xe0,
    0xe7, 0x3, 0x9c, 0x7,

    /* U+0446 "ц" */
    0xe0, 0xe7, 0x7, 0x38, 0x39, 0xc1, 0xce, 0xe,
    0x70, 0x73, 0x83, 0x9c, 0x1c, 0xe0, 0xe7, 0x7,
    0x38, 0x39, 0xc1, 0xce, 0xe, 0x70, 0x73, 0xff,
    0xff, 0xff, 0x0, 0x18, 0x0, 0xc0, 0x6, 0x0,
    0x30,

    /* U+0447 "ч" */
    0xe0, 0x7e, 0x7, 0xe0, 0x7e, 0x7, 0xe0, 0x7e,
    0x7, 0xe0, 0x77, 0x7, 0x7f, 0xf1, 0xff, 0x0,
    0x70, 0x7, 0x0, 0x70, 0x7, 0x0, 0x70, 0x7,

    /* U+0448 "ш" */
    0xe3, 0x1f, 0x8c, 0x7e, 0x31, 0xf8, 0xc7, 0xe3,
    0x1f, 0x8c, 0x7e, 0x31, 0xf8, 0xc7, 0xe3, 0x1f,
    0x8c, 0x7e, 0x31, 0xf8, 0xc7, 0xe3, 0x1f, 0x8c,
    0x7f, 0xff, 0xff, 0xff,

    /* U+0449 "щ" */
    0xe6, 0x3b, 0x98, 0xee, 0x63, 0xb9, 0x8e, 0xe6,
    0x3b, 0x98, 0xee, 0x63, 0xb9, 0x8e, 0xe6, 0x3b,
    0x98, 0xee, 0x63, 0xb9, 0x8e, 0xe6, 0x3b, 0x98,
    0xef, 0xff, 0xff, 0xff, 0x0, 0xc, 0x0, 0x30,
    0x0, 0xc0, 0x3,

    /* U+044A "ъ" */
    0xfe, 0x0, 0xfe, 0x0, 0xe, 0x0, 0xe, 0x0,
    0xe, 0x0, 0xe, 0x0, 0xf, 0xf8, 0xf, 0xfe,
    0xe, 0xe, 0xe, 0x7, 0xe, 0x7, 0xe, 0x7,
    0xe, 0x7, 0xe, 0xe, 0xf, 0xfe, 0xf, 0xf8,

    /* U+044B "ы" */
    0xe0, 0x3f, 0x1, 0xf8, 0xf, 0xc0, 0x7e, 0x3,
    0xf0, 0x1f, 0xf0, 0xff, 0xe7, 0xe3, 0x3f, 0xd,
    0xf8, 0x6f, 0xc3, 0x7e, 0x1b, 0xf1, 0x9f, 0xfc,
    0xff, 0x87,

    /* U+044C "ь" */
    0xe0, 0x7, 0x0, 0x38, 0x1, 0xc0, 0xe, 0x0,
    0x70, 0x3, 0xff, 0x1f, 0xfe, 0xe0, 0x77, 0x1,
    0xf8, 0xf, 0xc0, 0x7e, 0x3, 0xf0, 0x3b, 0xff,
    0xdf, 0xf8,

    /* U+044D "э" */
    0x1f, 0x83, 0xfc, 0x70, 0xee, 0xf, 0xe0, 0x70,
    0x7, 0x0, 0x70, 0xff, 0xf, 0xf0, 0x7, 0x0,
    0x7e, 0x7, 0xe0, 0xf7, 0xe, 0x3f, 0xc1, 0xf8,

    /* U+044E "ю" */
    0xe1, 0xf3, 0x8f, 0xee, 0x73, 0xf9, 0x87, 0xe6,
    0x1f, 0x98, 0x7e, 0x61, 0xff, 0x87, 0xfe, 0x1f,
    0x98, 0x7e, 0x61, 0xf9, 0x87, 0xe6, 0x1f, 0x9c,
    0xfe, 0x3f, 0xb8, 0x7c,

    /* U+044F "я" */
    0x1f, 0xf7, 0xff, 0x70, 0x7e, 0x7, 0xe0, 0x7e,
    0x7, 0xe0, 0x77, 0x7, 0x7f, 0xf1, 0xff, 0x1c,
    0x71, 0x87, 0x38, 0x77, 0x7, 0x70, 0x7e, 0x7,

    /* U+0451 "ё" */
    0x70, 0xe7, 0xe, 0x70, 0xe0, 0x0, 0x0, 0x0,
    0x0, 0x1f, 0x83, 0xfc, 0x70, 0xef, 0xf, 0xe0,
    0x7e, 0x7, 0xe0, 0x7f, 0xff, 0xff, 0xfe, 0x0,
    0xe0, 0xe, 0x0, 0xe0, 0x77, 0xe, 0x3f, 0xe1,
    0xf8,

    /* U+2014 "—" */
    0xff, 0xff, 0xff, 0xff, 0xc0,

    /* U+2026 "…" */
    0xe7, 0x3f, 0x39, 0xf9, 0xcf, 0xce, 0x7e, 0x73,
    0x80,

    /* U+2116 "№" */
    0xe1, 0x9e, 0xe1, 0xb3, 0xe1, 0xb3, 0xf1, 0xb3,
    0xf1, 0xb3, 0xd1, 0xb3, 0xd1, 0xb3, 0xd9, 0xb3,
    0xd9, 0xb3, 0xc9, 0xb3, 0xcd, 0xbf, 0xcd, 0x8c,
    0xcd, 0x80, 0xc5, 0x80, 0xc7, 0x80, 0xc7, 0x80,
    0xc7, 0x80, 0xc3, 0x80, 0xc3, 0x80, 0xc3, 0x80,

    /* U+2500 "─" */
    0xff, 0xff, 0xff, 0xff, 0xff, 0xff, 0xfc,

    /* U+2501 "━" */
    0xff, 0xff, 0xff, 0xff, 0xff, 0xff, 0xff, 0xff,
    0xff, 0xff, 0xff, 0xc0,

    /* U+2502 "│" */
    0xff, 0xff, 0xff, 0xff, 0xff, 0xff, 0xff, 0xff,
    0xff, 0xff, 0xff, 0xff, 0xff, 0xfe,

    /* U+2503 "┃" */
    0xff, 0xff, 0xff, 0xff, 0xff, 0xff, 0xff, 0xff,
    0xff, 0xff, 0xff, 0xff, 0xff, 0xff, 0xff, 0xff,
    0xff, 0xff, 0xff, 0xff, 0xff, 0xff, 0xff, 0xff,
    0xff, 0xff, 0xff, 0xfc,

    /* U+2504 "┄" */
    0xf3, 0xcf, 0xf3, 0xcf, 0xf3, 0xcf,

    /* U+2505 "┅" */
    0xf3, 0xcf, 0xf3, 0xcf, 0xf3, 0xcf, 0xf3, 0xcf,
    0xf3, 0xcf,

    /* U+2506 "┆" */
    0xff, 0xff, 0xff, 0xe0, 0x7f, 0xff, 0xff, 0xf0,
    0x7, 0xff, 0xff, 0xff,

    /* U+2507 "┇" */
    0xff, 0xff, 0xff, 0xff, 0xff, 0xff, 0xfc, 0x0,
    0x3f, 0xff, 0xff, 0xff, 0xff, 0xff, 0xff, 0xfc,
    0x0, 0x3f, 0xff, 0xff, 0xff, 0xff, 0xff, 0xff,

    /* U+2508 "┈" */
    0xee, 0xe7, 0xee, 0xe7, 0xee, 0xe7,

    /* U+2509 "┉" */
    0xee, 0xe7, 0xee, 0xe7, 0xee, 0xe7, 0xee, 0xe7,
    0xee, 0xe7,

    /* U+250A "┊" */
    0xff, 0xff, 0xc0, 0xff, 0xff, 0xc0, 0x1f, 0xff,
    0xf8, 0x1f, 0xff, 0xf8,

    /* U+250B "┋" */
    0xff, 0xff, 0xff, 0xff, 0xf0, 0x0, 0xff, 0xff,
    0xff, 0xff, 0xf0, 0x0, 0x3, 0xff, 0xff, 0xff,
    0xff, 0xc0, 0x3, 0xff, 0xff, 0xff, 0xff, 0xc0,

    /* U+250C "┌" */
    0xff, 0xff, 0xff, 0xff, 0xf0, 0xe, 0x1, 0xc0,
    0x38, 0x7, 0x0, 0xe0, 0x1c, 0x3, 0x80, 0x70,
    0xe, 0x1, 0xc0, 0x38, 0x7, 0x0, 0xe0, 0x1c,
    0x3, 0x80, 0x70, 0x0,

    /* U+250D "┍" */
    0xff, 0xff, 0xff, 0xff, 0xff, 0xff, 0xff, 0xc0,
    0x38, 0x7, 0x0, 0xe0, 0x1c, 0x3, 0x80, 0x70,
    0xe, 0x1, 0xc0, 0x38, 0x7, 0x0, 0xe0, 0x1c,
    0x3, 0x80, 0x70, 0xe, 0x0,

    /* U+250E "┎" */
    0xff, 0xff, 0xff, 0xff, 0xff, 0xc0, 0xfc, 0xf,
    0xc0, 0xfc, 0xf, 0xc0, 0xfc, 0xf, 0xc0, 0xfc,
    0xf, 0xc0, 0xfc, 0xf, 0xc0, 0xfc, 0xf, 0xc0,
    0xfc, 0xf, 0xc0, 0xfc, 0xf, 0xc0,

    /* U+250F "┏" */
    0xff, 0xff, 0xff, 0xff, 0xff, 0xff, 0xff, 0xff,
    0xc0, 0xfc, 0xf, 0xc0, 0xfc, 0xf, 0xc0, 0xfc,
    0xf, 0xc0, 0xfc, 0xf, 0xc0, 0xfc, 0xf, 0xc0,
    0xfc, 0xf, 0xc0, 0xfc, 0xf, 0xc0, 0xfc, 0x0,

    /* U+2510 "┐" */
    0xff, 0xff, 0xff, 0xff, 0x80, 0x70, 0xe, 0x1,
    0xc0, 0x38, 0x7, 0x0, 0xe0, 0x1c, 0x3, 0x80,
    0x70, 0xe, 0x1, 0xc0, 0x38, 0x7, 0x0, 0xe0,
    0x1c, 0x3, 0x80, 0x70,

    /* U+2511 "┑" */
    0xff, 0xff, 0xff, 0xff, 0xff, 0xff, 0xfe, 0x1,
    0xc0, 0x38, 0x7, 0x0, 0xe0, 0x1c, 0x3, 0x80,
    0x70, 0xe, 0x1, 0xc0, 0x38, 0x7, 0x0, 0xe0,
    0x1c, 0x3, 0x80, 0x70, 0xe,

    /* U+2512 "┒" */
    0xff, 0xff, 0xff, 0xff, 0xf0, 0x3f, 0x3, 0xf0,
    0x3f, 0x3, 0xf0, 0x3f, 0x3, 0xf0, 0x3f, 0x3,
    0xf0, 0x3f, 0x3, 0xf0, 0x3f, 0x3, 0xf0, 0x3f,
    0x3, 0xf0, 0x3f, 0x3, 0xf0, 0x3f,

    /* U+2513 "┓" */
    0xff, 0xff, 0xff, 0xff, 0xff, 0xff, 0xff, 0xf0,
    0x3f, 0x3, 0xf0, 0x3f, 0x3, 0xf0, 0x3f, 0x3,
    0xf0, 0x3f, 0x3, 0xf0, 0x3f, 0x3, 0xf0, 0x3f,
    0x3, 0xf0, 0x3f, 0x3, 0xf0, 0x3f, 0x3, 0xf0,

    /* U+2514 "└" */
    0xe0, 0x1c, 0x3, 0x80, 0x70, 0xe, 0x1, 0xc0,
    0x38, 0x7, 0x0, 0xe0, 0x1c, 0x3, 0x80, 0x70,
    0xe, 0x1, 0xc0, 0x38, 0x7, 0x0, 0xe0, 0x1f,
    0xff, 0xff, 0xff, 0xf0,

    /* U+2515 "┕" */
    0xe0, 0x1c, 0x3, 0x80, 0x70, 0xe, 0x1, 0xc0,
    0x38, 0x7, 0x0, 0xe0, 0x1c, 0x3, 0x80, 0x70,
    0xe, 0x1, 0xc0, 0x38, 0x7, 0xff, 0xff, 0xff,
    0xff, 0xff, 0xff, 0xf0,

    /* U+2516 "┖" */
    0xfc, 0xf, 0xc0, 0xfc, 0xf, 0xc0, 0xfc, 0xf,
    0xc0, 0xfc, 0xf, 0xc0, 0xfc, 0xf, 0xc0, 0xfc,
    0xf, 0xc0, 0xfc, 0xf, 0xc0, 0xfc, 0xf, 0xc0,
    0xfc, 0xf, 0xff, 0xff, 0xff, 0xff,

    /* U+2517 "┗" */
    0xfc, 0xf, 0xc0, 0xfc, 0xf, 0xc0, 0xfc, 0xf,
    0xc0, 0xfc, 0xf, 0xc0, 0xfc, 0xf, 0xc0, 0xfc,
    0xf, 0xc0, 0xfc, 0xf, 0xc0, 0xfc, 0xf, 0xff,
    0xff, 0xff, 0xff, 0xff, 0xff, 0xff,

    /* U+2518 "┘" */
    0x0, 0xe0, 0x1c, 0x3, 0x80, 0x70, 0xe, 0x1,
    0xc0, 0x38, 0x7, 0x0, 0xe0, 0x1c, 0x3, 0x80,
    0x70, 0xe, 0x1, 0xc0, 0x38, 0x7, 0x0, 0xff,
    0xff, 0xff, 0xff, 0xf0,

    /* U+2519 "┙" */
    0x0, 0xe0, 0x1c, 0x3, 0x80, 0x70, 0xe, 0x1,
    0xc0, 0x38, 0x7, 0x0, 0xe0, 0x1c, 0x3, 0x80,
    0x70, 0xe, 0x1, 0xc0, 0x3f, 0xff, 0xff, 0xff,
    0xff, 0xff, 0xff, 0xf0,

    /* U+251A "┚" */
    0x3, 0xf0, 0x3f, 0x3, 0xf0, 0x3f, 0x3, 0xf0,
    0x3f, 0x3, 0xf0, 0x3f, 0x3, 0xf0, 0x3f, 0x3,
    0xf0, 0x3f, 0x3, 0xf0, 0x3f, 0x3, 0xf0, 0x3f,
    0x3, 0xff, 0xff, 0xff, 0xff, 0xff,

    /* U+251B "┛" */
    0x3, 0xf0, 0x3f, 0x3, 0xf0, 0x3f, 0x3, 0xf0,
    0x3f, 0x3, 0xf0, 0x3f, 0x3, 0xf0, 0x3f, 0x3,
    0xf0, 0x3f, 0x3, 0xf0, 0x3f, 0x3, 0xff, 0xff,
    0xff, 0xff, 0xff, 0xff, 0xff, 0xff,

    /* U+251C "├" */
    0xe0, 0x1c, 0x3, 0x80, 0x70, 0xe, 0x1, 0xc0,
    0x38, 0x7, 0x0, 0xe0, 0x1c, 0x3, 0x80, 0x70,
    0xe, 0x1, 0xc0, 0x38, 0x7, 0x0, 0xe0, 0x1f,
    0xff, 0xff, 0xff, 0xfe, 0x1, 0xc0, 0x38, 0x7,
    0x0, 0xe0, 0x1c, 0x3, 0x80, 0x70, 0xe, 0x1,
    0xc0, 0x38, 0x7, 0x0, 0xe0, 0x1c, 0x3, 0x80,
    0x70, 0xe, 0x0,

    /* U+251D "┝" */
    0xe0, 0x1c, 0x3, 0x80, 0x70, 0xe, 0x1, 0xc0,
    0x38, 0x7, 0x0, 0xe0, 0x1c, 0x3, 0x80, 0x70,
    0xe, 0x1, 0xc0, 0x38, 0x7, 0xff, 0xff, 0xff,
    0xff, 0xff, 0xff, 0xff, 0xff, 0xc0, 0x38, 0x7,
    0x0, 0xe0, 0x1c, 0x3, 0x80, 0x70, 0xe, 0x1,
    0xc0, 0x38, 0x7, 0x0, 0xe0, 0x1c, 0x3, 0x80,
    0x70, 0xe, 0x0,

    /* U+251E "┞" */
    0xfc, 0xf, 0xc0, 0xfc, 0xf, 0xc0, 0xfc, 0xf,
    0xc0, 0xfc, 0xf, 0xc0, 0xfc, 0xf, 0xc0, 0xfc,
    0xf, 0xc0, 0xfc, 0xf, 0xc0, 0xfc, 0xf, 0xc0,
    0xff, 0xff, 0xff, 0xff, 0xf7, 0x80, 0x78, 0x7,
    0x80, 0x78, 0x7, 0x80, 0x78, 0x7, 0x80, 0x78,
    0x7, 0x80, 0x78, 0x7, 0x80, 0x78, 0x7, 0x80,
    0x78, 0x7, 0x80, 0x78, 0x7, 0x80,

    /* U+251F "┟" */
    0x78, 0x7, 0x80, 0x78, 0x7, 0x80, 0x78, 0x7,
    0x80, 0x78, 0x7, 0x80, 0x78, 0x7, 0x80, 0x78,
    0x7, 0x80, 0x78, 0x7, 0x80, 0x78, 0x7, 0x80,
    0x78, 0xf, 0xff, 0xff, 0xff, 0xff, 0xfc, 0xf,
    0xc0, 0xfc, 0xf, 0xc0, 0xfc, 0xf, 0xc0, 0xfc,
    0xf, 0xc0, 0xfc, 0xf, 0xc0, 0xfc, 0xf, 0xc0,
    0xfc, 0xf, 0xc0, 0xfc, 0xf, 0xc0, 0xfc, 0x0,

    /* U+2520 "┠" */
    0xfc, 0xf, 0xc0, 0xfc, 0xf, 0xc0, 0xfc, 0xf,
    0xc0, 0xfc, 0xf, 0xc0, 0xfc, 0xf, 0xc0, 0xfc,
    0xf, 0xc0, 0xfc, 0xf, 0xc0, 0xfc, 0xf, 0xc0,
    0xfc, 0xf, 0xff, 0xff, 0xff, 0xff, 0xfc, 0xf,
    0xc0, 0xfc, 0xf, 0xc0, 0xfc, 0xf, 0xc0, 0xfc,
    0xf, 0xc0, 0xfc, 0xf, 0xc0, 0xfc, 0xf, 0xc0,
    0xfc, 0xf, 0xc0, 0xfc, 0xf, 0xc0, 0xfc, 0x0,

    /* U+2521 "┡" */
    0xfc, 0xf, 0xc0, 0xfc, 0xf, 0xc0, 0xfc, 0xf,
    0xc0, 0xfc, 0xf, 0xc0, 0xfc, 0xf, 0xc0, 0xfc,
    0xf, 0xc0, 0xfc, 0xf, 0xc0, 0xfc, 0xf, 0xff,
    0xff, 0xff, 0xff, 0xff, 0xff, 0xff, 0xff, 0xf7,
    0x80, 0x78, 0x7, 0x80, 0x78, 0x7, 0x80, 0x78,
    0x7, 0x80, 0x78, 0x7, 0x80, 0x78, 0x7, 0x80,
    0x78, 0x7, 0x80, 0x78, 0x7, 0x80, 0x78, 0x0,

    /* U+2522 "┢" */
    0x78, 0x7, 0x80, 0x78, 0x7, 0x80, 0x78, 0x7,
    0x80, 0x78, 0x7, 0x80, 0x78, 0x7, 0x80, 0x78,
    0x7, 0x80, 0x78, 0x7, 0x80, 0x78, 0xf, 0xff,
    0xff, 0xff, 0xff, 0xff, 0xff, 0xff, 0xfc, 0xf,
    0xc0, 0xfc, 0xf, 0xc0, 0xfc, 0xf, 0xc0, 0xfc,
    0xf, 0xc0, 0xfc, 0xf, 0xc0, 0xfc, 0xf, 0xc0,
    0xfc, 0xf, 0xc0, 0xfc, 0xf, 0xc0,

    /* U+2523 "┣" */
    0xfc, 0xf, 0xc0, 0xfc, 0xf, 0xc0, 0xfc, 0xf,
    0xc0, 0xfc, 0xf, 0xc0, 0xfc, 0xf, 0xc0, 0xfc,
    0xf, 0xc0, 0xfc, 0xf, 0xc0, 0xfc, 0xf, 0xff,
    0xff, 0xff, 0xff, 0xff, 0xff, 0xff, 0xff, 0xff,
    0xc0, 0xfc, 0xf, 0xc0, 0xfc, 0xf, 0xc0, 0xfc,
    0xf, 0xc0, 0xfc, 0xf, 0xc0, 0xfc, 0xf, 0xc0,
    0xfc, 0xf, 0xc0, 0xfc, 0xf, 0xc0, 0xfc, 0x0,

    /* U+2524 "┤" */
    0x0, 0xe0, 0x1c, 0x3, 0x80, 0x70, 0xe, 0x1,
    0xc0, 0x38, 0x7, 0x0, 0xe0, 0x1c, 0x3, 0x80,
    0x70, 0xe, 0x1, 0xc0, 0x38, 0x7, 0x0, 0xff,
    0xff, 0xff, 0xff, 0xf0, 0xe, 0x1, 0xc0, 0x38,
    0x7, 0x0, 0xe0, 0x1c, 0x3, 0x80, 0x70, 0xe,
    0x1, 0xc0, 0x38, 0x7, 0x0, 0xe0, 0x1c, 0x3,
    0x80, 0x70, 0xe,

    /* U+2525 "┥" */
    0x0, 0xe0, 0x1c, 0x3, 0x80, 0x70, 0xe, 0x1,
    0xc0, 0x38, 0x7, 0x0, 0xe0, 0x1c, 0x3, 0x80,
    0x70, 0xe, 0x1, 0xc0, 0x3f, 0xff, 0xff, 0xff,
    0xff, 0xff, 0xff, 0xff, 0xfe, 0x1, 0xc0, 0x38,
    0x7, 0x0, 0xe0, 0x1c, 0x3, 0x80, 0x70, 0xe,
    0x1, 0xc0, 0x38, 0x7, 0x0, 0xe0, 0x1c, 0x3,
    0x80, 0x70, 0xe,

    /* U+2526 "┦" */
    0x3, 0xf0, 0x3f, 0x3, 0xf0, 0x3f, 0x3, 0xf0,
    0x3f, 0x3, 0xf0, 0x3f, 0x3, 0xf0, 0x3f, 0x3,
    0xf0, 0x3f, 0x3, 0xf0, 0x3f, 0x3, 0xf0, 0x3f,
    0x3, 0xff, 0xff, 0xff, 0xff, 0xff, 0x1, 0xe0,
    0x1e, 0x1, 0xe0, 0x1e, 0x1, 0xe0, 0x1e, 0x1,
    0xe0, 0x1e, 0x1, 0xe0, 0x1e, 0x1, 0xe0, 0x1e,
    0x1, 0xe0, 0x1e, 0x1, 0xe0, 0x1e, 0x1, 0xe0,

    /* U+2527 "┧" */
    0x1, 0xe0, 0x1e, 0x1, 0xe0, 0x1e, 0x1, 0xe0,
    0x1e, 0x1, 0xe0, 0x1e, 0x1, 0xe0, 0x1e, 0x1,
    0xe0, 0x1e, 0x1, 0xe0, 0x1e, 0x1, 0xe0, 0x1e,
    0x1, 0xef, 0xff, 0xff, 0xff, 0xff, 0x3, 0xf0,
    0x3f, 0x3, 0xf0, 0x3f, 0x3, 0xf0, 0x3f, 0x3,
    0xf0, 0x3f, 0x3, 0xf0, 0x3f, 0x3, 0xf0, 0x3f,
    0x3, 0xf0, 0x3f, 0x3, 0xf0, 0x3f, 0x3, 0xf0,

    /* U+2528 "┨" */
    0x3, 0xf0, 0x3f, 0x3, 0xf0, 0x3f, 0x3, 0xf0,
    0x3f, 0x3, 0xf0, 0x3f, 0x3, 0xf0, 0x3f, 0x3,
    0xf0, 0x3f, 0x3, 0xf0, 0x3f, 0x3, 0xf0, 0x3f,
    0x3, 0xff, 0xff, 0xff, 0xff, 0xff, 0x3, 0xf0,
    0x3f, 0x3, 0xf0, 0x3f, 0x3, 0xf0, 0x3f, 0x3,
    0xf0, 0x3f, 0x3, 0xf0, 0x3f, 0x3, 0xf0, 0x3f,
    0x3, 0xf0, 0x3f, 0x3, 0xf0, 0x3f, 0x3, 0xf0,

    /* U+2529 "┩" */
    0x3, 0xf0, 0x3f, 0x3, 0xf0, 0x3f, 0x3, 0xf0,
    0x3f, 0x3, 0xf0, 0x3f, 0x3, 0xf0, 0x3f, 0x3,
    0xf0, 0x3f, 0x3, 0xf0, 0x3f, 0x3, 0xff, 0xff,
    0xff, 0xff, 0xff, 0xff, 0xff, 0xff, 0x1, 0xe0,
    0x1e, 0x1, 0xe0, 0x1e, 0x1, 0xe0, 0x1e, 0x1,
    0xe0, 0x1e, 0x1, 0xe0, 0x1e, 0x1, 0xe0, 0x1e,
    0x1, 0xe0, 0x1e, 0x1, 0xe0, 0x1e,

    /* U+252A "┪" */
    0x1, 0xe0, 0x1e, 0x1, 0xe0, 0x1e, 0x1, 0xe0,
    0x1e, 0x1, 0xe0, 0x1e, 0x1, 0xe0, 0x1e, 0x1,
    0xe0, 0x1e, 0x1, 0xe0, 0x1e, 0x1, 0xef, 0xff,
    0xff, 0xff, 0xff, 0xff, 0xff, 0xff, 0x3, 0xf0,
    0x3f, 0x3, 0xf0, 0x3f, 0x3, 0xf0, 0x3f, 0x3,
    0xf0, 0x3f, 0x3, 0xf0, 0x3f, 0x3, 0xf0, 0x3f,
    0x3, 0xf0, 0x3f, 0x3, 0xf0, 0x3f,

    /* U+252B "┫" */
    0x3, 0xf0, 0x3f, 0x3, 0xf0, 0x3f, 0x3, 0xf0,
    0x3f, 0x3, 0xf0, 0x3f, 0x3, 0xf0, 0x3f, 0x3,
    0xf0, 0x3f, 0x3, 0xf0, 0x3f, 0x3, 0xff, 0xff,
    0xff, 0xff, 0xff, 0xff, 0xff, 0xff, 0xff, 0xf0,
    0x3f, 0x3, 0xf0, 0x3f, 0x3, 0xf0, 0x3f, 0x3,
    0xf0, 0x3f, 0x3, 0xf0, 0x3f, 0x3, 0xf0, 0x3f,
    0x3, 0xf0, 0x3f, 0x3, 0xf0, 0x3f, 0x3, 0xf0,

    /* U+252C "┬" */
    0xff, 0xff, 0xff, 0xff, 0xff, 0xff, 0xfc, 0x3,
    0x0, 0x0, 0xc0, 0x0, 0x30, 0x0, 0xc, 0x0,
    0x3, 0x0, 0x0, 0xc0, 0x0, 0x30, 0x0, 0xc,
    0x0, 0x3, 0x0, 0x0, 0xc0, 0x0, 0x30, 0x0,
    0xc, 0x0, 0x3, 0x0, 0x0, 0xc0, 0x0, 0x30,
    0x0, 0xc, 0x0, 0x3, 0x0,

    /* U+252D "┭" */
    0xff, 0xe0, 0x1f, 0xff, 0xff, 0xff, 0xff, 0xff,
    0xff, 0xff, 0xfe, 0x0, 0x1, 0xc0, 0x0, 0x38,
    0x0, 0x7, 0x0, 0x0, 0xe0, 0x0, 0x1c, 0x0,
    0x3, 0x80, 0x0, 0x70, 0x0, 0xe, 0x0, 0x1,
    0xc0, 0x0, 0x38, 0x0, 0x7, 0x0, 0x0, 0xe0,
    0x0, 0x1c, 0x0, 0x3, 0x80, 0x0, 0x70, 0x0,
    0xe, 0x0,

    /* U+252E "┮" */
    0x0, 0xff, 0xff, 0xff, 0xff, 0xff, 0xff, 0xff,
    0xff, 0xf0, 0xf, 0xfe, 0x1, 0xc0, 0x0, 0x38,
    0x0, 0x7, 0x0, 0x0, 0xe0, 0x0, 0x1c, 0x0,
    0x3, 0x80, 0x0, 0x70, 0x0, 0xe, 0x0, 0x1,
    0xc0, 0x0, 0x38, 0x0, 0x7, 0x0, 0x0, 0xe0,
    0x0, 0x1c, 0x0, 0x3, 0x80, 0x0, 0x70, 0x0,
    0xe, 0x0,

    /* U+252F "┯" */
    0xff, 0xff, 0xff, 0xff, 0xff, 0xff, 0xff, 0xff,
    0xff, 0xff, 0xff, 0xc0, 0x30, 0x0, 0xc, 0x0,
    0x3, 0x0, 0x0, 0xc0, 0x0, 0x30, 0x0, 0xc,
    0x0, 0x3, 0x0, 0x0, 0xc0, 0x0, 0x30, 0x0,
    0xc, 0x0, 0x3, 0x0, 0x0, 0xc0, 0x0, 0x30,
    0x0, 0xc, 0x0, 0x3, 0x0, 0x0, 0xc0, 0x0,

    /* U+2530 "┰" */
    0xff, 0xff, 0xff, 0xff, 0xff, 0xff, 0xfc, 0xf,
    0xc0, 0x3, 0xf0, 0x0, 0xfc, 0x0, 0x3f, 0x0,
    0xf, 0xc0, 0x3, 0xf0, 0x0, 0xfc, 0x0, 0x3f,
    0x0, 0xf, 0xc0, 0x3, 0xf0, 0x0, 0xfc, 0x0,
    0x3f, 0x0, 0xf, 0xc0, 0x3, 0xf0, 0x0, 0xfc,
    0x0, 0x3f, 0x0, 0xf, 0xc0,

    /* U+2531 "┱" */
    0xff, 0xf0, 0x3f, 0xff, 0xff, 0xff, 0xff, 0xff,
    0xff, 0xff, 0xf0, 0x0, 0xfc, 0x0, 0x3f, 0x0,
    0xf, 0xc0, 0x3, 0xf0, 0x0, 0xfc, 0x0, 0x3f,
    0x0, 0xf, 0xc0, 0x3, 0xf0, 0x0, 0xfc, 0x0,
    0x3f, 0x0, 0xf, 0xc0, 0x3, 0xf0, 0x0, 0xfc,
    0x0, 0x3f, 0x0, 0xf, 0xc0, 0x3, 0xf0, 0x0,

    /* U+2532 "┲" */
    0x3, 0xff, 0xff, 0xff, 0xff, 0xff, 0xff, 0xff,
    0xff, 0x3, 0xff, 0xc0, 0xfc, 0x0, 0x3f, 0x0,
    0xf, 0xc0, 0x3, 0xf0, 0x0, 0xfc, 0x0, 0x3f,
    0x0, 0xf, 0xc0, 0x3, 0xf0, 0x0, 0xfc, 0x0,
    0x3f, 0x0, 0xf, 0xc0, 0x3, 0xf0, 0x0, 0xfc,
    0x0, 0x3f, 0x0, 0xf, 0xc0, 0x3, 0xf0, 0x0,

    /* U+2533 "┳" */
    0xff, 0xff, 0xff, 0xff, 0xff, 0xff, 0xff, 0xff,
    0xff, 0xff, 0xff, 0xc0, 0xfc, 0x0, 0x3f, 0x0,
    0xf, 0xc0, 0x3, 0xf0, 0x0, 0xfc, 0x0, 0x3f,
    0x0, 0xf, 0xc0, 0x3, 0xf0, 0x0, 0xfc, 0x0,
    0x3f, 0x0, 0xf, 0xc0, 0x3, 0xf0, 0x0, 0xfc,
    0x0, 0x3f, 0x0, 0xf, 0xc0, 0x3, 0xf0, 0x0,

    /* U+2534 "┴" */
    0x0, 0xc0, 0x0, 0x30, 0x0, 0xc, 0x0, 0x3,
    0x0, 0x0, 0xc0, 0x0, 0x30, 0x0, 0xc, 0x0,
    0x3, 0x0, 0x0, 0xc0, 0x0, 0x30, 0x0, 0xc,
    0x0, 0x3, 0x0, 0x0, 0xc0, 0x0, 0x30, 0x0,
    0xc, 0x0, 0x3, 0x0, 0x0, 0xc0, 0x3f, 0xff,
    0xff, 0xff, 0xff, 0xff, 0xff,

    /* U+2535 "┵" */
    0x0, 0xe0, 0x0, 0x1c, 0x0, 0x3, 0x80, 0x0,
    0x70, 0x0, 0xe, 0x0, 0x1, 0xc0, 0x0, 0x38,
    0x0, 0x7, 0x0, 0x0, 0xe0, 0x0, 0x1c, 0x0,
    0x3, 0x80, 0x0, 0x70, 0x0, 0xe, 0x0, 0x1,
    0xc0, 0x0, 0x38, 0x7, 0xff, 0x0, 0xff, 0xff,
    0xff, 0xff, 0xff, 0xff, 0xff, 0xff, 0xf0, 0x0,

    /* U+2536 "┶" */
    0x0, 0xe0, 0x0, 0x1c, 0x0, 0x3, 0x80, 0x0,
    0x70, 0x0, 0xe, 0x0, 0x1, 0xc0, 0x0, 0x38,
    0x0, 0x7, 0x0, 0x0, 0xe0, 0x0, 0x1c, 0x0,
    0x3, 0x80, 0x0, 0x70, 0x0, 0xe, 0x0, 0x1,
    0xc0, 0x0, 0x38, 0x0, 0x7, 0xff, 0xff, 0xff,
    0xff, 0xff, 0xff, 0xff, 0xff, 0x80, 0x7f, 0xf0,

    /* U+2537 "┷" */
    0x0, 0xc0, 0x0, 0x30, 0x0, 0xc, 0x0, 0x3,
    0x0, 0x0, 0xc0, 0x0, 0x30, 0x0, 0xc, 0x0,
    0x3, 0x0, 0x0, 0xc0, 0x0, 0x30, 0x0, 0xc,
    0x0, 0x3, 0x0, 0x0, 0xc0, 0x0, 0x30, 0x0,
    0xc, 0x3, 0xff, 0xff, 0xff, 0xff, 0xff, 0xff,
    0xff, 0xff, 0xff, 0xff, 0xff,

    /* U+2538 "┸" */
    0x3, 0xf0, 0x0, 0xfc, 0x0, 0x3f, 0x0, 0xf,
    0xc0, 0x3, 0xf0, 0x0, 0xfc, 0x0, 0x3f, 0x0,
    0xf, 0xc0, 0x3, 0xf0, 0x0, 0xfc, 0x0, 0x3f,
    0x0, 0xf, 0xc0, 0x3, 0xf0, 0x0, 0xfc, 0x0,
    0x3f, 0x0, 0xf, 0xc0, 0x3, 0xf0, 0x3f, 0xff,
    0xff, 0xff, 0xff, 0xff, 0xff,

    /* U+2539 "┹" */
    0x3, 0xf0, 0x0, 0xfc, 0x0, 0x3f, 0x0, 0xf,
    0xc0, 0x3, 0xf0, 0x0, 0xfc, 0x0, 0x3f, 0x0,
    0xf, 0xc0, 0x3, 0xf0, 0x0, 0xfc, 0x0, 0x3f,
    0x0, 0xf, 0xc0, 0x3, 0xf0, 0x0, 0xfc, 0x0,
    0x3f, 0x3, 0xff, 0xc0, 0xff, 0xff, 0xff, 0xff,
    0xff, 0xff, 0xff, 0xff, 0xc0,

    /* U+253A "┺" */
    0x3, 0xf0, 0x0, 0xfc, 0x0, 0x3f, 0x0, 0xf,
    0xc0, 0x3, 0xf0, 0x0, 0xfc, 0x0, 0x3f, 0x0,
    0xf, 0xc0, 0x3, 0xf0, 0x0, 0xfc, 0x0, 0x3f,
    0x0, 0xf, 0xc0, 0x3, 0xf0, 0x0, 0xfc, 0x0,
    0x3f, 0x0, 0xf, 0xff, 0xff, 0xff, 0xff, 0xff,
    0xff, 0xff, 0xfc, 0xf, 0xff,

    /* U+253B "┻" */
    0x3, 0xf0, 0x0, 0xfc, 0x0, 0x3f, 0x0, 0xf,
    0xc0, 0x3, 0xf0, 0x0, 0xfc, 0x0, 0x3f, 0x0,
    0xf, 0xc0, 0x3, 0xf0, 0x0, 0xfc, 0x0, 0x3f,
    0x0, 0xf, 0xc0, 0x3, 0xf0, 0x0, 0xfc, 0x0,
    0x3f, 0x3, 0xff, 0xff, 0xff, 0xff, 0xff, 0xff,
    0xff, 0xff, 0xff, 0xff, 0xff,

    /* U+253C "┼" */
    0x0, 0xc0, 0x0, 0x30, 0x0, 0xc, 0x0, 0x3,
    0x0, 0x0, 0xc0, 0x0, 0x30, 0x0, 0xc, 0x0,
    0x3, 0x0, 0x0, 0xc0, 0x0, 0x30, 0x0, 0xc,
    0x0, 0x3, 0x0, 0x0, 0xc0, 0x0, 0x30, 0x0,
    0xc, 0x0, 0x3, 0x0, 0x0, 0xc0, 0x3f, 0xff,
    0xff, 0xff, 0xff, 0xff, 0xff, 0x0, 0xc0, 0x0,
    0x30, 0x0, 0xc, 0x0, 0x3, 0x0, 0x0, 0xc0,
    0x0, 0x30, 0x0, 0xc, 0x0, 0x3, 0x0, 0x0,
    0xc0, 0x0, 0x30, 0x0, 0xc, 0x0, 0x3, 0x0,
    0x0, 0xc0, 0x0, 0x30, 0x0, 0xc, 0x0, 0x3,
    0x0, 0x0, 0xc0, 0x0,

    /* U+253D "┽" */
    0x0, 0xe0, 0x0, 0x1c, 0x0, 0x3, 0x80, 0x0,
    0x70, 0x0, 0xe, 0x0, 0x1, 0xc0, 0x0, 0x38,
    0x0, 0x7, 0x0, 0x0, 0xe0, 0x0, 0x1c, 0x0,
    0x3, 0x80, 0x0, 0x70, 0x0, 0xe, 0x0, 0x1,
    0xc0, 0x0, 0x38, 0x7, 0xff, 0x0, 0xff, 0xe0,
    0x1f, 0xff, 0xff, 0xff, 0xff, 0xff, 0xff, 0xff,
    0xfe, 0x0, 0x1, 0xc0, 0x0, 0x38, 0x0, 0x7,
    0x0, 0x0, 0xe0, 0x0, 0x1c, 0x0, 0x3, 0x80,
    0x0, 0x70, 0x0, 0xe, 0x0, 0x1, 0xc0, 0x0,
    0x38, 0x0, 0x7, 0x0, 0x0, 0xe0, 0x0, 0x1c,
    0x0, 0x3, 0x80, 0x0, 0x70, 0x0, 0xe, 0x0,

    /* U+253E "┾" */
    0x0, 0xe0, 0x0, 0x1c, 0x0, 0x3, 0x80, 0x0,
    0x70, 0x0, 0xe, 0x0, 0x1, 0xc0, 0x0, 0x38,
    0x0, 0x7, 0x0, 0x0, 0xe0, 0x0, 0x1c, 0x0,
    0x3, 0x80, 0x0, 0x70, 0x0, 0xe, 0x0, 0x1,
    0xc0, 0x0, 0x38, 0x0, 0x7, 0xff, 0x0, 0xff,
    0xff, 0xff, 0xff, 0xff, 0xff, 0xff, 0xff, 0xf0,
    0xf, 0xfe, 0x1, 0xc0, 0x0, 0x38, 0x0, 0x7,
    0x0, 0x0, 0xe0, 0x0, 0x1c, 0x0, 0x3, 0x80,
    0x0, 0x70, 0x0, 0xe, 0x0, 0x1, 0xc0, 0x0,
    0x38, 0x0, 0x7, 0x0, 0x0, 0xe0, 0x0, 0x1c,
    0x0, 0x3, 0x80, 0x0, 0x70, 0x0, 0xe, 0x0,

    /* U+253F "┿" */
    0x0, 0xc0, 0x0, 0x30, 0x0, 0xc, 0x0, 0x3,
    0x0, 0x0, 0xc0, 0x0, 0x30, 0x0, 0xc, 0x0,
    0x3, 0x0, 0x0, 0xc0, 0x0, 0x30, 0x0, 0xc,
    0x0, 0x3, 0x0, 0x0, 0xc0, 0x0, 0x30, 0x0,
    0xc, 0x3, 0xff, 0xff, 0xff, 0xff, 0xff, 0xff,
    0xff, 0xff, 0xff, 0xff, 0xff, 0xff, 0xff, 0xc0,
    0x30, 0x0, 0xc, 0x0, 0x3, 0x0, 0x0, 0xc0,
    0x0, 0x30, 0x0, 0xc, 0x0, 0x3, 0x0, 0x0,
    0xc0, 0x0, 0x30, 0x0, 0xc, 0x0, 0x3, 0x0,
    0x0, 0xc0, 0x0, 0x30, 0x0, 0xc, 0x0, 0x3,
    0x0, 0x0, 0xc0, 0x0,

    /* U+2540 "╀" */
    0x3, 0xf0, 0x0, 0xfc, 0x0, 0x3f, 0x0, 0xf,
    0xc0, 0x3, 0xf0, 0x0, 0xfc, 0x0, 0x3f, 0x0,
    0xf, 0xc0, 0x3, 0xf0, 0x0, 0xfc, 0x0, 0x3f,
    0x0, 0xf, 0xc0, 0x3, 0xf0, 0x0, 0xfc, 0x0,
    0x3f, 0x0, 0xf, 0xc0, 0x3, 0xf0, 0x3f, 0xff,
    0xff, 0xff, 0xff, 0xff, 0xff, 0x0, 0xc0, 0x0,
    0x30, 0x0, 0xc, 0x0, 0x3, 0x0, 0x0, 0xc0,
    0x0, 0x30, 0x0, 0xc, 0x0, 0x3, 0x0, 0x0,
    0xc0, 0x0, 0x30, 0x0, 0xc, 0x0, 0x3, 0x0,
    0x0, 0xc0, 0x0, 0x30, 0x0, 0xc, 0x0, 0x3,
    0x0, 0x0, 0xc0, 0x0,

    /* U+2541 "╁" */
    0x0, 0xc0, 0x0, 0x30, 0x0, 0xc, 0x0, 0x3,
    0x0, 0x0, 0xc0, 0x0, 0x30, 0x0, 0xc, 0x0,
    0x3, 0x0, 0x0, 0xc0, 0x0, 0x30, 0x0, 0xc,
    0x0, 0x3, 0x0, 0x0, 0xc0, 0x0, 0x30, 0x0,
    0xc, 0x0, 0x3, 0x0, 0x0, 0xc0, 0x3f, 0xff,
    0xff, 0xff, 0xff, 0xff, 0xff, 0x3, 0xf0, 0x0,
    0xfc, 0x0, 0x3f, 0x0, 0xf, 0xc0, 0x3, 0xf0,
    0x0, 0xfc, 0x0, 0x3f, 0x0, 0xf, 0xc0, 0x3,
    0xf0, 0x0, 0xfc, 0x0, 0x3f, 0x0, 0xf, 0xc0,
    0x3, 0xf0, 0x0, 0xfc, 0x0, 0x3f, 0x0, 0xf,
    0xc0, 0x3, 0xf0, 0x0,

    /* U+2542 "╂" */
    0x3, 0xf0, 0x0, 0xfc, 0x0, 0x3f, 0x0, 0xf,
    0xc0, 0x3, 0xf0, 0x0, 0xfc, 0x0, 0x3f, 0x0,
    0xf, 0xc0, 0x3, 0xf0, 0x0, 0xfc, 0x0, 0x3f,
    0x0, 0xf, 0xc0, 0x3, 0xf0, 0x0, 0xfc, 0x0,
    0x3f, 0x0, 0xf, 0xc0, 0x3, 0xf0, 0x3f, 0xff,
    0xff, 0xff, 0xff, 0xff, 0xff, 0x3, 0xf0, 0x0,
    0xfc, 0x0, 0x3f, 0x0, 0xf, 0xc0, 0x3, 0xf0,
    0x0, 0xfc, 0x0, 0x3f, 0x0, 0xf, 0xc0, 0x3,
    0xf0, 0x0, 0xfc, 0x0, 0x3f, 0x0, 0xf, 0xc0,
    0x3, 0xf0, 0x0, 0xfc, 0x0, 0x3f, 0x0, 0xf,
    0xc0, 0x3, 0xf0, 0x0,

    /* U+2543 "╃" */
    0x3, 0xf0, 0x0, 0xfc, 0x0, 0x3f, 0x0, 0xf,
    0xc0, 0x3, 0xf0, 0x0, 0xfc, 0x0, 0x3f, 0x0,
    0xf, 0xc0, 0x3, 0xf0, 0x0, 0xfc, 0x0, 0x3f,
    0x0, 0xf, 0xc0, 0x3, 0xf0, 0x0, 0xfc, 0x0,
    0x3f, 0x3, 0xff, 0xc0, 0xff, 0xff, 0xff, 0xff,
    0xff, 0xff, 0xff, 0xff, 0xc0, 0x1, 0xe0, 0x0,
    0x78, 0x0, 0x1e, 0x0, 0x7, 0x80, 0x1, 0xe0,
    0x0, 0x78, 0x0, 0x1e, 0x0, 0x7, 0x80, 0x1,
    0xe0, 0x0, 0x78, 0x0, 0x1e, 0x0, 0x7, 0x80,
    0x1, 0xe0, 0x0, 0x78, 0x0, 0x1e, 0x0, 0x7,
    0x80,

    /* U+2544 "╄" */
    0x3, 0xf0, 0x0, 0xfc, 0x0, 0x3f, 0x0, 0xf,
    0xc0, 0x3, 0xf0, 0x0, 0xfc, 0x0, 0x3f, 0x0,
    0xf, 0xc0, 0x3, 0xf0, 0x0, 0xfc, 0x0, 0x3f,
    0x0, 0xf, 0xc0, 0x3, 0xf0, 0x0, 0xfc, 0x0,
    0x3f, 0x0, 0xf, 0xff, 0x3, 0xff, 0xff, 0xff,
    0xff, 0xff, 0xff, 0xff, 0xff, 0x3, 0xff, 0xc0,
    0x70, 0x0, 0x1c, 0x0, 0x7, 0x0, 0x1, 0xc0,
    0x0, 0x70, 0x0, 0x1c, 0x0, 0x7, 0x0, 0x1,
    0xc0, 0x0, 0x70, 0x0, 0x1c, 0x0, 0x7, 0x0,
    0x1, 0xc0, 0x0, 0x70, 0x0, 0x1c, 0x0, 0x7,
    0x0, 0x1, 0xc0, 0x0,

    /* U+2545 "╅" */
    0x0, 0xe0, 0x0, 0x38, 0x0, 0xe, 0x0, 0x3,
    0x80, 0x0, 0xe0, 0x0, 0x38, 0x0, 0xe, 0x0,
    0x3, 0x80, 0x0, 0xe0, 0x0, 0x38, 0x0, 0xe,
    0x0, 0x3, 0x80, 0x0, 0xe0, 0x0, 0x38, 0x0,
    0xe, 0x3, 0xff, 0xc0, 0xff, 0xff, 0xff, 0xff,
    0xff, 0xff, 0xff, 0xff, 0xc0, 0x3, 0xf0, 0x0,
    0xfc, 0x0, 0x3f, 0x0, 0xf, 0xc0, 0x3, 0xf0,
    0x0, 0xfc, 0x0, 0x3f, 0x0, 0xf, 0xc0, 0x3,
    0xf0, 0x0, 0xfc, 0x0, 0x3f, 0x0, 0xf, 0xc0,
    0x3, 0xf0, 0x0, 0xfc, 0x0, 0x3f, 0x0, 0xf,
    0xc0,

    /* U+2546 "╆" */
    0x1, 0xe0, 0x0, 0x78, 0x0, 0x1e, 0x0, 0x7,
    0x80, 0x1, 0xe0, 0x0, 0x78, 0x0, 0x1e, 0x0,
    0x7, 0x80, 0x1, 0xe0, 0x0, 0x78, 0x0, 0x1e,
    0x0, 0x7, 0x80, 0x1, 0xe0, 0x0, 0x78, 0x0,
    0x1e, 0x0, 0xf, 0xff, 0xff, 0xff, 0xff, 0xff,
    0xff, 0xff, 0xfc, 0xf, 0xff, 0x3, 0xf0, 0x0,
    0xfc, 0x0, 0x3f, 0x0, 0xf, 0xc0, 0x3, 0xf0,
    0x0, 0xfc, 0x0, 0x3f, 0x0, 0xf, 0xc0, 0x3,
    0xf0, 0x0, 0xfc, 0x0, 0x3f, 0x0, 0xf, 0xc0,
    0x3, 0xf0, 0x0, 0xfc, 0x0, 0x3f, 0x0, 0xf,
    0xc0,

    /* U+2547 "╇" */
    0x3, 0xf0, 0x0, 0xfc, 0x0, 0x3f, 0x0, 0xf,
    0xc0, 0x3, 0xf0, 0x0, 0xfc, 0x0, 0x3f, 0x0,
    0xf, 0xc0, 0x3, 0xf0, 0x0, 0xfc, 0x0, 0x3f,
    0x0, 0xf, 0xc0, 0x3, 0xf0, 0x0, 0xfc, 0x0,
    0x3f, 0x3, 0xff, 0xff, 0xff, 0xff, 0xff, 0xff,
    0xff, 0xff, 0xff, 0xff, 0xff, 0x0, 0xc0, 0x0,
    0x30, 0x0, 0xc, 0x0, 0x3, 0x0, 0x0, 0xc0,
    0x0, 0x30, 0x0, 0xc, 0x0, 0x3, 0x0, 0x0,
    0xc0, 0x0, 0x30, 0x0, 0xc, 0x0, 0x3, 0x0,
    0x0, 0xc0, 0x0, 0x30, 0x0, 0xc, 0x0, 0x3,
    0x0,

    /* U+2548 "╈" */
    0x0, 0xc0, 0x0, 0x30, 0x0, 0xc, 0x0, 0x3,
    0x0, 0x0, 0xc0, 0x0, 0x30, 0x0, 0xc, 0x0,
    0x3, 0x0, 0x0, 0xc0, 0x0, 0x30, 0x0, 0xc,
    0x0, 0x3, 0x0, 0x0, 0xc0, 0x0, 0x30, 0x0,
    0xc, 0x3, 0xff, 0xff, 0xff, 0xff, 0xff, 0xff,
    0xff, 0xff, 0xff, 0xff, 0xff, 0x3, 0xf0, 0x0,
    0xfc, 0x0, 0x3f, 0x0, 0xf, 0xc0, 0x3, 0xf0,
    0x0, 0xfc, 0x0, 0x3f, 0x0, 0xf, 0xc0, 0x3,
    0xf0, 0x0, 0xfc, 0x0, 0x3f, 0x0, 0xf, 0xc0,
    0x3, 0xf0, 0x0, 0xfc, 0x0, 0x3f, 0x0, 0xf,
    0xc0,

    /* U+2549 "╉" */
    0x3, 0xf0, 0x0, 0xfc, 0x0, 0x3f, 0x0, 0xf,
    0xc0, 0x3, 0xf0, 0x0, 0xfc, 0x0, 0x3f, 0x0,
    0xf, 0xc0, 0x3, 0xf0, 0x0, 0xfc, 0x0, 0x3f,
    0x0, 0xf, 0xc0, 0x3, 0xf0, 0x0, 0xfc, 0x0,
    0x3f, 0x3, 0xff, 0xc0, 0xff, 0xf0, 0x3f, 0xff,
    0xff, 0xff, 0xff, 0xff, 0xff, 0xff, 0xf0, 0x0,
    0xfc, 0x0, 0x3f, 0x0, 0xf, 0xc0, 0x3, 0xf0,
    0x0, 0xfc, 0x0, 0x3f, 0x0, 0xf, 0xc0, 0x3,
    0xf0, 0x0, 0xfc, 0x0, 0x3f, 0x0, 0xf, 0xc0,
    0x3, 0xf0, 0x0, 0xfc, 0x0, 0x3f, 0x0, 0xf,
    0xc0, 0x3, 0xf0, 0x0,

    /* U+254A "╊" */
    0x3, 0xf0, 0x0, 0xfc, 0x0, 0x3f, 0x0, 0xf,
    0xc0, 0x3, 0xf0, 0x0, 0xfc, 0x0, 0x3f, 0x0,
    0xf, 0xc0, 0x3, 0xf0, 0x0, 0xfc, 0x0, 0x3f,
    0x0, 0xf, 0xc0, 0x3, 0xf0, 0x0, 0xfc, 0x0,
    0x3f, 0x0, 0xf, 0xff, 0x3, 0xff, 0xff, 0xff,
    0xff, 0xff, 0xff, 0xff, 0xff, 0x3, 0xff, 0xc0,
    0xfc, 0x0, 0x3f, 0x0, 0xf, 0xc0, 0x3, 0xf0,
    0x0, 0xfc, 0x0, 0x3f, 0x0, 0xf, 0xc0, 0x3,
    0xf0, 0x0, 0xfc, 0x0, 0x3f, 0x0, 0xf, 0xc0,
    0x3, 0xf0, 0x0, 0xfc, 0x0, 0x3f, 0x0, 0xf,
    0xc0, 0x3, 0xf0, 0x0,

    /* U+254B "╋" */
    0x3, 0xf0, 0x0, 0xfc, 0x0, 0x3f, 0x0, 0xf,
    0xc0, 0x3, 0xf0, 0x0, 0xfc, 0x0, 0x3f, 0x0,
    0xf, 0xc0, 0x3, 0xf0, 0x0, 0xfc, 0x0, 0x3f,
    0x0, 0xf, 0xc0, 0x3, 0xf0, 0x0, 0xfc, 0x0,
    0x3f, 0x3, 0xff, 0xff, 0xff, 0xff, 0xff, 0xff,
    0xff, 0xff, 0xff, 0xff, 0xff, 0xff, 0xff, 0xc0,
    0xfc, 0x0, 0x3f, 0x0, 0xf, 0xc0, 0x3, 0xf0,
    0x0, 0xfc, 0x0, 0x3f, 0x0, 0xf, 0xc0, 0x3,
    0xf0, 0x0, 0xfc, 0x0, 0x3f, 0x0, 0xf, 0xc0,
    0x3, 0xf0, 0x0, 0xfc, 0x0, 0x3f, 0x0, 0xf,
    0xc0, 0x3, 0xf0, 0x0,

    /* U+254C "╌" */
    0xf0, 0xff, 0xf, 0xf0, 0xf0,

    /* U+254D "╍" */
    0xf0, 0xff, 0xf, 0xf0, 0xff, 0xf, 0xf0, 0xf0,

    /* U+254E "╎" */
    0xff, 0xff, 0xff, 0xff, 0xf0, 0x0, 0x1f, 0xff,
    0xff, 0xff, 0xff, 0xc0,

    /* U+254F "╏" */
    0xff, 0xff, 0xff, 0xff, 0xff, 0xff, 0xff, 0xff,
    0xc0, 0x0, 0x0, 0x0, 0x3, 0xff, 0xff, 0xff,
    0xff, 0xff, 0xff, 0xff, 0xff,

    /* U+2550 "═" */
    0xff, 0xff, 0xff, 0xff, 0xff, 0xff, 0xfc, 0x0,
    0x0, 0x0, 0x0, 0x0, 0x0, 0xf, 0xff, 0xff,
    0xff, 0xff, 0xff, 0xff, 0xc0,

    /* U+2551 "║" */
    0xe3, 0xf1, 0xf8, 0xfc, 0x7e, 0x3f, 0x1f, 0x8f,
    0xc7, 0xe3, 0xf1, 0xf8, 0xfc, 0x7e, 0x3f, 0x1f,
    0x8f, 0xc7, 0xe3, 0xf1, 0xf8, 0xfc, 0x7e, 0x3f,
    0x1f, 0x8f, 0xc7, 0xe3, 0xf1, 0xf8, 0xfc, 0x7e,
    0x3f, 0x1f, 0x8f, 0xc7, 0xe3, 0xf1, 0xf8, 0xfc,
    0x7e, 0x38,

    /* U+2552 "╒" */
    0xff, 0xff, 0xff, 0xff, 0xf0, 0xe, 0x1, 0xc0,
    0x3f, 0xff, 0xff, 0xff, 0xfc, 0x3, 0x80, 0x70,
    0xe, 0x1, 0xc0, 0x38, 0x7, 0x0, 0xe0, 0x1c,
    0x3, 0x80, 0x70, 0xe, 0x1, 0xc0, 0x38, 0x0,

    /* U+2553 "╓" */
    0xff, 0xff, 0xff, 0xff, 0xff, 0xc7, 0xe, 0x38,
    0x71, 0xc3, 0x8e, 0x1c, 0x70, 0xe3, 0x87, 0x1c,
    0x38, 0xe1, 0xc7, 0xe, 0x38, 0x71, 0xc3, 0x8e,
    0x1c, 0x70, 0xe3, 0x87, 0x1c, 0x38, 0xe1, 0xc7,
    0x0,

    /* U+2554 "╔" */
    0xff, 0xff, 0xff, 0xff, 0xff, 0xf8, 0x0, 0xe0,
    0x3, 0x80, 0xe, 0x3f, 0xf8, 0xff, 0xe3, 0xff,
    0x8e, 0xe, 0x38, 0x38, 0xe0, 0xe3, 0x83, 0x8e,
    0xe, 0x38, 0x38, 0xe0, 0xe3, 0x83, 0x8e, 0xe,
    0x38, 0x38, 0xe0, 0xe3, 0x83, 0x8e, 0xe, 0x38,
    0x38, 0xe0,

    /* U+2555 "╕" */
    0xff, 0xff, 0xff, 0xff, 0x80, 0x70, 0xe, 0x1,
    0xff, 0xff, 0xff, 0xff, 0xe0, 0x1c, 0x3, 0x80,
    0x70, 0xe, 0x1, 0xc0, 0x38, 0x7, 0x0, 0xe0,
    0x1c, 0x3, 0x80, 0x70, 0xe, 0x1, 0xc0, 0x38,

    /* U+2556 "╖" */
    0xff, 0xff, 0xff, 0xff, 0xfe, 0x1c, 0x70, 0xe3,
    0x87, 0x1c, 0x38, 0xe1, 0xc7, 0xe, 0x38, 0x71,
    0xc3, 0x8e, 0x1c, 0x70, 0xe3, 0x87, 0x1c, 0x38,
    0xe1, 0xc7, 0xe, 0x38, 0x71, 0xc3, 0x8e, 0x1c,
    0x70,

    /* U+2557 "╗" */
    0xff, 0xff, 0xff, 0xff, 0xff, 0xc0, 0x7, 0x0,
    0x1c, 0x0, 0x7f, 0xf1, 0xff, 0xc7, 0xff, 0x1c,
    0x1c, 0x70, 0x71, 0xc1, 0xc7, 0x7, 0x1c, 0x1c,
    0x70, 0x71, 0xc1, 0xc7, 0x7, 0x1c, 0x1c, 0x70,
    0x71, 0xc1, 0xc7, 0x7, 0x1c, 0x1c, 0x70, 0x71,
    0xc1, 0xc7,

    /* U+2558 "╘" */
    0xe0, 0x1c, 0x3, 0x80, 0x70, 0xe, 0x1, 0xc0,
    0x38, 0x7, 0x0, 0xe0, 0x1c, 0x3, 0x80, 0x70,
    0xe, 0x1, 0xc0, 0x3f, 0xff, 0xff, 0xff, 0xfc,
    0x3, 0x80, 0x70, 0xf, 0xff, 0xff, 0xff, 0xf8,

    /* U+2559 "╙" */
    0xe3, 0x87, 0x1c, 0x38, 0xe1, 0xc7, 0xe, 0x38,
    0x71, 0xc3, 0x8e, 0x1c, 0x70, 0xe3, 0x87, 0x1c,
    0x38, 0xe1, 0xc7, 0xe, 0x38, 0x71, 0xc3, 0x8e,
    0x1c, 0x70, 0xe3, 0x87, 0xff, 0xff, 0xff, 0xff,
    0xf0,

    /* U+255A "╚" */
    0xe3, 0x83, 0x8e, 0xe, 0x38, 0x38, 0xe0, 0xe3,
    0x83, 0x8e, 0xe, 0x38, 0x38, 0xe0, 0xe3, 0x83,
    0x8e, 0xe, 0x38, 0x38, 0xe0, 0xe3, 0x83, 0x8e,
    0xe, 0x3f, 0xf8, 0xff, 0xe3, 0xff, 0x80, 0xe,
    0x0, 0x38, 0x0, 0xff, 0xff, 0xff, 0xff, 0xff,
    0xc0,

    /* U+255B "╛" */
    0x0, 0xe0, 0x1c, 0x3, 0x80, 0x70, 0xe, 0x1,
    0xc0, 0x38, 0x7, 0x0, 0xe0, 0x1c, 0x3, 0x80,
    0x70, 0xe, 0x1, 0xff, 0xff, 0xff, 0xff, 0xe0,
    0x1c, 0x3, 0x80, 0x7f, 0xff, 0xff, 0xff, 0xf8,

    /* U+255C "╜" */
    0xe, 0x38, 0x71, 0xc3, 0x8e, 0x1c, 0x70, 0xe3,
    0x87, 0x1c, 0x38, 0xe1, 0xc7, 0xe, 0x38, 0x71,
    0xc3, 0x8e, 0x1c, 0x70, 0xe3, 0x87, 0x1c, 0x38,
    0xe1, 0xc7, 0xe, 0x3f, 0xff, 0xff, 0xff, 0xff,
    0xf0,

    /* U+255D "╝" */
    0x7, 0x1c, 0x1c, 0x70, 0x71, 0xc1, 0xc7, 0x7,
    0x1c, 0x1c, 0x70, 0x71, 0xc1, 0xc7, 0x7, 0x1c,
    0x1c, 0x70, 0x71, 0xc1, 0xc7, 0x7, 0x1c, 0x1c,
    0x7f, 0xf1, 0xff, 0xc7, 0xff, 0x1c, 0x0, 0x70,
    0x1, 0xc0, 0x7, 0xff, 0xff, 0xff, 0xff, 0xff,
    0xc0,

    /* U+255E "╞" */
    0xe0, 0x1c, 0x3, 0x80, 0x70, 0xe, 0x1, 0xc0,
    0x38, 0x7, 0x0, 0xe0, 0x1c, 0x3, 0x80, 0x70,
    0xe, 0x1, 0xc0, 0x3f, 0xff, 0xff, 0xff, 0xfc,
    0x3, 0x80, 0x70, 0xf, 0xff, 0xff, 0xf8, 0x7,
    0x0, 0xe0, 0x1c, 0x3, 0x80, 0x70, 0xe, 0x1,
    0xc0, 0x38, 0x7, 0x0, 0xe0, 0x1c, 0x3, 0x80,
    0x70, 0xe, 0x0,

    /* U+255F "╟" */
    0xe3, 0x83, 0x8e, 0xe, 0x38, 0x38, 0xe0, 0xe3,
    0x83, 0x8e, 0xe, 0x38, 0x38, 0xe0, 0xe3, 0x83,
    0x8e, 0xe, 0x38, 0x38, 0xe0, 0xe3, 0x83, 0x8e,
    0xe, 0x38, 0x38, 0xe0, 0xe3, 0x83, 0x8f, 0xfe,
    0x3f, 0xf8, 0xff, 0xe3, 0x83, 0x8e, 0xe, 0x38,
    0x38, 0xe0, 0xe3, 0x83, 0x8e, 0xe, 0x38, 0x38,
    0xe0, 0xe3, 0x83, 0x8e, 0xe, 0x38, 0x38, 0xe0,
    0xe3, 0x83, 0x8e, 0xe, 0x38, 0x38, 0xe0, 0xe3,
    0x80,

    /* U+2560 "╠" */
    0xe3, 0x83, 0x8e, 0xe, 0x38, 0x38, 0xe0, 0xe3,
    0x83, 0x8e, 0xe, 0x38, 0x38, 0xe0, 0xe3, 0x83,
    0x8e, 0xe, 0x38, 0x38, 0xe0, 0xe3, 0x83, 0x8e,
    0xe, 0x3f, 0xf8, 0xff, 0xe3, 0xff, 0x80, 0xe,
    0x0, 0x38, 0x0, 0xe3, 0xff, 0x8f, 0xfe, 0x38,
    0x38, 0xe0, 0xe3, 0x83, 0x8e, 0xe, 0x38, 0x38,
    0xe0, 0xe3, 0x83, 0x8e, 0xe, 0x38, 0x38, 0xe0,
    0xe3, 0x83, 0x8e, 0xe, 0x38, 0x38, 0xe0, 0xe3,
    0x80,

    /* U+2561 "╡" */
    0x0, 0xe0, 0x1c, 0x3, 0x80, 0x70, 0xe, 0x1,
    0xc0, 0x38, 0x7, 0x0, 0xe0, 0x1c, 0x3, 0x80,
    0x70, 0xe, 0x1, 0xff, 0xff, 0xff, 0xff, 0xe0,
    0x1c, 0x3, 0x80, 0x7f, 0xff, 0xff, 0xc0, 0x38,
    0x7, 0x0, 0xe0, 0x1c, 0x3, 0x80, 0x70, 0xe,
    0x1, 0xc0, 0x38, 0x7, 0x0, 0xe0, 0x1c, 0x3,
    0x80, 0x70, 0xe,

    /* U+2562 "╢" */
    0x7, 0x1c, 0x1c, 0x70, 0x71, 0xc1, 0xc7, 0x7,
    0x1c, 0x1c, 0x70, 0x71, 0xc1, 0xc7, 0x7, 0x1c,
    0x1c, 0x70, 0x71, 0xc1, 0xc7, 0x7, 0x1c, 0x1c,
    0x70, 0x71, 0xc1, 0xc7, 0x7, 0x1f, 0xfc, 0x7f,
    0xf1, 0xff, 0xc7, 0x7, 0x1c, 0x1c, 0x70, 0x71,
    0xc1, 0xc7, 0x7, 0x1c, 0x1c, 0x70, 0x71, 0xc1,
    0xc7, 0x7, 0x1c, 0x1c, 0x70, 0x71, 0xc1, 0xc7,
    0x7, 0x1c, 0x1c, 0x70, 0x71, 0xc1, 0xc7, 0x7,
    0x1c,

    /* U+2563 "╣" */
    0x7, 0x1c, 0x1c, 0x70, 0x71, 0xc1, 0xc7, 0x7,
    0x1c, 0x1c, 0x70, 0x71, 0xc1, 0xc7, 0x7, 0x1c,
    0x1c, 0x70, 0x71, 0xc1, 0xc7, 0x7, 0x1c, 0x1c,
    0x7f, 0xf1, 0xff, 0xc7, 0xff, 0x1c, 0x0, 0x70,
    0x1, 0xc0, 0x7, 0xff, 0x1f, 0xfc, 0x70, 0x71,
    0xc1, 0xc7, 0x7, 0x1c, 0x1c, 0x70, 0x71, 0xc1,
    0xc7, 0x7, 0x1c, 0x1c, 0x70, 0x71, 0xc1, 0xc7,
    0x7, 0x1c, 0x1c, 0x70, 0x71, 0xc1, 0xc7, 0x7,
    0x1c,

    /* U+2564 "╤" */
    0xff, 0xff, 0xff, 0xff, 0xff, 0xff, 0xfc, 0x0,
    0x0, 0x0, 0x0, 0x0, 0x0, 0xf, 0xff, 0xff,
    0xff, 0xff, 0xff, 0xff, 0xc0, 0x30, 0x0, 0xc,
    0x0, 0x3, 0x0, 0x0, 0xc0, 0x0, 0x30, 0x0,
    0xc, 0x0, 0x3, 0x0, 0x0, 0xc0, 0x0, 0x30,
    0x0, 0xc, 0x0, 0x3, 0x0, 0x0, 0xc0, 0x0,
    0x30, 0x0, 0xc, 0x0, 0x3, 0x0,

    /* U+2565 "╥" */
    0xff, 0xff, 0xff, 0xff, 0xff, 0xff, 0xfc, 0x1c,
    0xe0, 0x7, 0x38, 0x1, 0xce, 0x0, 0x73, 0x80,
    0x1c, 0xe0, 0x7, 0x38, 0x1, 0xce, 0x0, 0x73,
    0x80, 0x1c, 0xe0, 0x7, 0x38, 0x1, 0xce, 0x0,
    0x73, 0x80, 0x1c, 0xe0, 0x7, 0x38, 0x1, 0xce,
    0x0, 0x73, 0x80, 0x1c, 0xe0,

    /* U+2566 "╦" */
    0xff, 0xff, 0xff, 0xff, 0xff, 0xff, 0xfc, 0x0,
    0x0, 0x0, 0x0, 0x0, 0x0, 0xf, 0xf3, 0xff,
    0xfc, 0xff, 0xff, 0x3f, 0xc1, 0xce, 0x0, 0x73,
    0x80, 0x1c, 0xe0, 0x7, 0x38, 0x1, 0xce, 0x0,
    0x73, 0x80, 0x1c, 0xe0, 0x7, 0x38, 0x1, 0xce,
    0x0, 0x73, 0x80, 0x1c, 0xe0, 0x7, 0x38, 0x1,
    0xce, 0x0, 0x73, 0x80, 0x1c, 0xe0,

    /* U+2567 "╧" */
    0x0, 0xc0, 0x0, 0x30, 0x0, 0xc, 0x0, 0x3,
    0x0, 0x0, 0xc0, 0x0, 0x30, 0x0, 0xc, 0x0,
    0x3, 0x0, 0x0, 0xc0, 0x0, 0x30, 0x0, 0xc,
    0x0, 0x3, 0x0, 0x0, 0xc0, 0x0, 0x30, 0xf,
    0xff, 0xff, 0xff, 0xff, 0xff, 0xff, 0xc0, 0x0,
    0x0, 0x0, 0x0, 0x0, 0x0, 0xff, 0xff, 0xff,
    0xff, 0xff, 0xff, 0xfc,

    /* U+2568 "╨" */
    0x7, 0x38, 0x1, 0xce, 0x0, 0x73, 0x80, 0x1c,
    0xe0, 0x7, 0x38, 0x1, 0xce, 0x0, 0x73, 0x80,
    0x1c, 0xe0, 0x7, 0x38, 0x1, 0xce, 0x0, 0x73,
    0x80, 0x1c, 0xe0, 0x7, 0x38, 0x1, 0xce, 0x0,
    0x73, 0x80, 0x1c, 0xe0, 0x7, 0x38, 0x3f, 0xff,
    0xff, 0xff, 0xff, 0xff, 0xff,

    /* U+2569 "╩" */
    0x7, 0x38, 0x1, 0xce, 0x0, 0x73, 0x80, 0x1c,
    0xe0, 0x7, 0x38, 0x1, 0xce, 0x0, 0x73, 0x80,
    0x1c, 0xe0, 0x7, 0x38, 0x1, 0xce, 0x0, 0x73,
    0x80, 0x1c, 0xe0, 0x7, 0x38, 0x1, 0xce, 0xf,
    0xf3, 0xff, 0xfc, 0xff, 0xff, 0x3f, 0xc0, 0x0,
    0x0, 0x0, 0x0, 0x0, 0x0, 0xff, 0xff, 0xff,
    0xff, 0xff, 0xff, 0xfc,

    /* U+256A "╪" */
    0x0, 0xc0, 0x0, 0x30, 0x0, 0xc, 0x0, 0x3,
    0x0, 0x0, 0xc0, 0x0, 0x30, 0x0, 0xc, 0x0,
    0x3, 0x0, 0x0, 0xc0, 0x0, 0x30, 0x0, 0xc,
    0x0, 0x3, 0x0, 0x0, 0xc0, 0x0, 0x30, 0xf,
    0xff, 0xff, 0xff, 0xff, 0xff, 0xff, 0xc0, 0x30,
    0x0, 0xc, 0x0, 0x3, 0x0, 0xff, 0xff, 0xff,
    0xff, 0xf0, 0xc, 0x0, 0x3, 0x0, 0x0, 0xc0,
    0x0, 0x30, 0x0, 0xc, 0x0, 0x3, 0x0, 0x0,
    0xc0, 0x0, 0x30, 0x0, 0xc, 0x0, 0x3, 0x0,
    0x0, 0xc0, 0x0, 0x30, 0x0, 0xc, 0x0, 0x3,
    0x0, 0x0, 0xc0, 0x0,

    /* U+256B "╫" */
    0x7, 0x38, 0x1, 0xce, 0x0, 0x73, 0x80, 0x1c,
    0xe0, 0x7, 0x38, 0x1, 0xce, 0x0, 0x73, 0x80,
    0x1c, 0xe0, 0x7, 0x38, 0x1, 0xce, 0x0, 0x73,
    0x80, 0x1c, 0xe0, 0x7, 0x38, 0x1, 0xce, 0x0,
    0x73, 0x80, 0x1c, 0xe0, 0x7, 0x38, 0x3f, 0xff,
    0xff, 0xff, 0xff, 0xff, 0xff, 0x7, 0x38, 0x1,
    0xce, 0x0, 0x73, 0x80, 0x1c, 0xe0, 0x7, 0x38,
    0x1, 0xce, 0x0, 0x73, 0x80, 0x1c, 0xe0, 0x7,
    0x38, 0x1, 0xce, 0x0, 0x73, 0x80, 0x1c, 0xe0,
    0x7, 0x38, 0x1, 0xce, 0x0, 0x73, 0x80, 0x1c,
    0xe0, 0x7, 0x38, 0x0,

    /* U+256C "╬" */
    0x7, 0x1c, 0x0, 0xe3, 0x80, 0x1c, 0x70, 0x3,
    0x8e, 0x0, 0x71, 0xc0, 0xe, 0x38, 0x1, 0xc7,
    0x0, 0x38, 0xe0, 0x7, 0x1c, 0x0, 0xe3, 0x80,
    0x1c, 0x70, 0x3, 0x8e, 0x0, 0x71, 0xc0, 0xe,
    0x38, 0x3f, 0xc7, 0xff, 0xf8, 0xff, 0xff, 0x1f,
    0xe0, 0x0, 0x0, 0x0, 0x0, 0x0, 0x0, 0xf,
    0xf1, 0xff, 0xfe, 0x3f, 0xff, 0xc7, 0xf8, 0x38,
    0xe0, 0x7, 0x1c, 0x0, 0xe3, 0x80, 0x1c, 0x70,
    0x3, 0x8e, 0x0, 0x71, 0xc0, 0xe, 0x38, 0x1,
    0xc7, 0x0, 0x38, 0xe0, 0x7, 0x1c, 0x0, 0xe3,
    0x80, 0x1c, 0x70, 0x3, 0x8e, 0x0, 0x71, 0xc0,
    0xe, 0x38, 0x0,

    /* U+256D "╭" */
    0x3, 0xe1, 0xfc, 0x7f, 0x9f, 0x7, 0x80, 0xe0,
    0x3c, 0x7, 0x0, 0xe0, 0x1c, 0x3, 0x80, 0x70,
    0xe, 0x1, 0xc0, 0x38, 0x7, 0x0, 0xe0, 0x1c,
    0x3, 0x80, 0x70, 0x0,

    /* U+256E "╮" */
    0xf8, 0x1f, 0xc3, 0xfc, 0x7, 0xc0, 0x3c, 0x3,
    0x80, 0x78, 0x7, 0x0, 0xe0, 0x1c, 0x3, 0x80,
    0x70, 0xe, 0x1, 0xc0, 0x38, 0x7, 0x0, 0xe0,
    0x1c, 0x3, 0x80, 0x70,

    /* U+256F "╯" */
    0x0, 0xe0, 0x1c, 0x3, 0x80, 0x70, 0xe, 0x1,
    0xc0, 0x38, 0x7, 0x0, 0xe0, 0x1c, 0x3, 0x80,
    0x70, 0xe, 0x3, 0xc0, 0x70, 0x1e, 0xf, 0x9f,
    0xe3, 0xf8, 0x7c, 0x0,

    /* U+2570 "╰" */
    0xe0, 0x1c, 0x3, 0x80, 0x70, 0xe, 0x1, 0xc0,
    0x38, 0x7, 0x0, 0xe0, 0x1c, 0x3, 0x80, 0x70,
    0xe, 0x1, 0xe0, 0x1c, 0x3, 0xc0, 0x3e, 0x3,
    0xfc, 0x3f, 0x81, 0xf0,

    /* U+2571 "╱" */
    0x0, 0x0, 0xc0, 0x0, 0x70, 0x0, 0x1c, 0x0,
    0xe, 0x0, 0x3, 0x80, 0x1, 0xc0, 0x0, 0x70,
    0x0, 0x38, 0x0, 0xc, 0x0, 0x7, 0x0, 0x3,
    0x80, 0x0, 0xe0, 0x0, 0x70, 0x0, 0x1c, 0x0,
    0xe, 0x0, 0x3, 0x80, 0x1, 0xc0, 0x0, 0x60,
    0x0, 0x38, 0x0, 0x1c, 0x0, 0x7, 0x0, 0x3,
    0x80, 0x0, 0xe0, 0x0, 0x70, 0x0, 0x18, 0x0,
    0xe, 0x0, 0x7, 0x0, 0x1, 0xc0, 0x0, 0xe0,
    0x0, 0x0,

    /* U+2572 "╲" */
    0xe0, 0x0, 0x38, 0x0, 0x7, 0x0, 0x0, 0xc0,
    0x0, 0x38, 0x0, 0x7, 0x0, 0x1, 0xc0, 0x0,
    0x38, 0x0, 0xe, 0x0, 0x1, 0xc0, 0x0, 0x70,
    0x0, 0xe, 0x0, 0x1, 0x80, 0x0, 0x70, 0x0,
    0xe, 0x0, 0x3, 0x80, 0x0, 0x70, 0x0, 0x1c,
    0x0, 0x3, 0x80, 0x0, 0x60, 0x0, 0x1c, 0x0,
    0x3, 0x80, 0x0, 0xe0, 0x0, 0x1c, 0x0, 0x7,
    0x0, 0x0, 0xe0, 0x0, 0x38, 0x0, 0x7, 0x0,
    0x0, 0xc0,

    /* U+2573 "╳" */
    0xe0, 0x1, 0xf8, 0x0, 0x77, 0x0, 0x39, 0xc0,
    0xe, 0x38, 0x7, 0xe, 0x1, 0xc1, 0xc0, 0xe0,
    0x38, 0x70, 0xe, 0x1c, 0x1, 0xce, 0x0, 0x73,
    0x80, 0xf, 0xc0, 0x3, 0xf0, 0x0, 0x78, 0x0,
    0xc, 0x0, 0x7, 0x80, 0x3, 0xf0, 0x0, 0xfc,
    0x0, 0x73, 0x80, 0x1c, 0xe0, 0xe, 0x1c, 0x3,
    0x87, 0x1, 0xc0, 0xe0, 0xe0, 0x1c, 0x38, 0x7,
    0x1c, 0x0, 0xe7, 0x0, 0x3b, 0x80, 0x7, 0xe0,
    0x1, 0xc0,

    /* U+2574 "╴" */
    0xff, 0xff, 0xff, 0xfc,

    /* U+2575 "╵" */
    0xff, 0xff, 0xff, 0xff, 0xff, 0xff, 0xff, 0x80,

    /* U+2576 "╶" */
    0xff, 0xff, 0xff, 0xfc,

    /* U+2577 "╷" */
    0xff, 0xff, 0xff, 0xff, 0xff, 0xff, 0xff, 0xf0,

    /* U+2578 "╸" */
    0xff, 0xff, 0xff, 0xff, 0xff, 0xff, 0xc0,

    /* U+2579 "╹" */
    0xff, 0xff, 0xff, 0xff, 0xff, 0xff, 0xff, 0xff,
    0xff, 0xff, 0xff, 0xff, 0xff, 0xff, 0xc0,

    /* U+257A "╺" */
    0xff, 0xff, 0xff, 0xff, 0xff, 0xff, 0xc0,

    /* U+257B "╻" */
    0xff, 0xff, 0xff, 0xff, 0xff, 0xff, 0xff, 0xff,
    0xff, 0xff, 0xff, 0xff, 0xff, 0xff, 0xff,

    /* U+257C "╼" */
    0x0, 0xff, 0xff, 0xff, 0xff, 0xff, 0xff, 0xff,
    0xff, 0x0, 0xff, 0xc0,

    /* U+257D "╽" */
    0x79, 0xe7, 0x9e, 0x79, 0xe7, 0x9e, 0x79, 0xe7,
    0x9e, 0x79, 0xe7, 0x9e, 0x7b, 0xff, 0xff, 0xff,
    0xff, 0xff, 0xff, 0xff, 0xff, 0xff, 0xff, 0xff,
    0xff, 0xff, 0xff, 0xfc,

    /* U+257E "╾" */
    0xff, 0xc0, 0x3f, 0xff, 0xff, 0xff, 0xff, 0xff,
    0xff, 0xff, 0xc0, 0x0,

    /* U+257F "╿" */
    0xff, 0xff, 0xff, 0xff, 0xff, 0xff, 0xff, 0xff,
    0xff, 0xff, 0xff, 0xff, 0xff, 0xff, 0xde, 0x79,
    0xe7, 0x9e, 0x79, 0xe7, 0x9e, 0x79, 0xe7, 0x9e,
    0x79, 0xe7, 0x9e
};


/*---------------------
 *  GLYPH DESCRIPTION
 *--------------------*/

static const lv_font_fmt_txt_glyph_dsc_t glyph_dsc[] = {
    {.bitmap_index = 0, .adv_w = 0, .box_w = 0, .box_h = 0, .ofs_x = 0, .ofs_y = 0} /* id = 0 reserved */,
    {.bitmap_index = 0, .adv_w = 269, .box_w = 1, .box_h = 1, .ofs_x = 0, .ofs_y = 0},
    {.bitmap_index = 1, .adv_w = 269, .box_w = 4, .box_h = 21, .ofs_x = 6, .ofs_y = 0},
    {.bitmap_index = 12, .adv_w = 269, .box_w = 8, .box_h = 8, .ofs_x = 4, .ofs_y = 13},
    {.bitmap_index = 20, .adv_w = 269, .box_w = 15, .box_h = 21, .ofs_x = 1, .ofs_y = 0},
    {.bitmap_index = 60, .adv_w = 269, .box_w = 13, .box_h = 29, .ofs_x = 2, .ofs_y = -4},
    {.bitmap_index = 108, .adv_w = 269, .box_w = 16, .box_h = 21, .ofs_x = 1, .ofs_y = 0},
    {.bitmap_index = 150, .adv_w = 269, .box_w = 15, .box_h = 21, .ofs_x = 2, .ofs_y = 0},
    {.bitmap_index = 190, .adv_w = 269, .box_w = 3, .box_h = 8, .ofs_x = 7, .ofs_y = 13},
    {.bitmap_index = 193, .adv_w = 269, .box_w = 9, .box_h = 27, .ofs_x = 5, .ofs_y = -3},
    {.bitmap_index = 224, .adv_w = 269, .box_w = 9, .box_h = 27, .ofs_x = 3, .ofs_y = -3},
    {.bitmap_index = 255, .adv_w = 269, .box_w = 15, .box_h = 15, .ofs_x = 1, .ofs_y = 2},
    {.bitmap_index = 284, .adv_w = 269, .box_w = 13, .box_h = 13, .ofs_x = 2, .ofs_y = 3},
    {.bitmap_index = 306, .adv_w = 269, .box_w = 6, .box_h = 9, .ofs_x = 5, .ofs_y = -5},
    {.bitmap_index = 313, .adv_w = 269, .box_w = 9, .box_h = 2, .ofs_x = 4, .ofs_y = 8},
    {.bitmap_index = 316, .adv_w = 269, .box_w = 5, .box_h = 4, .ofs_x = 6, .ofs_y = 0},
    {.bitmap_index = 319, .adv_w = 269, .box_w = 13, .box_h = 27, .ofs_x = 2, .ofs_y = -3},
    {.bitmap_index = 363, .adv_w = 269, .box_w = 13, .box_h = 21, .ofs_x = 2, .ofs_y = 0},
    {.bitmap_index = 398, .adv_w = 269, .box_w = 13, .box_h = 21, .ofs_x = 3, .ofs_y = 0},
    {.bitmap_index = 433, .adv_w = 269, .box_w = 13, .box_h = 21, .ofs_x = 2, .ofs_y = 0},
    {.bitmap_index = 468, .adv_w = 269, .box_w = 13, .box_h = 21, .ofs_x = 2, .ofs_y = 0},
    {.bitmap_index = 503, .adv_w = 269, .box_w = 12, .box_h = 21, .ofs_x = 2, .ofs_y = 0},
    {.bitmap_index = 535, .adv_w = 269, .box_w = 12, .box_h = 21, .ofs_x = 3, .ofs_y = 0},
    {.bitmap_index = 567, .adv_w = 269, .box_w = 13, .box_h = 21, .ofs_x = 2, .ofs_y = 0},
    {.bitmap_index = 602, .adv_w = 269, .box_w = 13, .box_h = 21, .ofs_x = 2, .ofs_y = 0},
    {.bitmap_index = 637, .adv_w = 269, .box_w = 13, .box_h = 21, .ofs_x = 2, .ofs_y = 0},
    {.bitmap_index = 672, .adv_w = 269, .box_w = 13, .box_h = 21, .ofs_x = 2, .ofs_y = 0},
    {.bitmap_index = 707, .adv_w = 269, .box_w = 5, .box_h = 16, .ofs_x = 6, .ofs_y = 0},
    {.bitmap_index = 717, .adv_w = 269, .box_w = 6, .box_h = 21, .ofs_x = 5, .ofs_y = -5},
    {.bitmap_index = 733, .adv_w = 269, .box_w = 12, .box_h = 15, .ofs_x = 2, .ofs_y = 2},
    {.bitmap_index = 756, .adv_w = 269, .box_w = 12, .box_h = 9, .ofs_x = 2, .ofs_y = 5},
    {.bitmap_index = 770, .adv_w = 269, .box_w = 12, .box_h = 15, .ofs_x = 2, .ofs_y = 2},
    {.bitmap_index = 793, .adv_w = 269, .box_w = 11, .box_h = 21, .ofs_x = 3, .ofs_y = 0},
    {.bitmap_index = 822, .adv_w = 269, .box_w = 14, .box_h = 26, .ofs_x = 1, .ofs_y = -5},
    {.bitmap_index = 868, .adv_w = 269, .box_w = 14, .box_h = 21, .ofs_x = 1, .ofs_y = 0},
    {.bitmap_index = 905, .adv_w = 269, .box_w = 12, .box_h = 21, .ofs_x = 3, .ofs_y = 0},
    {.bitmap_index = 937, .adv_w = 269, .box_w = 12, .box_h = 21, .ofs_x = 2, .ofs_y = 0},
    {.bitmap_index = 969, .adv_w = 269, .box_w = 12, .box_h = 21, .ofs_x = 3, .ofs_y = 0},
    {.bitmap_index = 1001, .adv_w = 269, .box_w = 12, .box_h = 21, .ofs_x = 3, .ofs_y = 0},
    {.bitmap_index = 1033, .adv_w = 269, .box_w = 12, .box_h = 21, .ofs_x = 3, .ofs_y = 0},
    {.bitmap_index = 1065, .adv_w = 269, .box_w = 12, .box_h = 21, .ofs_x = 2, .ofs_y = 0},
    {.bitmap_index = 1097, .adv_w = 269, .box_w = 12, .box_h = 21, .ofs_x = 3, .ofs_y = 0},
    {.bitmap_index = 1129, .adv_w = 269, .box_w = 11, .box_h = 21, .ofs_x = 3, .ofs_y = 0},
    {.bitmap_index = 1158, .adv_w = 269, .box_w = 13, .box_h = 21, .ofs_x = 1, .ofs_y = 0},
    {.bitmap_index = 1193, .adv_w = 269, .box_w = 14, .box_h = 21, .ofs_x = 3, .ofs_y = 0},
    {.bitmap_index = 1230, .adv_w = 269, .box_w = 12, .box_h = 21, .ofs_x = 3, .ofs_y = 0},
    {.bitmap_index = 1262, .adv_w = 269, .box_w = 13, .box_h = 21, .ofs_x = 2, .ofs_y = 0},
    {.bitmap_index = 1297, .adv_w = 269, .box_w = 12, .box_h = 21, .ofs_x = 3, .ofs_y = 0},
    {.bitmap_index = 1329, .adv_w = 269, .box_w = 12, .box_h = 21, .ofs_x = 2, .ofs_y = 0},
    {.bitmap_index = 1361, .adv_w = 269, .box_w = 13, .box_h = 21, .ofs_x = 3, .ofs_y = 0},
    {.bitmap_index = 1396, .adv_w = 269, .box_w = 13, .box_h = 26, .ofs_x = 2, .ofs_y = -5},
    {.bitmap_index = 1439, .adv_w = 269, .box_w = 13, .box_h = 21, .ofs_x = 3, .ofs_y = 0},
    {.bitmap_index = 1474, .adv_w = 269, .box_w = 13, .box_h = 21, .ofs_x = 2, .ofs_y = 0},
    {.bitmap_index = 1509, .adv_w = 269, .box_w = 14, .box_h = 21, .ofs_x = 2, .ofs_y = 0},
    {.bitmap_index = 1546, .adv_w = 269, .box_w = 12, .box_h = 21, .ofs_x = 3, .ofs_y = 0},
    {.bitmap_index = 1578, .adv_w = 269, .box_w = 14, .box_h = 21, .ofs_x = 1, .ofs_y = 0},
    {.bitmap_index = 1615, .adv_w = 269, .box_w = 15, .box_h = 21, .ofs_x = 1, .ofs_y = 0},
    {.bitmap_index = 1655, .adv_w = 269, .box_w = 15, .box_h = 21, .ofs_x = 1, .ofs_y = 0},
    {.bitmap_index = 1695, .adv_w = 269, .box_w = 15, .box_h = 21, .ofs_x = 1, .ofs_y = 0},
    {.bitmap_index = 1735, .adv_w = 269, .box_w = 12, .box_h = 21, .ofs_x = 2, .ofs_y = 0},
    {.bitmap_index = 1767, .adv_w = 269, .box_w = 7, .box_h = 27, .ofs_x = 6, .ofs_y = -3},
    {.bitmap_index = 1791, .adv_w = 269, .box_w = 13, .box_h = 27, .ofs_x = 2, .ofs_y = -3},
    {.bitmap_index = 1835, .adv_w = 269, .box_w = 8, .box_h = 27, .ofs_x = 4, .ofs_y = -3},
    {.bitmap_index = 1862, .adv_w = 269, .box_w = 13, .box_h = 11, .ofs_x = 2, .ofs_y = 10},
    {.bitmap_index = 1880, .adv_w = 269, .box_w = 13, .box_h = 2, .ofs_x = 2, .ofs_y = -3},
    {.bitmap_index = 1884, .adv_w = 269, .box_w = 6, .box_h = 4, .ofs_x = 5, .ofs_y = 18},
    {.bitmap_index = 1887, .adv_w = 269, .box_w = 13, .box_h = 16, .ofs_x = 2, .ofs_y = 0},
    {.bitmap_index = 1913, .adv_w = 269, .box_w = 12, .box_h = 21, .ofs_x = 3, .ofs_y = 0},
    {.bitmap_index = 1945, .adv_w = 269, .box_w = 12, .box_h = 16, .ofs_x = 2, .ofs_y = 0},
    {.bitmap_index = 1969, .adv_w = 269, .box_w = 12, .box_h = 21, .ofs_x = 2, .ofs_y = 0},
    {.bitmap_index = 2001, .adv_w = 269, .box_w = 12, .box_h = 16, .ofs_x = 2, .ofs_y = 0},
    {.bitmap_index = 2025, .adv_w = 269, .box_w = 13, .box_h = 21, .ofs_x = 2, .ofs_y = 0},
    {.bitmap_index = 2060, .adv_w = 269, .box_w = 12, .box_h = 21, .ofs_x = 2, .ofs_y = -5},
    {.bitmap_index = 2092, .adv_w = 269, .box_w = 12, .box_h = 21, .ofs_x = 3, .ofs_y = 0},
    {.bitmap_index = 2124, .adv_w = 269, .box_w = 13, .box_h = 22, .ofs_x = 2, .ofs_y = 0},
    {.bitmap_index = 2160, .adv_w = 269, .box_w = 11, .box_h = 27, .ofs_x = 2, .ofs_y = -5},
    {.bitmap_index = 2198, .adv_w = 269, .box_w = 13, .box_h = 21, .ofs_x = 3, .ofs_y = 0},
    {.bitmap_index = 2233, .adv_w = 269, .box_w = 15, .box_h = 21, .ofs_x = 1, .ofs_y = 0},
    {.bitmap_index = 2273, .adv_w = 269, .box_w = 13, .box_h = 16, .ofs_x = 2, .ofs_y = 0},
    {.bitmap_index = 2299, .adv_w = 269, .box_w = 12, .box_h = 16, .ofs_x = 3, .ofs_y = 0},
    {.bitmap_index = 2323, .adv_w = 269, .box_w = 12, .box_h = 16, .ofs_x = 2, .ofs_y = 0},
    {.bitmap_index = 2347, .adv_w = 269, .box_w = 12, .box_h = 21, .ofs_x = 3, .ofs_y = -5},
    {.bitmap_index = 2379, .adv_w = 269, .box_w = 12, .box_h = 21, .ofs_x = 2, .ofs_y = -5},
    {.bitmap_index = 2411, .adv_w = 269, .box_w = 12, .box_h = 16, .ofs_x = 3, .ofs_y = 0},
    {.bitmap_index = 2435, .adv_w = 269, .box_w = 12, .box_h = 16, .ofs_x = 3, .ofs_y = 0},
    {.bitmap_index = 2459, .adv_w = 269, .box_w = 13, .box_h = 20, .ofs_x = 2, .ofs_y = 0},
    {.bitmap_index = 2492, .adv_w = 269, .box_w = 12, .box_h = 16, .ofs_x = 3, .ofs_y = 0},
    {.bitmap_index = 2516, .adv_w = 269, .box_w = 13, .box_h = 16, .ofs_x = 2, .ofs_y = 0},
    {.bitmap_index = 2542, .adv_w = 269, .box_w = 15, .box_h = 16, .ofs_x = 1, .ofs_y = 0},
    {.bitmap_index = 2572, .adv_w = 269, .box_w = 14, .box_h = 16, .ofs_x = 1, .ofs_y = 0},
    {.bitmap_index = 2600, .adv_w = 269, .box_w = 13, .box_h = 21, .ofs_x = 2, .ofs_y = -5},
    {.bitmap_index = 2635, .adv_w = 269, .box_w = 12, .box_h = 16, .ofs_x = 3, .ofs_y = 0},
    {.bitmap_index = 2659, .adv_w = 269, .box_w = 13, .box_h = 27, .ofs_x = 2, .ofs_y = -3},
    {.bitmap_index = 2703, .adv_w = 269, .box_w = 3, .box_h = 27, .ofs_x = 7, .ofs_y = -3},
    {.bitmap_index = 2714, .adv_w = 269, .box_w = 13, .box_h = 27, .ofs_x = 2, .ofs_y = -3},
    {.bitmap_index = 2758, .adv_w = 269, .box_w = 13, .box_h = 6, .ofs_x = 2, .ofs_y = 7},
    {.bitmap_index = 2768, .adv_w = 269, .box_w = 15, .box_h = 13, .ofs_x = 1, .ofs_y = 1},
    {.bitmap_index = 2793, .adv_w = 269, .box_w = 9, .box_h = 9, .ofs_x = 4, .ofs_y = 13},
    {.bitmap_index = 2804, .adv_w = 269, .box_w = 15, .box_h = 13, .ofs_x = 1, .ofs_y = 1},
    {.bitmap_index = 2829, .adv_w = 269, .box_w = 12, .box_h = 27, .ofs_x = 3, .ofs_y = 0},
    {.bitmap_index = 2870, .adv_w = 269, .box_w = 14, .box_h = 21, .ofs_x = 1, .ofs_y = 0},
    {.bitmap_index = 2907, .adv_w = 269, .box_w = 12, .box_h = 21, .ofs_x = 3, .ofs_y = 0},
    {.bitmap_index = 2939, .adv_w = 269, .box_w = 12, .box_h = 21, .ofs_x = 3, .ofs_y = 0},
    {.bitmap_index = 2971, .adv_w = 269, .box_w = 12, .box_h = 21, .ofs_x = 3, .ofs_y = 0},
    {.bitmap_index = 3003, .adv_w = 269, .box_w = 15, .box_h = 25, .ofs_x = 1, .ofs_y = -4},
    {.bitmap_index = 3050, .adv_w = 269, .box_w = 12, .box_h = 21, .ofs_x = 3, .ofs_y = 0},
    {.bitmap_index = 3082, .adv_w = 269, .box_w = 16, .box_h = 21, .ofs_x = 0, .ofs_y = 0},
    {.bitmap_index = 3124, .adv_w = 269, .box_w = 13, .box_h = 21, .ofs_x = 2, .ofs_y = 0},
    {.bitmap_index = 3159, .adv_w = 269, .box_w = 12, .box_h = 21, .ofs_x = 3, .ofs_y = 0},
    {.bitmap_index = 3191, .adv_w = 269, .box_w = 12, .box_h = 27, .ofs_x = 3, .ofs_y = 0},
    {.bitmap_index = 3232, .adv_w = 269, .box_w = 14, .box_h = 21, .ofs_x = 3, .ofs_y = 0},
    {.bitmap_index = 3269, .adv_w = 269, .box_w = 14, .box_h = 21, .ofs_x = 1, .ofs_y = 0},
    {.bitmap_index = 3306, .adv_w = 269, .box_w = 13, .box_h = 21, .ofs_x = 2, .ofs_y = 0},
    {.bitmap_index = 3341, .adv_w = 269, .box_w = 12, .box_h = 21, .ofs_x = 3, .ofs_y = 0},
    {.bitmap_index = 3373, .adv_w = 269, .box_w = 12, .box_h = 21, .ofs_x = 2, .ofs_y = 0},
    {.bitmap_index = 3405, .adv_w = 269, .box_w = 12, .box_h = 21, .ofs_x = 3, .ofs_y = 0},
    {.bitmap_index = 3437, .adv_w = 269, .box_w = 13, .box_h = 21, .ofs_x = 3, .ofs_y = 0},
    {.bitmap_index = 3472, .adv_w = 269, .box_w = 12, .box_h = 21, .ofs_x = 2, .ofs_y = 0},
    {.bitmap_index = 3504, .adv_w = 269, .box_w = 14, .box_h = 21, .ofs_x = 2, .ofs_y = 0},
    {.bitmap_index = 3541, .adv_w = 269, .box_w = 14, .box_h = 21, .ofs_x = 1, .ofs_y = 0},
    {.bitmap_index = 3578, .adv_w = 269, .box_w = 13, .box_h = 22, .ofs_x = 2, .ofs_y = -1},
    {.bitmap_index = 3614, .adv_w = 269, .box_w = 15, .box_h = 21, .ofs_x = 1, .ofs_y = 0},
    {.bitmap_index = 3654, .adv_w = 269, .box_w = 13, .box_h = 25, .ofs_x = 3, .ofs_y = -4},
    {.bitmap_index = 3695, .adv_w = 269, .box_w = 12, .box_h = 21, .ofs_x = 2, .ofs_y = 0},
    {.bitmap_index = 3727, .adv_w = 269, .box_w = 14, .box_h = 21, .ofs_x = 2, .ofs_y = 0},
    {.bitmap_index = 3764, .adv_w = 269, .box_w = 14, .box_h = 25, .ofs_x = 2, .ofs_y = -4},
    {.bitmap_index = 3808, .adv_w = 269, .box_w = 16, .box_h = 21, .ofs_x = 0, .ofs_y = 0},
    {.bitmap_index = 3850, .adv_w = 269, .box_w = 13, .box_h = 21, .ofs_x = 2, .ofs_y = 0},
    {.bitmap_index = 3885, .adv_w = 269, .box_w = 13, .box_h = 21, .ofs_x = 3, .ofs_y = 0},
    {.bitmap_index = 3920, .adv_w = 269, .box_w = 12, .box_h = 21, .ofs_x = 2, .ofs_y = 0},
    {.bitmap_index = 3952, .adv_w = 269, .box_w = 14, .box_h = 21, .ofs_x = 2, .ofs_y = 0},
    {.bitmap_index = 3989, .adv_w = 269, .box_w = 13, .box_h = 21, .ofs_x = 2, .ofs_y = 0},
    {.bitmap_index = 4024, .adv_w = 269, .box_w = 13, .box_h = 16, .ofs_x = 2, .ofs_y = 0},
    {.bitmap_index = 4050, .adv_w = 269, .box_w = 12, .box_h = 21, .ofs_x = 3, .ofs_y = 0},
    {.bitmap_index = 4082, .adv_w = 269, .box_w = 12, .box_h = 16, .ofs_x = 3, .ofs_y = 0},
    {.bitmap_index = 4106, .adv_w = 269, .box_w = 11, .box_h = 16, .ofs_x = 4, .ofs_y = 0},
    {.bitmap_index = 4128, .adv_w = 269, .box_w = 15, .box_h = 20, .ofs_x = 1, .ofs_y = -4},
    {.bitmap_index = 4166, .adv_w = 269, .box_w = 12, .box_h = 16, .ofs_x = 2, .ofs_y = 0},
    {.bitmap_index = 4190, .adv_w = 269, .box_w = 16, .box_h = 16, .ofs_x = 0, .ofs_y = 0},
    {.bitmap_index = 4222, .adv_w = 269, .box_w = 13, .box_h = 16, .ofs_x = 2, .ofs_y = 0},
    {.bitmap_index = 4248, .adv_w = 269, .box_w = 12, .box_h = 16, .ofs_x = 3, .ofs_y = 0},
    {.bitmap_index = 4272, .adv_w = 269, .box_w = 12, .box_h = 23, .ofs_x = 3, .ofs_y = 0},
    {.bitmap_index = 4307, .adv_w = 269, .box_w = 13, .box_h = 16, .ofs_x = 3, .ofs_y = 0},
    {.bitmap_index = 4333, .adv_w = 269, .box_w = 14, .box_h = 16, .ofs_x = 1, .ofs_y = 0},
    {.bitmap_index = 4361, .adv_w = 269, .box_w = 13, .box_h = 16, .ofs_x = 2, .ofs_y = 0},
    {.bitmap_index = 4387, .adv_w = 269, .box_w = 12, .box_h = 16, .ofs_x = 3, .ofs_y = 0},
    {.bitmap_index = 4411, .adv_w = 269, .box_w = 12, .box_h = 16, .ofs_x = 2, .ofs_y = 0},
    {.bitmap_index = 4435, .adv_w = 269, .box_w = 12, .box_h = 16, .ofs_x = 3, .ofs_y = 0},
    {.bitmap_index = 4459, .adv_w = 269, .box_w = 12, .box_h = 21, .ofs_x = 3, .ofs_y = -5},
    {.bitmap_index = 4491, .adv_w = 269, .box_w = 12, .box_h = 16, .ofs_x = 2, .ofs_y = 0},
    {.bitmap_index = 4515, .adv_w = 269, .box_w = 14, .box_h = 16, .ofs_x = 2, .ofs_y = 0},
    {.bitmap_index = 4543, .adv_w = 269, .box_w = 13, .box_h = 21, .ofs_x = 2, .ofs_y = -5},
    {.bitmap_index = 4578, .adv_w = 269, .box_w = 15, .box_h = 26, .ofs_x = 2, .ofs_y = -5},
    {.bitmap_index = 4627, .adv_w = 269, .box_w = 14, .box_h = 16, .ofs_x = 1, .ofs_y = 0},
    {.bitmap_index = 4655, .adv_w = 269, .box_w = 13, .box_h = 20, .ofs_x = 3, .ofs_y = -4},
    {.bitmap_index = 4688, .adv_w = 269, .box_w = 12, .box_h = 16, .ofs_x = 2, .ofs_y = 0},
    {.bitmap_index = 4712, .adv_w = 269, .box_w = 14, .box_h = 16, .ofs_x = 2, .ofs_y = 0},
    {.bitmap_index = 4740, .adv_w = 269, .box_w = 14, .box_h = 20, .ofs_x = 2, .ofs_y = -4},
    {.bitmap_index = 4775, .adv_w = 269, .box_w = 16, .box_h = 16, .ofs_x = 0, .ofs_y = 0},
    {.bitmap_index = 4807, .adv_w = 269, .box_w = 13, .box_h = 16, .ofs_x = 2, .ofs_y = 0},
    {.bitmap_index = 4833, .adv_w = 269, .box_w = 13, .box_h = 16, .ofs_x = 3, .ofs_y = 0},
    {.bitmap_index = 4859, .adv_w = 269, .box_w = 12, .box_h = 16, .ofs_x = 2, .ofs_y = 0},
    {.bitmap_index = 4883, .adv_w = 269, .box_w = 14, .box_h = 16, .ofs_x = 2, .ofs_y = 0},
    {.bitmap_index = 4911, .adv_w = 269, .box_w = 12, .box_h = 16, .ofs_x = 2, .ofs_y = 0},
    {.bitmap_index = 4935, .adv_w = 269, .box_w = 12, .box_h = 22, .ofs_x = 2, .ofs_y = 0},
    {.bitmap_index = 4968, .adv_w = 269, .box_w = 17, .box_h = 2, .ofs_x = 0, .ofs_y = 8},
    {.bitmap_index = 4973, .adv_w = 269, .box_w = 13, .box_h = 5, .ofs_x = 2, .ofs_y = 0},
    {.bitmap_index = 4982, .adv_w = 269, .box_w = 16, .box_h = 20, .ofs_x = 1, .ofs_y = 0},
    {.bitmap_index = 5022, .adv_w = 269, .box_w = 18, .box_h = 3, .ofs_x = -1, .ofs_y = 9},
    {.bitmap_index = 5029, .adv_w = 269, .box_w = 18, .box_h = 5, .ofs_x = -1, .ofs_y = 8},
    {.bitmap_index = 5041, .adv_w = 269, .box_w = 3, .box_h = 37, .ofs_x = 7, .ofs_y = -8},
    {.bitmap_index = 5055, .adv_w = 269, .box_w = 6, .box_h = 37, .ofs_x = 5, .ofs_y = -8},
    {.bitmap_index = 5083, .adv_w = 269, .box_w = 16, .box_h = 3, .ofs_x = 1, .ofs_y = 9},
    {.bitmap_index = 5089, .adv_w = 269, .box_w = 16, .box_h = 5, .ofs_x = 1, .ofs_y = 8},
    {.bitmap_index = 5099, .adv_w = 269, .box_w = 3, .box_h = 32, .ofs_x = 7, .ofs_y = -6},
    {.bitmap_index = 5111, .adv_w = 269, .box_w = 6, .box_h = 32, .ofs_x = 5, .ofs_y = -6},
    {.bitmap_index = 5135, .adv_w = 269, .box_w = 16, .box_h = 3, .ofs_x = 1, .ofs_y = 9},
    {.bitmap_index = 5141, .adv_w = 269, .box_w = 16, .box_h = 5, .ofs_x = 1, .ofs_y = 8},
    {.bitmap_index = 5151, .adv_w = 269, .box_w = 3, .box_h = 31, .ofs_x = 7, .ofs_y = -5},
    {.bitmap_index = 5163, .adv_w = 269, .box_w = 6, .box_h = 31, .ofs_x = 5, .ofs_y = -5},
    {.bitmap_index = 5187, .adv_w = 269, .box_w = 11, .box_h = 20, .ofs_x = 7, .ofs_y = -8},
    {.bitmap_index = 5215, .adv_w = 269, .box_w = 11, .box_h = 21, .ofs_x = 7, .ofs_y = -8},
    {.bitmap_index = 5244, .adv_w = 269, .box_w = 12, .box_h = 20, .ofs_x = 5, .ofs_y = -8},
    {.bitmap_index = 5274, .adv_w = 269, .box_w = 12, .box_h = 21, .ofs_x = 5, .ofs_y = -8},
    {.bitmap_index = 5306, .adv_w = 269, .box_w = 11, .box_h = 20, .ofs_x = -1, .ofs_y = -8},
    {.bitmap_index = 5334, .adv_w = 269, .box_w = 11, .box_h = 21, .ofs_x = -1, .ofs_y = -8},
    {.bitmap_index = 5363, .adv_w = 269, .box_w = 12, .box_h = 20, .ofs_x = -1, .ofs_y = -8},
    {.bitmap_index = 5393, .adv_w = 269, .box_w = 12, .box_h = 21, .ofs_x = -1, .ofs_y = -8},
    {.bitmap_index = 5425, .adv_w = 269, .box_w = 11, .box_h = 20, .ofs_x = 7, .ofs_y = 9},
    {.bitmap_index = 5453, .adv_w = 269, .box_w = 11, .box_h = 20, .ofs_x = 7, .ofs_y = 8},
    {.bitmap_index = 5481, .adv_w = 269, .box_w = 12, .box_h = 20, .ofs_x = 5, .ofs_y = 9},
    {.bitmap_index = 5511, .adv_w = 269, .box_w = 12, .box_h = 20, .ofs_x = 5, .ofs_y = 8},
    {.bitmap_index = 5541, .adv_w = 269, .box_w = 11, .box_h = 20, .ofs_x = -1, .ofs_y = 9},
    {.bitmap_index = 5569, .adv_w = 269, .box_w = 11, .box_h = 20, .ofs_x = -1, .ofs_y = 8},
    {.bitmap_index = 5597, .adv_w = 269, .box_w = 12, .box_h = 20, .ofs_x = -1, .ofs_y = 9},
    {.bitmap_index = 5627, .adv_w = 269, .box_w = 12, .box_h = 20, .ofs_x = -1, .ofs_y = 8},
    {.bitmap_index = 5657, .adv_w = 269, .box_w = 11, .box_h = 37, .ofs_x = 7, .ofs_y = -8},
    {.bitmap_index = 5708, .adv_w = 269, .box_w = 11, .box_h = 37, .ofs_x = 7, .ofs_y = -8},
    {.bitmap_index = 5759, .adv_w = 269, .box_w = 12, .box_h = 36, .ofs_x = 5, .ofs_y = -8},
    {.bitmap_index = 5813, .adv_w = 269, .box_w = 12, .box_h = 37, .ofs_x = 5, .ofs_y = -8},
    {.bitmap_index = 5869, .adv_w = 269, .box_w = 12, .box_h = 37, .ofs_x = 5, .ofs_y = -8},
    {.bitmap_index = 5925, .adv_w = 269, .box_w = 12, .box_h = 37, .ofs_x = 5, .ofs_y = -8},
    {.bitmap_index = 5981, .adv_w = 269, .box_w = 12, .box_h = 36, .ofs_x = 5, .ofs_y = -8},
    {.bitmap_index = 6035, .adv_w = 269, .box_w = 12, .box_h = 37, .ofs_x = 5, .ofs_y = -8},
    {.bitmap_index = 6091, .adv_w = 269, .box_w = 11, .box_h = 37, .ofs_x = -1, .ofs_y = -8},
    {.bitmap_index = 6142, .adv_w = 269, .box_w = 11, .box_h = 37, .ofs_x = -1, .ofs_y = -8},
    {.bitmap_index = 6193, .adv_w = 269, .box_w = 12, .box_h = 37, .ofs_x = -1, .ofs_y = -8},
    {.bitmap_index = 6249, .adv_w = 269, .box_w = 12, .box_h = 37, .ofs_x = -1, .ofs_y = -8},
    {.bitmap_index = 6305, .adv_w = 269, .box_w = 12, .box_h = 37, .ofs_x = -1, .ofs_y = -8},
    {.bitmap_index = 6361, .adv_w = 269, .box_w = 12, .box_h = 36, .ofs_x = -1, .ofs_y = -8},
    {.bitmap_index = 6415, .adv_w = 269, .box_w = 12, .box_h = 36, .ofs_x = -1, .ofs_y = -8},
    {.bitmap_index = 6469, .adv_w = 269, .box_w = 12, .box_h = 37, .ofs_x = -1, .ofs_y = -8},
    {.bitmap_index = 6525, .adv_w = 269, .box_w = 18, .box_h = 20, .ofs_x = -1, .ofs_y = -8},
    {.bitmap_index = 6570, .adv_w = 269, .box_w = 19, .box_h = 21, .ofs_x = -1, .ofs_y = -8},
    {.bitmap_index = 6620, .adv_w = 269, .box_w = 19, .box_h = 21, .ofs_x = -1, .ofs_y = -8},
    {.bitmap_index = 6670, .adv_w = 269, .box_w = 18, .box_h = 21, .ofs_x = -1, .ofs_y = -8},
    {.bitmap_index = 6718, .adv_w = 269, .box_w = 18, .box_h = 20, .ofs_x = -1, .ofs_y = -8},
    {.bitmap_index = 6763, .adv_w = 269, .box_w = 18, .box_h = 21, .ofs_x = -1, .ofs_y = -8},
    {.bitmap_index = 6811, .adv_w = 269, .box_w = 18, .box_h = 21, .ofs_x = -1, .ofs_y = -8},
    {.bitmap_index = 6859, .adv_w = 269, .box_w = 18, .box_h = 21, .ofs_x = -1, .ofs_y = -8},
    {.bitmap_index = 6907, .adv_w = 269, .box_w = 18, .box_h = 20, .ofs_x = -1, .ofs_y = 9},
    {.bitmap_index = 6952, .adv_w = 269, .box_w = 19, .box_h = 20, .ofs_x = -1, .ofs_y = 8},
    {.bitmap_index = 7000, .adv_w = 269, .box_w = 19, .box_h = 20, .ofs_x = -1, .ofs_y = 8},
    {.bitmap_index = 7048, .adv_w = 269, .box_w = 18, .box_h = 20, .ofs_x = -1, .ofs_y = 8},
    {.bitmap_index = 7093, .adv_w = 269, .box_w = 18, .box_h = 20, .ofs_x = -1, .ofs_y = 9},
    {.bitmap_index = 7138, .adv_w = 269, .box_w = 18, .box_h = 20, .ofs_x = -1, .ofs_y = 8},
    {.bitmap_index = 7183, .adv_w = 269, .box_w = 18, .box_h = 20, .ofs_x = -1, .ofs_y = 8},
    {.bitmap_index = 7228, .adv_w = 269, .box_w = 18, .box_h = 20, .ofs_x = -1, .ofs_y = 8},
    {.bitmap_index = 7273, .adv_w = 269, .box_w = 18, .box_h = 37, .ofs_x = -1, .ofs_y = -8},
    {.bitmap_index = 7357, .adv_w = 269, .box_w = 19, .box_h = 37, .ofs_x = -1, .ofs_y = -8},
    {.bitmap_index = 7445, .adv_w = 269, .box_w = 19, .box_h = 37, .ofs_x = -1, .ofs_y = -8},
    {.bitmap_index = 7533, .adv_w = 269, .box_w = 18, .box_h = 37, .ofs_x = -1, .ofs_y = -8},
    {.bitmap_index = 7617, .adv_w = 269, .box_w = 18, .box_h = 37, .ofs_x = -1, .ofs_y = -8},
    {.bitmap_index = 7701, .adv_w = 269, .box_w = 18, .box_h = 37, .ofs_x = -1, .ofs_y = -8},
    {.bitmap_index = 7785, .adv_w = 269, .box_w = 18, .box_h = 37, .ofs_x = -1, .ofs_y = -8},
    {.bitmap_index = 7869, .adv_w = 269, .box_w = 18, .box_h = 36, .ofs_x = -1, .ofs_y = -8},
    {.bitmap_index = 7950, .adv_w = 269, .box_w = 18, .box_h = 37, .ofs_x = -1, .ofs_y = -8},
    {.bitmap_index = 8034, .adv_w = 269, .box_w = 18, .box_h = 36, .ofs_x = -1, .ofs_y = -8},
    {.bitmap_index = 8115, .adv_w = 269, .box_w = 18, .box_h = 36, .ofs_x = -1, .ofs_y = -8},
    {.bitmap_index = 8196, .adv_w = 269, .box_w = 18, .box_h = 36, .ofs_x = -1, .ofs_y = -8},
    {.bitmap_index = 8277, .adv_w = 269, .box_w = 18, .box_h = 36, .ofs_x = -1, .ofs_y = -8},
    {.bitmap_index = 8358, .adv_w = 269, .box_w = 18, .box_h = 37, .ofs_x = -1, .ofs_y = -8},
    {.bitmap_index = 8442, .adv_w = 269, .box_w = 18, .box_h = 37, .ofs_x = -1, .ofs_y = -8},
    {.bitmap_index = 8526, .adv_w = 269, .box_w = 18, .box_h = 37, .ofs_x = -1, .ofs_y = -8},
    {.bitmap_index = 8610, .adv_w = 269, .box_w = 12, .box_h = 3, .ofs_x = 2, .ofs_y = 9},
    {.bitmap_index = 8615, .adv_w = 269, .box_w = 12, .box_h = 5, .ofs_x = 2, .ofs_y = 8},
    {.bitmap_index = 8623, .adv_w = 269, .box_w = 3, .box_h = 30, .ofs_x = 7, .ofs_y = -5},
    {.bitmap_index = 8635, .adv_w = 269, .box_w = 6, .box_h = 28, .ofs_x = 5, .ofs_y = -4},
    {.bitmap_index = 8656, .adv_w = 269, .box_w = 18, .box_h = 9, .ofs_x = -1, .ofs_y = 6},
    {.bitmap_index = 8677, .adv_w = 269, .box_w = 9, .box_h = 37, .ofs_x = 4, .ofs_y = -8},
    {.bitmap_index = 8719, .adv_w = 269, .box_w = 11, .box_h = 23, .ofs_x = 7, .ofs_y = -8},
    {.bitmap_index = 8751, .adv_w = 269, .box_w = 13, .box_h = 20, .ofs_x = 4, .ofs_y = -8},
    {.bitmap_index = 8784, .adv_w = 269, .box_w = 14, .box_h = 24, .ofs_x = 4, .ofs_y = -9},
    {.bitmap_index = 8826, .adv_w = 269, .box_w = 11, .box_h = 23, .ofs_x = -1, .ofs_y = -8},
    {.bitmap_index = 8858, .adv_w = 269, .box_w = 13, .box_h = 20, .ofs_x = 0, .ofs_y = -8},
    {.bitmap_index = 8891, .adv_w = 269, .box_w = 14, .box_h = 24, .ofs_x = -1, .ofs_y = -9},
    {.bitmap_index = 8933, .adv_w = 269, .box_w = 11, .box_h = 23, .ofs_x = 7, .ofs_y = 6},
    {.bitmap_index = 8965, .adv_w = 269, .box_w = 13, .box_h = 20, .ofs_x = 4, .ofs_y = 9},
    {.bitmap_index = 8998, .adv_w = 269, .box_w = 14, .box_h = 23, .ofs_x = 4, .ofs_y = 6},
    {.bitmap_index = 9039, .adv_w = 269, .box_w = 11, .box_h = 23, .ofs_x = -1, .ofs_y = 6},
    {.bitmap_index = 9071, .adv_w = 269, .box_w = 13, .box_h = 20, .ofs_x = 0, .ofs_y = 9},
    {.bitmap_index = 9104, .adv_w = 269, .box_w = 14, .box_h = 23, .ofs_x = -1, .ofs_y = 6},
    {.bitmap_index = 9145, .adv_w = 269, .box_w = 11, .box_h = 37, .ofs_x = 7, .ofs_y = -8},
    {.bitmap_index = 9196, .adv_w = 269, .box_w = 14, .box_h = 37, .ofs_x = 4, .ofs_y = -8},
    {.bitmap_index = 9261, .adv_w = 269, .box_w = 14, .box_h = 37, .ofs_x = 4, .ofs_y = -8},
    {.bitmap_index = 9326, .adv_w = 269, .box_w = 11, .box_h = 37, .ofs_x = -1, .ofs_y = -8},
    {.bitmap_index = 9377, .adv_w = 269, .box_w = 14, .box_h = 37, .ofs_x = -1, .ofs_y = -8},
    {.bitmap_index = 9442, .adv_w = 269, .box_w = 14, .box_h = 37, .ofs_x = -1, .ofs_y = -8},
    {.bitmap_index = 9507, .adv_w = 269, .box_w = 18, .box_h = 24, .ofs_x = -1, .ofs_y = -9},
    {.bitmap_index = 9561, .adv_w = 269, .box_w = 18, .box_h = 20, .ofs_x = -1, .ofs_y = -8},
    {.bitmap_index = 9606, .adv_w = 269, .box_w = 18, .box_h = 24, .ofs_x = -1, .ofs_y = -9},
    {.bitmap_index = 9660, .adv_w = 269, .box_w = 18, .box_h = 23, .ofs_x = -1, .ofs_y = 6},
    {.bitmap_index = 9712, .adv_w = 269, .box_w = 18, .box_h = 20, .ofs_x = -1, .ofs_y = 9},
    {.bitmap_index = 9757, .adv_w = 269, .box_w = 18, .box_h = 23, .ofs_x = -1, .ofs_y = 6},
    {.bitmap_index = 9809, .adv_w = 269, .box_w = 18, .box_h = 37, .ofs_x = -1, .ofs_y = -8},
    {.bitmap_index = 9893, .adv_w = 269, .box_w = 18, .box_h = 37, .ofs_x = -1, .ofs_y = -8},
    {.bitmap_index = 9977, .adv_w = 269, .box_w = 19, .box_h = 38, .ofs_x = -1, .ofs_y = -9},
    {.bitmap_index = 10068, .adv_w = 269, .box_w = 11, .box_h = 20, .ofs_x = 7, .ofs_y = -8},
    {.bitmap_index = 10096, .adv_w = 269, .box_w = 11, .box_h = 20, .ofs_x = -1, .ofs_y = -8},
    {.bitmap_index = 10124, .adv_w = 269, .box_w = 11, .box_h = 20, .ofs_x = -1, .ofs_y = 9},
    {.bitmap_index = 10152, .adv_w = 269, .box_w = 11, .box_h = 20, .ofs_x = 7, .ofs_y = 9},
    {.bitmap_index = 10180, .adv_w = 269, .box_w = 18, .box_h = 29, .ofs_x = -1, .ofs_y = -4},
    {.bitmap_index = 10246, .adv_w = 269, .box_w = 18, .box_h = 29, .ofs_x = -1, .ofs_y = -4},
    {.bitmap_index = 10312, .adv_w = 269, .box_w = 18, .box_h = 29, .ofs_x = -1, .ofs_y = -4},
    {.bitmap_index = 10378, .adv_w = 269, .box_w = 10, .box_h = 3, .ofs_x = 0, .ofs_y = 9},
    {.bitmap_index = 10382, .adv_w = 269, .box_w = 3, .box_h = 19, .ofs_x = 7, .ofs_y = 9},
    {.bitmap_index = 10390, .adv_w = 269, .box_w = 10, .box_h = 3, .ofs_x = 7, .ofs_y = 9},
    {.bitmap_index = 10394, .adv_w = 269, .box_w = 3, .box_h = 20, .ofs_x = 7, .ofs_y = -8},
    {.bitmap_index = 10402, .adv_w = 269, .box_w = 10, .box_h = 5, .ofs_x = 0, .ofs_y = 8},
    {.bitmap_index = 10409, .adv_w = 269, .box_w = 6, .box_h = 19, .ofs_x = 5, .ofs_y = 9},
    {.bitmap_index = 10424, .adv_w = 269, .box_w = 10, .box_h = 5, .ofs_x = 7, .ofs_y = 8},
    {.bitmap_index = 10431, .adv_w = 269, .box_w = 6, .box_h = 20, .ofs_x = 5, .ofs_y = -8},
    {.bitmap_index = 10446, .adv_w = 269, .box_w = 18, .box_h = 5, .ofs_x = -1, .ofs_y = 8},
    {.bitmap_index = 10458, .adv_w = 269, .box_w = 6, .box_h = 37, .ofs_x = 5, .ofs_y = -8},
    {.bitmap_index = 10486, .adv_w = 269, .box_w = 18, .box_h = 5, .ofs_x = 0, .ofs_y = 8},
    {.bitmap_index = 10498, .adv_w = 269, .box_w = 6, .box_h = 36, .ofs_x = 5, .ofs_y = -8}
};

/*---------------------
 *  CHARACTER MAPPING
 *--------------------*/

static const uint16_t unicode_list_1[] = {
    0x0, 0x5, 0x10, 0x356
};

static const uint16_t unicode_list_3[] = {
    0x0, 0x1bc3, 0x1bd5, 0x1cc5
};

/*Collect the unicode lists and glyph_id offsets*/
static const lv_font_fmt_txt_cmap_t cmaps[] =
{
    {
        .range_start = 32, .range_length = 95, .glyph_id_start = 1,
        .unicode_list = NULL, .glyph_id_ofs_list = NULL, .list_length = 0, .type = LV_FONT_FMT_TXT_CMAP_FORMAT0_TINY
    },
    {
        .range_start = 171, .range_length = 855, .glyph_id_start = 96,
        .unicode_list = unicode_list_1, .glyph_id_ofs_list = NULL, .list_length = 4, .type = LV_FONT_FMT_TXT_CMAP_SPARSE_TINY
    },
    {
        .range_start = 1040, .range_length = 64, .glyph_id_start = 100,
        .unicode_list = NULL, .glyph_id_ofs_list = NULL, .list_length = 0, .type = LV_FONT_FMT_TXT_CMAP_FORMAT0_TINY
    },
    {
        .range_start = 1105, .range_length = 7366, .glyph_id_start = 164,
        .unicode_list = unicode_list_3, .glyph_id_ofs_list = NULL, .list_length = 4, .type = LV_FONT_FMT_TXT_CMAP_SPARSE_TINY
    },
    {
        .range_start = 9472, .range_length = 128, .glyph_id_start = 168,
        .unicode_list = NULL, .glyph_id_ofs_list = NULL, .list_length = 0, .type = LV_FONT_FMT_TXT_CMAP_FORMAT0_TINY
    }
};



/*--------------------
 *  ALL CUSTOM DATA
 *--------------------*/

#if LVGL_VERSION_MAJOR == 8
/*Store all the custom data of the font*/
static  lv_font_fmt_txt_glyph_cache_t cache;
#endif

#if LVGL_VERSION_MAJOR >= 8
static const lv_font_fmt_txt_dsc_t font_dsc = {
#else
static lv_font_fmt_txt_dsc_t font_dsc = {
#endif
    .glyph_bitmap = glyph_bitmap,
    .glyph_dsc = glyph_dsc,
    .cmaps = cmaps,
    .kern_dsc = NULL,
    .kern_scale = 0,
    .cmap_num = 5,
    .bpp = 1,
    .kern_classes = 0,
    .bitmap_format = 0,
#if LVGL_VERSION_MAJOR == 8
    .cache = &cache
#endif

};



/*-----------------
 *  PUBLIC FONT
 *----------------*/

/*Initialize a public general font descriptor*/
#if LVGL_VERSION_MAJOR >= 8
const lv_font_t term_font_40 = {
#else
lv_font_t term_font_40 = {
#endif
    .get_glyph_dsc = lv_font_get_glyph_dsc_fmt_txt,    /*Function pointer to get glyph's data*/
    .get_glyph_bitmap = lv_font_get_bitmap_fmt_txt,    /*Function pointer to get glyph's bitmap*/
    .line_height = 38,          /*The maximum line height required by the font*/
    .base_line = 9,             /*Baseline measured from the bottom of the line*/
#if !(LVGL_VERSION_MAJOR == 6 && LVGL_VERSION_MINOR == 0)
    .subpx = LV_FONT_SUBPX_NONE,
#endif
#if LV_VERSION_CHECK(7, 4, 0) || LVGL_VERSION_MAJOR >= 8
    .underline_position = -4,
    .underline_thickness = 1,
#endif
    .static_bitmap = 0,
    .dsc = &font_dsc,          /*The custom font data. Will be accessed by `get_glyph_bitmap/dsc` */
#if LV_VERSION_CHECK(8, 2, 0) || LVGL_VERSION_MAJOR >= 9
    .fallback = NULL,
#endif
    .user_data = NULL,
};



#endif /*#if TERM_FONT_40*/
