/*******************************************************************************
 * Size: 16 px
 * Bpp: 4
 * Opts: --bpp 4 --size 16 --no-compress --stride 1 --align 1 --font JetBrainsMono.ttf --range 32-127,1025,1040-1103,1105,8470,8212,171,187,8230,176,9472-9599 --format lvgl -o term_font_20.c
 ******************************************************************************/

#ifdef __has_include
    #if __has_include("lvgl.h")
        #ifndef LV_LVGL_H_INCLUDE_SIMPLE
            #define LV_LVGL_H_INCLUDE_SIMPLE
        #endif
    #endif
#endif

#ifdef LV_LVGL_H_INCLUDE_SIMPLE
    #include "lvgl.h"
#else
    #include "lvgl/lvgl.h"
#endif



#ifndef TERM_FONT_20
#define TERM_FONT_20 1
#endif

#if TERM_FONT_20

/*-----------------
 *    BITMAPS
 *----------------*/

/*Store the image of the glyphs*/
static LV_ATTRIBUTE_LARGE_CONST const uint8_t glyph_bitmap[] = {
    /* U+0020 " " */

    /* U+0021 "!" */
    0xf, 0xa0, 0xfa, 0xf, 0x90, 0xf8, 0xe, 0x80,
    0xd7, 0xd, 0x60, 0xc5, 0x3, 0x10, 0x0, 0x3e,
    0xb3, 0xfc,

    /* U+0022 "\"" */
    0x9f, 0x5, 0xf3, 0x9f, 0x5, 0xf3, 0x8e, 0x4,
    0xf2, 0x7d, 0x3, 0xf1, 0x5a, 0x2, 0xd0,

    /* U+0023 "#" */
    0x0, 0xa, 0x70, 0xf, 0x20, 0x0, 0xd, 0x40,
    0x2f, 0x0, 0x0, 0xf, 0x10, 0x5c, 0x0, 0xe,
    0xff, 0xff, 0xff, 0xf0, 0x0, 0x6c, 0x0, 0xb7,
    0x0, 0x0, 0x89, 0x0, 0xd4, 0x0, 0x0, 0xa7,
    0x0, 0xf2, 0x0, 0x0, 0xc5, 0x1, 0xf0, 0x0,
    0x6e, 0xff, 0xee, 0xfe, 0x70, 0x4, 0xf1, 0x18,
    0xa1, 0x0, 0x5, 0xc0, 0xa, 0x60, 0x0, 0x9,
    0x80, 0xe, 0x30, 0x0,

    /* U+0024 "$" */
    0x0, 0x4, 0x20, 0x0, 0x0, 0x9, 0x50, 0x0,
    0x0, 0xa, 0x70, 0x0, 0x6, 0xff, 0xfe, 0x30,
    0x3f, 0x8a, 0x7c, 0xe0, 0x7f, 0x9, 0x53, 0xf3,
    0x6f, 0x19, 0x50, 0x0, 0x1f, 0xcc, 0x50, 0x0,
    0x4, 0xef, 0xd7, 0x0, 0x0, 0xa, 0xcf, 0xb0,
    0x0, 0x9, 0x55, 0xf3, 0x65, 0x9, 0x50, 0xf6,
    0xad, 0x9, 0x53, 0xf4, 0x2f, 0xdd, 0xcf, 0xc0,
    0x2, 0x9e, 0xd7, 0x0, 0x0, 0x9, 0x50, 0x0,
    0x0, 0x9, 0x50, 0x0,

    /* U+0025 "%" */
    0x2c, 0xfc, 0x10, 0x2, 0xe1, 0xaa, 0xa, 0x90,
    0xc, 0x60, 0xb7, 0x7, 0xb0, 0x7b, 0x0, 0xa9,
    0xa, 0x92, 0xe1, 0x0, 0x3e, 0xfe, 0x3c, 0x60,
    0x0, 0x0, 0x10, 0x7b, 0x0, 0x0, 0x0, 0x2,
    0xe1, 0x0, 0x0, 0x0, 0xc, 0x65, 0xde, 0x80,
    0x0, 0x7b, 0xf, 0x63, 0xf3, 0x2, 0xe1, 0x1f,
    0x10, 0xd5, 0xc, 0x60, 0xf, 0x41, 0xf3, 0x7b,
    0x0, 0x6, 0xef, 0x90,

    /* U+0026 "&" */
    0x0, 0x6d, 0xfd, 0x40, 0x0, 0x3, 0xf9, 0x5b,
    0xf2, 0x0, 0x7, 0xf0, 0x1, 0xb4, 0x0, 0x4,
    0xf3, 0x0, 0x0, 0x0, 0x0, 0xcb, 0x0, 0x0,
    0x0, 0x4, 0xef, 0x70, 0x0, 0x0, 0xe, 0xb6,
    0xf3, 0xb, 0xa0, 0x1f, 0x50, 0xad, 0x5f, 0x20,
    0x2f, 0x50, 0x1e, 0xf9, 0x0, 0x1f, 0x50, 0x8,
    0xf6, 0x0, 0xd, 0xd5, 0x8f, 0xce, 0x10, 0x2,
    0xcf, 0xd5, 0xd, 0xb0,

    /* U+0027 "'" */
    0x1f, 0x71, 0xf7, 0xf, 0x70, 0xf6, 0xb, 0x40,

    /* U+0028 "(" */
    0x0, 0x0, 0x14, 0x0, 0x6, 0xfb, 0x0, 0x8f,
    0x60, 0x3, 0xf6, 0x0, 0xa, 0xd0, 0x0, 0xe,
    0x80, 0x0, 0xf, 0x60, 0x0, 0xf, 0x60, 0x0,
    0xf, 0x60, 0x0, 0xf, 0x60, 0x0, 0xf, 0x70,
    0x0, 0xc, 0xb0, 0x0, 0x7, 0xf2, 0x0, 0x0,
    0xdd, 0x10, 0x0, 0x2d, 0xf7, 0x0, 0x0, 0x79,

    /* U+0029 ")" */
    0x14, 0x0, 0x0, 0x2f, 0xc2, 0x0, 0x1, 0xbe,
    0x20, 0x0, 0xc, 0xc0, 0x0, 0x3, 0xf3, 0x0,
    0x0, 0xe8, 0x0, 0x0, 0xd9, 0x0, 0x0, 0xca,
    0x0, 0x0, 0xca, 0x0, 0x0, 0xca, 0x0, 0x0,
    0xd9, 0x0, 0x1, 0xf6, 0x0, 0x8, 0xf1, 0x0,
    0x5f, 0x70, 0x1b, 0xf9, 0x0, 0x2b, 0x40, 0x0,

    /* U+002A "*" */
    0x0, 0x0, 0xe8, 0x0, 0x0, 0x0, 0x0, 0xe7,
    0x0, 0x0, 0x19, 0x30, 0xc6, 0x5, 0x70, 0x3e,
    0xfb, 0xb8, 0xef, 0xc0, 0x0, 0x47, 0xfc, 0x62,
    0x0, 0x0, 0xb, 0x9e, 0x50, 0x0, 0x0, 0x9f,
    0x18, 0xf2, 0x0, 0x1, 0xe7, 0x0, 0xd9, 0x0,
    0x0, 0x10, 0x0, 0x10, 0x0,

    /* U+002B "+" */
    0x0, 0xe, 0x80, 0x0, 0x0, 0xe, 0x80, 0x0,
    0x0, 0xe, 0x80, 0x0, 0xff, 0xff, 0xff, 0xf9,
    0x33, 0x3e, 0x93, 0x32, 0x0, 0xe, 0x80, 0x0,
    0x0, 0xe, 0x80, 0x0, 0x0, 0x8, 0x40, 0x0,

    /* U+002C "," */
    0x3, 0xfc, 0x7, 0xf6, 0xb, 0xe0, 0xf, 0x80,
    0x3f, 0x20,

    /* U+002D "-" */
    0x0, 0x0, 0x0, 0xcf, 0xff, 0xf5, 0x23, 0x33,
    0x31,

    /* U+002E "." */
    0x19, 0x60, 0x7f, 0xf1, 0x3e, 0xc0,

    /* U+002F "/" */
    0x0, 0x0, 0x5, 0xf3, 0x0, 0x0, 0xb, 0xd0,
    0x0, 0x0, 0x1f, 0x70, 0x0, 0x0, 0x7f, 0x10,
    0x0, 0x0, 0xdb, 0x0, 0x0, 0x3, 0xf5, 0x0,
    0x0, 0x9, 0xe0, 0x0, 0x0, 0xe, 0x80, 0x0,
    0x0, 0x5f, 0x20, 0x0, 0x0, 0xbc, 0x0, 0x0,
    0x1, 0xf6, 0x0, 0x0, 0x7, 0xf1, 0x0, 0x0,
    0xd, 0xa0, 0x0, 0x0, 0x3f, 0x40, 0x0, 0x0,
    0x9e, 0x0, 0x0, 0x0,

    /* U+0030 "0" */
    0x4, 0xcf, 0xe9, 0x10, 0x3f, 0xb4, 0x6e, 0xc0,
    0x9e, 0x0, 0x4, 0xf2, 0xbb, 0x0, 0x1, 0xf4,
    0xba, 0x0, 0x1, 0xf5, 0xba, 0xe, 0x91, 0xf5,
    0xba, 0xd, 0x81, 0xf5, 0xba, 0x0, 0x1, 0xf5,
    0xba, 0x0, 0x1, 0xf4, 0x9d, 0x0, 0x4, 0xf2,
    0x3f, 0xb4, 0x6e, 0xc0, 0x4, 0xcf, 0xe9, 0x10,

    /* U+0031 "1" */
    0x0, 0x8f, 0xf0, 0x0, 0x1c, 0xfa, 0xf0, 0x0,
    0x8d, 0x26, 0xf0, 0x0, 0x40, 0x6, 0xf0, 0x0,
    0x0, 0x6, 0xf0, 0x0, 0x0, 0x6, 0xf0, 0x0,
    0x0, 0x6, 0xf0, 0x0, 0x0, 0x6, 0xf0, 0x0,
    0x0, 0x6, 0xf0, 0x0, 0x0, 0x6, 0xf0, 0x0,
    0x25, 0x59, 0xf5, 0x53, 0x9f, 0xff, 0xff, 0xfa,

    /* U+0032 "2" */
    0x4, 0xcf, 0xe9, 0x0, 0x3f, 0xb5, 0x7f, 0xb0,
    0xad, 0x0, 0x6, 0xf1, 0x64, 0x0, 0x4, 0xf2,
    0x0, 0x0, 0x7, 0xf0, 0x0, 0x0, 0x1e, 0x90,
    0x0, 0x0, 0xce, 0x10, 0x0, 0xb, 0xe2, 0x0,
    0x0, 0xaf, 0x30, 0x0, 0x9, 0xf4, 0x0, 0x0,
    0x6f, 0x95, 0x55, 0x52, 0x8f, 0xff, 0xff, 0xf6,

    /* U+0033 "3" */
    0x6f, 0xff, 0xff, 0xc0, 0x25, 0x55, 0x6f, 0x90,
    0x0, 0x2, 0xd8, 0x0, 0x0, 0x3e, 0x60, 0x0,
    0x0, 0x9f, 0xe8, 0x0, 0x0, 0x23, 0x7f, 0x80,
    0x0, 0x0, 0x7, 0xf0, 0x0, 0x0, 0x4, 0xf2,
    0x75, 0x0, 0x4, 0xf2, 0xbc, 0x0, 0x8, 0xf0,
    0x4f, 0xa5, 0x7f, 0x80, 0x5, 0xdf, 0xe8, 0x0,

    /* U+0034 "4" */
    0x0, 0x0, 0x6f, 0x20, 0x0, 0x2f, 0x70, 0x0,
    0xb, 0xd0, 0x0, 0x6, 0xf3, 0x0, 0x1, 0xf8,
    0x0, 0x0, 0xbd, 0x0, 0x5c, 0x5f, 0x40, 0x7,
    0xfb, 0xc1, 0x11, 0x7f, 0xbf, 0xff, 0xff, 0xf2,
    0x44, 0x44, 0x9f, 0x0, 0x0, 0x7, 0xf0, 0x0,
    0x0, 0x7f,

    /* U+0035 "5" */
    0x5f, 0xff, 0xff, 0xd0, 0x5f, 0x55, 0x55, 0x40,
    0x5f, 0x0, 0x0, 0x0, 0x5f, 0x0, 0x0, 0x0,
    0x6f, 0x7e, 0xfb, 0x20, 0x6f, 0xd4, 0x5e, 0xc0,
    0x27, 0x10, 0x5, 0xf1, 0x0, 0x0, 0x3, 0xf3,
    0x0, 0x0, 0x3, 0xf3, 0x6b, 0x0, 0x6, 0xf1,
    0x2f, 0xa5, 0x6e, 0xb0, 0x4, 0xcf, 0xe9, 0x0,

    /* U+0036 "6" */
    0x0, 0x4, 0xf5, 0x0, 0x0, 0xd, 0xc0, 0x0,
    0x0, 0x8f, 0x30, 0x0, 0x2, 0xfa, 0x0, 0x0,
    0xb, 0xf1, 0x0, 0x0, 0x4f, 0xbc, 0xfc, 0x30,
    0xaf, 0x93, 0x4d, 0xe1, 0xdc, 0x0, 0x2, 0xf6,
    0xd9, 0x0, 0x0, 0xf7, 0xbc, 0x0, 0x3, 0xf5,
    0x3f, 0xb5, 0x6e, 0xd0, 0x4, 0xcf, 0xea, 0x10,

    /* U+0037 "7" */
    0xbf, 0xff, 0xff, 0xf9, 0xbc, 0x55, 0x55, 0xf7,
    0xbb, 0x0, 0x5, 0xf2, 0x11, 0x0, 0xb, 0xc0,
    0x0, 0x0, 0x1f, 0x60, 0x0, 0x0, 0x8f, 0x0,
    0x0, 0x0, 0xe9, 0x0, 0x0, 0x4, 0xf3, 0x0,
    0x0, 0xa, 0xd0, 0x0, 0x0, 0x1f, 0x70, 0x0,
    0x0, 0x7f, 0x10, 0x0, 0x0, 0xdb, 0x0, 0x0,

    /* U+0038 "8" */
    0x4, 0xcf, 0xe9, 0x10, 0x2f, 0xb5, 0x7e, 0xb0,
    0x6f, 0x0, 0x6, 0xf0, 0x6f, 0x0, 0x7, 0xf0,
    0xe, 0xa0, 0x3e, 0x80, 0x1, 0xdf, 0xf7, 0x0,
    0x7, 0xfc, 0xdd, 0x30, 0x5f, 0x30, 0x9, 0xe0,
    0xab, 0x0, 0x2, 0xf3, 0xad, 0x0, 0x3, 0xf3,
    0x4f, 0xa5, 0x6d, 0xd0, 0x5, 0xcf, 0xea, 0x10,

    /* U+0039 "9" */
    0x4, 0xcf, 0xe9, 0x10, 0x4f, 0xb5, 0x6e, 0xc0,
    0xbd, 0x0, 0x3, 0xf4, 0xe9, 0x0, 0x0, 0xf7,
    0xcb, 0x0, 0x1, 0xf6, 0x7f, 0x60, 0x1b, 0xf3,
    0xa, 0xff, 0xde, 0xd0, 0x0, 0x11, 0x6f, 0x50,
    0x0, 0x1, 0xeb, 0x0, 0x0, 0x9, 0xf2, 0x0,
    0x0, 0x2f, 0x80, 0x0, 0x0, 0xbd, 0x0, 0x0,

    /* U+003A ":" */
    0x4e, 0xc0, 0x7f, 0xf0, 0x5, 0x30, 0x0, 0x0,
    0x0, 0x0, 0x0, 0x0, 0x5, 0x30, 0x7f, 0xf0,
    0x4e, 0xc0,

    /* U+003B ";" */
    0x4, 0xfc, 0x0, 0x7f, 0xf1, 0x0, 0x53, 0x0,
    0x0, 0x0, 0x0, 0x0, 0x0, 0x0, 0x0, 0x0,
    0x33, 0x0, 0x2f, 0xc0, 0x6, 0xf6, 0x0, 0xaf,
    0x0, 0xe, 0x90, 0x2, 0xf3, 0x0,

    /* U+003C "<" */
    0x0, 0x0, 0x0, 0x31, 0x0, 0x0, 0x3b, 0xf3,
    0x0, 0x3a, 0xfb, 0x30, 0x2a, 0xfa, 0x30, 0x0,
    0xad, 0x20, 0x0, 0x0, 0x6f, 0xd5, 0x0, 0x0,
    0x1, 0x9f, 0xd5, 0x0, 0x0, 0x1, 0x9f, 0xd2,
    0x0, 0x0, 0x1, 0x93,

    /* U+003D "=" */
    0x0, 0x0, 0x0, 0x0, 0xaf, 0xff, 0xff, 0xf3,
    0x23, 0x33, 0x33, 0x30, 0x0, 0x0, 0x0, 0x0,
    0x0, 0x0, 0x0, 0x0, 0xaf, 0xff, 0xff, 0xf3,
    0x23, 0x33, 0x33, 0x30,

    /* U+003E ">" */
    0x40, 0x0, 0x0, 0x0, 0xae, 0x70, 0x0, 0x0,
    0x7, 0xee, 0x70, 0x0, 0x0, 0x7, 0xee, 0x70,
    0x0, 0x0, 0x7, 0xf3, 0x0, 0x0, 0x7e, 0xd2,
    0x1, 0x7e, 0xd5, 0x0, 0x6f, 0xd6, 0x0, 0x0,
    0x86, 0x0, 0x0, 0x0,

    /* U+003F "?" */
    0xdf, 0xfc, 0x40, 0x45, 0x6c, 0xf3, 0x0, 0x0,
    0xda, 0x0, 0x0, 0xac, 0x0, 0x0, 0xcb, 0x0,
    0x7, 0xf6, 0xa, 0xff, 0x90, 0xa, 0xd1, 0x0,
    0x7, 0x90, 0x0, 0x0, 0x0, 0x0, 0xc, 0xd1,
    0x0, 0xe, 0xe2, 0x0,

    /* U+0040 "@" */
    0x0, 0x3b, 0xef, 0xb3, 0x0, 0x4f, 0x93, 0x28,
    0xf3, 0xd, 0x90, 0x0, 0x9, 0xb2, 0xf2, 0x0,
    0x0, 0x5e, 0x4f, 0x0, 0x5d, 0xc7, 0xf4, 0xf0,
    0xf, 0x82, 0xaf, 0x4f, 0x2, 0xf2, 0x5, 0xf4,
    0xf0, 0x2f, 0x20, 0x5f, 0x4f, 0x2, 0xf2, 0x5,
    0xf4, 0xf0, 0xf, 0x60, 0xaf, 0x4f, 0x0, 0x5d,
    0xc6, 0xe2, 0xf3, 0x0, 0x0, 0x0, 0xd, 0xa0,
    0x0, 0x0, 0x0, 0x3f, 0xb5, 0x31, 0x0, 0x0,
    0x3a, 0xef, 0x50, 0x0,

    /* U+0041 "A" */
    0x0, 0x4, 0xfe, 0x0, 0x0, 0x0, 0x8e, 0xf2,
    0x0, 0x0, 0xc, 0x9f, 0x60, 0x0, 0x0, 0xf5,
    0xca, 0x0, 0x0, 0x4f, 0x18, 0xe0, 0x0, 0x8,
    0xe0, 0x4f, 0x20, 0x0, 0xca, 0x1, 0xf6, 0x0,
    0x1f, 0x70, 0xd, 0xa0, 0x5, 0xff, 0xff, 0xfe,
    0x0, 0x9f, 0x33, 0x37, 0xf2, 0xd, 0xa0, 0x0,
    0x1f, 0x61, 0xf6, 0x0, 0x0, 0xca,

    /* U+0042 "B" */
    0x8f, 0xff, 0xea, 0x10, 0x8e, 0x44, 0x6e, 0xc0,
    0x8e, 0x0, 0x5, 0xf1, 0x8e, 0x0, 0x4, 0xf2,
    0x8e, 0x0, 0x2c, 0xc0, 0x8f, 0xff, 0xfe, 0x10,
    0x8e, 0x33, 0x5d, 0xc0, 0x8e, 0x0, 0x2, 0xf5,
    0x8e, 0x0, 0x0, 0xf7, 0x8e, 0x0, 0x2, 0xf5,
    0x8e, 0x44, 0x6d, 0xe0, 0x8f, 0xff, 0xfb, 0x20,

    /* U+0043 "C" */
    0x3, 0xcf, 0xea, 0x10, 0x2f, 0xc5, 0x6e, 0xc0,
    0x7f, 0x0, 0x5, 0xf2, 0x9d, 0x0, 0x1, 0x51,
    0x9d, 0x0, 0x0, 0x0, 0x9d, 0x0, 0x0, 0x0,
    0x9d, 0x0, 0x0, 0x0, 0x9d, 0x0, 0x0, 0x0,
    0x9d, 0x0, 0x1, 0x51, 0x7f, 0x0, 0x5, 0xf2,
    0x2f, 0xc5, 0x6e, 0xc0, 0x3, 0xcf, 0xea, 0x10,

    /* U+0044 "D" */
    0x8f, 0xff, 0xd7, 0x0, 0x8e, 0x44, 0x8f, 0x90,
    0x8e, 0x0, 0x8, 0xf0, 0x8e, 0x0, 0x4, 0xf2,
    0x8e, 0x0, 0x4, 0xf3, 0x8e, 0x0, 0x4, 0xf3,
    0x8e, 0x0, 0x4, 0xf3, 0x8e, 0x0, 0x4, 0xf3,
    0x8e, 0x0, 0x4, 0xf2, 0x8e, 0x0, 0x8, 0xf0,
    0x8e, 0x44, 0x8f, 0x90, 0x8f, 0xff, 0xd7, 0x0,

    /* U+0045 "E" */
    0x6f, 0xff, 0xff, 0xf5, 0x6f, 0x55, 0x55, 0x51,
    0x6f, 0x0, 0x0, 0x0, 0x6f, 0x0, 0x0, 0x0,
    0x6f, 0x10, 0x0, 0x0, 0x6f, 0xff, 0xff, 0xc0,
    0x6f, 0x43, 0x33, 0x20, 0x6f, 0x0, 0x0, 0x0,
    0x6f, 0x0, 0x0, 0x0, 0x6f, 0x0, 0x0, 0x0,
    0x6f, 0x55, 0x55, 0x51, 0x6f, 0xff, 0xff, 0xf5,

    /* U+0046 "F" */
    0x7f, 0xff, 0xff, 0xf6, 0x7f, 0x55, 0x55, 0x52,
    0x7e, 0x0, 0x0, 0x0, 0x7e, 0x0, 0x0, 0x0,
    0x7e, 0x0, 0x0, 0x0, 0x7e, 0x11, 0x11, 0x0,
    0x7f, 0xff, 0xff, 0xf0, 0x7f, 0x44, 0x44, 0x30,
    0x7f, 0x0, 0x0, 0x0, 0x7f, 0x0, 0x0, 0x0,
    0x7f, 0x0, 0x0, 0x0, 0x7f, 0x0, 0x0, 0x0,

    /* U+0047 "G" */
    0x3, 0xcf, 0xea, 0x10, 0x2f, 0xc5, 0x7e, 0xc0,
    0x7f, 0x0, 0x5, 0xf2, 0x9d, 0x0, 0x1, 0x61,
    0x9d, 0x0, 0x0, 0x0, 0x9d, 0x0, 0x11, 0x10,
    0x9d, 0x8, 0xff, 0xf4, 0x9d, 0x2, 0x45, 0xf4,
    0x9d, 0x0, 0x2, 0xf4, 0x7f, 0x0, 0x5, 0xf2,
    0x2f, 0xc5, 0x6e, 0xc0, 0x3, 0xcf, 0xea, 0x10,

    /* U+0048 "H" */
    0x8e, 0x0, 0x5, 0xf1, 0x8e, 0x0, 0x5, 0xf1,
    0x8e, 0x0, 0x5, 0xf1, 0x8e, 0x0, 0x5, 0xf1,
    0x8e, 0x11, 0x15, 0xf1, 0x8f, 0xff, 0xff, 0xf1,
    0x8f, 0x44, 0x47, 0xf1, 0x8e, 0x0, 0x5, 0xf1,
    0x8e, 0x0, 0x5, 0xf1, 0x8e, 0x0, 0x5, 0xf1,
    0x8e, 0x0, 0x5, 0xf1, 0x8e, 0x0, 0x5, 0xf1,

    /* U+0049 "I" */
    0x5f, 0xff, 0xff, 0xe1, 0x55, 0xfa, 0x54, 0x0,
    0xf, 0x80, 0x0, 0x0, 0xf8, 0x0, 0x0, 0xf,
    0x80, 0x0, 0x0, 0xf8, 0x0, 0x0, 0xf, 0x80,
    0x0, 0x0, 0xf8, 0x0, 0x0, 0xf, 0x80, 0x0,
    0x0, 0xf8, 0x0, 0x15, 0x5f, 0xa5, 0x45, 0xff,
    0xff, 0xfe,

    /* U+004A "J" */
    0x0, 0x5, 0xff, 0xfe, 0x0, 0x1, 0x55, 0xae,
    0x0, 0x0, 0x0, 0x8e, 0x0, 0x0, 0x0, 0x8e,
    0x0, 0x0, 0x0, 0x8e, 0x0, 0x0, 0x0, 0x8e,
    0x0, 0x0, 0x0, 0x8e, 0x0, 0x0, 0x0, 0x8e,
    0x29, 0x10, 0x0, 0x8e, 0x1f, 0x60, 0x0, 0xcb,
    0xa, 0xe7, 0x5a, 0xf4, 0x0, 0x8d, 0xfc, 0x50,

    /* U+004B "K" */
    0x8e, 0x0, 0x1, 0xf8, 0x8e, 0x0, 0x8, 0xf1,
    0x8e, 0x0, 0x1f, 0x70, 0x8e, 0x0, 0x9e, 0x0,
    0x8e, 0x2, 0xf7, 0x0, 0x8f, 0xff, 0xf0, 0x0,
    0x8e, 0x36, 0xf5, 0x0, 0x8e, 0x0, 0xcd, 0x0,
    0x8e, 0x0, 0x5f, 0x40, 0x8e, 0x0, 0xd, 0xc0,
    0x8e, 0x0, 0x6, 0xf3, 0x8e, 0x0, 0x0, 0xeb,

    /* U+004C "L" */
    0x2f, 0x40, 0x0, 0x0, 0x2f, 0x40, 0x0, 0x0,
    0x2f, 0x40, 0x0, 0x0, 0x2f, 0x40, 0x0, 0x0,
    0x2f, 0x40, 0x0, 0x0, 0x2f, 0x40, 0x0, 0x0,
    0x2f, 0x40, 0x0, 0x0, 0x2f, 0x40, 0x0, 0x0,
    0x2f, 0x40, 0x0, 0x0, 0x2f, 0x40, 0x0, 0x0,
    0x2f, 0x85, 0x55, 0x52, 0x2f, 0xff, 0xff, 0xf9,

    /* U+004D "M" */
    0xcf, 0x40, 0xa, 0xf6, 0xcd, 0x90, 0xe, 0xd6,
    0xc9, 0xe0, 0x4e, 0xb6, 0xc7, 0xf3, 0x89, 0xc6,
    0xc7, 0xa8, 0xd4, 0xd6, 0xc8, 0x5d, 0xf0, 0xf6,
    0xc9, 0xb, 0x80, 0xf6, 0xc9, 0x0, 0x0, 0xf6,
    0xca, 0x0, 0x0, 0xf6, 0xca, 0x0, 0x0, 0xf6,
    0xca, 0x0, 0x0, 0xf6, 0xca, 0x0, 0x0, 0xf6,

    /* U+004E "N" */
    0x9f, 0x80, 0x3, 0xf2, 0x9f, 0xd0, 0x3, 0xf2,
    0x9c, 0xf3, 0x3, 0xf2, 0x9c, 0xb9, 0x3, 0xf2,
    0x9c, 0x5e, 0x3, 0xf2, 0x9d, 0xf, 0x43, 0xf2,
    0x9d, 0xa, 0x93, 0xf2, 0x9d, 0x5, 0xe4, 0xf2,
    0x9d, 0x0, 0xf7, 0xf2, 0x9d, 0x0, 0xac, 0xf2,
    0x9d, 0x0, 0x4f, 0xf2, 0x9d, 0x0, 0xe, 0xf2,

    /* U+004F "O" */
    0x3, 0xcf, 0xe9, 0x0, 0x2f, 0xc5, 0x7f, 0xb0,
    0x7f, 0x0, 0x6, 0xf1, 0x9d, 0x0, 0x4, 0xf2,
    0x9d, 0x0, 0x4, 0xf3, 0x9d, 0x0, 0x4, 0xf3,
    0x9d, 0x0, 0x4, 0xf3, 0x9d, 0x0, 0x4, 0xf3,
    0x9d, 0x0, 0x4, 0xf2, 0x7f, 0x0, 0x6, 0xf1,
    0x2f, 0xb5, 0x7e, 0xb0, 0x4, 0xcf, 0xe9, 0x10,

    /* U+0050 "P" */
    0x8f, 0xff, 0xfc, 0x40, 0x8e, 0x44, 0x5c, 0xf3,
    0x8e, 0x0, 0x0, 0xea, 0x8e, 0x0, 0x0, 0xbc,
    0x8e, 0x0, 0x0, 0xda, 0x8e, 0x0, 0x18, 0xf5,
    0x8f, 0xff, 0xff, 0x70, 0x8e, 0x33, 0x30, 0x0,
    0x8e, 0x0, 0x0, 0x0, 0x8e, 0x0, 0x0, 0x0,
    0x8e, 0x0, 0x0, 0x0, 0x8e, 0x0, 0x0, 0x0,

    /* U+0051 "Q" */
    0x4, 0xcf, 0xe9, 0x10, 0x3f, 0xb5, 0x7e, 0xc0,
    0x9e, 0x0, 0x5, 0xf2, 0xbb, 0x0, 0x2, 0xf4,
    0xbb, 0x0, 0x2, 0xf5, 0xbb, 0x0, 0x2, 0xf5,
    0xbb, 0x0, 0x2, 0xf5, 0xbb, 0x0, 0x2, 0xf5,
    0xbb, 0x0, 0x2, 0xf4, 0x9e, 0x0, 0x5, 0xf2,
    0x3f, 0xb5, 0x6e, 0xb0, 0x4, 0xcf, 0xfc, 0x10,
    0x0, 0x0, 0x9f, 0x10, 0x0, 0x0, 0x1f, 0x90,
    0x0, 0x0, 0x8, 0xf2,

    /* U+0052 "R" */
    0x8f, 0xff, 0xfb, 0x20, 0x8e, 0x44, 0x6d, 0xe0,
    0x8e, 0x0, 0x2, 0xf6, 0x8e, 0x0, 0x0, 0xf8,
    0x8e, 0x0, 0x1, 0xf7, 0x8e, 0x0, 0x2b, 0xf1,
    0x8f, 0xff, 0xfe, 0x40, 0x8e, 0x34, 0xf7, 0x0,
    0x8e, 0x0, 0x9e, 0x0, 0x8e, 0x0, 0x2f, 0x70,
    0x8e, 0x0, 0xa, 0xe0, 0x8e, 0x0, 0x3, 0xf7,

    /* U+0053 "S" */
    0x3, 0xbf, 0xea, 0x10, 0x1f, 0xc5, 0x6e, 0xc0,
    0x7f, 0x0, 0x4, 0xf2, 0x7f, 0x0, 0x0, 0x20,
    0x3f, 0x90, 0x0, 0x0, 0x7, 0xff, 0xa4, 0x0,
    0x0, 0x28, 0xdf, 0x80, 0x0, 0x0, 0x8, 0xf2,
    0x21, 0x0, 0x0, 0xf6, 0xbc, 0x0, 0x2, 0xf5,
    0x5f, 0xa5, 0x6d, 0xe0, 0x5, 0xcf, 0xea, 0x20,

    /* U+0054 "T" */
    0x2f, 0xff, 0xff, 0xff, 0xb0, 0x55, 0x5f, 0xa5,
    0x53, 0x0, 0x0, 0xe8, 0x0, 0x0, 0x0, 0xe,
    0x80, 0x0, 0x0, 0x0, 0xe8, 0x0, 0x0, 0x0,
    0xe, 0x80, 0x0, 0x0, 0x0, 0xe8, 0x0, 0x0,
    0x0, 0xe, 0x80, 0x0, 0x0, 0x0, 0xe8, 0x0,
    0x0, 0x0, 0xe, 0x80, 0x0, 0x0, 0x0, 0xe8,
    0x0, 0x0, 0x0, 0xe, 0x80, 0x0,

    /* U+0055 "U" */
    0x9e, 0x0, 0x4, 0xf2, 0x9e, 0x0, 0x4, 0xf2,
    0x9e, 0x0, 0x4, 0xf2, 0x9e, 0x0, 0x4, 0xf2,
    0x9e, 0x0, 0x4, 0xf2, 0x9e, 0x0, 0x4, 0xf2,
    0x9e, 0x0, 0x4, 0xf2, 0x9e, 0x0, 0x4, 0xf2,
    0x8e, 0x0, 0x4, 0xf2, 0x6f, 0x10, 0x7, 0xf0,
    0x1f, 0xb5, 0x6e, 0xa0, 0x3, 0xcf, 0xe9, 0x0,

    /* U+0056 "V" */
    0x1f, 0x60, 0x0, 0xc, 0xa0, 0xda, 0x0, 0x0,
    0xf6, 0x9, 0xe0, 0x0, 0x4f, 0x20, 0x5f, 0x20,
    0x8, 0xe0, 0x1, 0xf6, 0x0, 0xba, 0x0, 0xd,
    0x90, 0xf, 0x60, 0x0, 0x9d, 0x3, 0xf2, 0x0,
    0x5, 0xf1, 0x7e, 0x0, 0x0, 0x1f, 0x5b, 0xa0,
    0x0, 0x0, 0xd9, 0xe6, 0x0, 0x0, 0x9, 0xdf,
    0x20, 0x0, 0x0, 0x5f, 0xe0, 0x0,

    /* U+0057 "W" */
    0x8d, 0x0, 0xfa, 0x2, 0xf2, 0x6e, 0x1, 0xeb,
    0x4, 0xf0, 0x5f, 0x3, 0xbd, 0x5, 0xe0, 0x3f,
    0x15, 0x8e, 0x7, 0xc0, 0x1f, 0x37, 0x7c, 0x19,
    0xa0, 0xf, 0x59, 0x5b, 0x3a, 0x90, 0xd, 0x6b,
    0x39, 0x4c, 0x70, 0xc, 0x8d, 0x17, 0x6e, 0x50,
    0xa, 0x9e, 0x5, 0x8f, 0x30, 0x8, 0xcd, 0x4,
    0xbf, 0x10, 0x6, 0xfb, 0x2, 0xef, 0x0, 0x4,
    0xf9, 0x0, 0xfe, 0x0,

    /* U+0058 "X" */
    0xe, 0xb0, 0x0, 0x1f, 0x80, 0x6f, 0x30, 0x9,
    0xe0, 0x0, 0xdc, 0x1, 0xf6, 0x0, 0x4, 0xf4,
    0x9d, 0x0, 0x0, 0xc, 0xcf, 0x50, 0x0, 0x0,
    0x3f, 0xc0, 0x0, 0x0, 0x5, 0xfe, 0x0, 0x0,
    0x0, 0xda, 0xf8, 0x0, 0x0, 0x6f, 0x18, 0xf1,
    0x0, 0xe, 0x80, 0x1e, 0x90, 0x8, 0xf1, 0x0,
    0x7f, 0x21, 0xf7, 0x0, 0x0, 0xea,

    /* U+0059 "Y" */
    0x3f, 0x40, 0x0, 0xa, 0xc0, 0xb, 0xc0, 0x0,
    0x2f, 0x50, 0x4, 0xf3, 0x0, 0x9d, 0x0, 0x0,
    0xcb, 0x1, 0xf6, 0x0, 0x0, 0x5f, 0x28, 0xe0,
    0x0, 0x0, 0xd, 0xae, 0x70, 0x0, 0x0, 0x6,
    0xff, 0x0, 0x0, 0x0, 0x0, 0xf9, 0x0, 0x0,
    0x0, 0x0, 0xe8, 0x0, 0x0, 0x0, 0x0, 0xe8,
    0x0, 0x0, 0x0, 0x0, 0xe8, 0x0, 0x0, 0x0,
    0x0, 0xe8, 0x0, 0x0,

    /* U+005A "Z" */
    0x9f, 0xff, 0xff, 0xf1, 0x25, 0x55, 0x5b, 0xf0,
    0x0, 0x0, 0x1f, 0x70, 0x0, 0x0, 0x9d, 0x0,
    0x0, 0x3, 0xf5, 0x0, 0x0, 0xc, 0xc0, 0x0,
    0x0, 0x5f, 0x30, 0x0, 0x0, 0xda, 0x0, 0x0,
    0x7, 0xf1, 0x0, 0x0, 0x1f, 0x70, 0x0, 0x0,
    0x8f, 0x55, 0x55, 0x51, 0xaf, 0xff, 0xff, 0xf3,

    /* U+005B "[" */
    0x0, 0x0, 0xb, 0xff, 0xf3, 0xbc, 0x33, 0xb,
    0xb0, 0x0, 0xbb, 0x0, 0xb, 0xb0, 0x0, 0xbb,
    0x0, 0xb, 0xb0, 0x0, 0xbb, 0x0, 0xb, 0xb0,
    0x0, 0xbb, 0x0, 0xb, 0xb0, 0x0, 0xbb, 0x0,
    0xb, 0xb0, 0x0, 0xbb, 0x0, 0xb, 0xff, 0xf3,
    0x23, 0x33, 0x0,

    /* U+005C "\\" */
    0x9e, 0x0, 0x0, 0x0, 0x3f, 0x40, 0x0, 0x0,
    0xd, 0xa0, 0x0, 0x0, 0x7, 0xf1, 0x0, 0x0,
    0x1, 0xf6, 0x0, 0x0, 0x0, 0xbc, 0x0, 0x0,
    0x0, 0x5f, 0x20, 0x0, 0x0, 0xe, 0x80, 0x0,
    0x0, 0x9, 0xe0, 0x0, 0x0, 0x3, 0xf5, 0x0,
    0x0, 0x0, 0xdb, 0x0, 0x0, 0x0, 0x7f, 0x10,
    0x0, 0x0, 0x1f, 0x70, 0x0, 0x0, 0xb, 0xd0,
    0x0, 0x0, 0x5, 0xf3,

    /* U+005D "]" */
    0x0, 0x0, 0x9, 0xff, 0xf5, 0x23, 0x5f, 0x50,
    0x2, 0xf5, 0x0, 0x2f, 0x50, 0x2, 0xf5, 0x0,
    0x2f, 0x50, 0x2, 0xf5, 0x0, 0x2f, 0x50, 0x2,
    0xf5, 0x0, 0x2f, 0x50, 0x2, 0xf5, 0x0, 0x2f,
    0x50, 0x2, 0xf5, 0x0, 0x2f, 0x59, 0xff, 0xf5,
    0x23, 0x33, 0x10,

    /* U+005E "^" */
    0x0, 0x7, 0x40, 0x0, 0x0, 0x4f, 0xe0, 0x0,
    0x0, 0xb7, 0xd5, 0x0, 0x2, 0xf1, 0x6c, 0x0,
    0x9, 0xa0, 0xf, 0x30, 0x1f, 0x30, 0x9, 0xa0,
    0x8c, 0x0, 0x2, 0xf1,

    /* U+005F "_" */
    0x0, 0x0, 0x0, 0x0, 0x0, 0xff, 0xff, 0xff,
    0xfa, 0x3, 0x33, 0x33, 0x33, 0x10,

    /* U+0060 "`" */
    0x7, 0x50, 0x0, 0x5f, 0x30, 0x0, 0x9d, 0x0,

    /* U+0061 "a" */
    0x3, 0xbf, 0xea, 0x10, 0x2f, 0xb5, 0x6e, 0xc0,
    0x39, 0x0, 0x6, 0xf1, 0x0, 0x0, 0x4, 0xf2,
    0x19, 0xdf, 0xff, 0xf2, 0xad, 0x32, 0x25, 0xf2,
    0xe8, 0x0, 0x5, 0xf2, 0xbe, 0x42, 0x5c, 0xf2,
    0x1a, 0xef, 0xb5, 0xf2,

    /* U+0062 "b" */
    0x8e, 0x0, 0x0, 0x0, 0x8e, 0x0, 0x0, 0x0,
    0x8e, 0x0, 0x0, 0x0, 0x8e, 0x5d, 0xfb, 0x20,
    0x8f, 0xc5, 0x6e, 0xc0, 0x8f, 0x10, 0x5, 0xf2,
    0x8e, 0x0, 0x3, 0xf3, 0x8e, 0x0, 0x3, 0xf3,
    0x8e, 0x0, 0x3, 0xf3, 0x8f, 0x10, 0x5, 0xf2,
    0x8e, 0xa4, 0x6e, 0xc0, 0x8e, 0x4d, 0xfb, 0x20,

    /* U+0063 "c" */
    0x4, 0xcf, 0xea, 0x10, 0x2f, 0xb5, 0x6e, 0xc0,
    0x8e, 0x0, 0x4, 0xf2, 0xac, 0x0, 0x0, 0x0,
    0xac, 0x0, 0x0, 0x0, 0xac, 0x0, 0x0, 0x0,
    0x8f, 0x0, 0x4, 0xf2, 0x2f, 0xb5, 0x6e, 0xc0,
    0x4, 0xcf, 0xea, 0x10,

    /* U+0064 "d" */
    0x0, 0x0, 0x5, 0xf2, 0x0, 0x0, 0x5, 0xf2,
    0x0, 0x0, 0x4, 0xf2, 0x5, 0xdf, 0xb6, 0xf2,
    0x3f, 0xb4, 0x6e, 0xf2, 0x8e, 0x0, 0x7, 0xf2,
    0xac, 0x0, 0x5, 0xf2, 0xac, 0x0, 0x5, 0xf2,
    0xac, 0x0, 0x5, 0xf2, 0x8e, 0x0, 0x8, 0xf2,
    0x3f, 0xb4, 0x6c, 0xf2, 0x5, 0xdf, 0xa5, 0xf2,

    /* U+0065 "e" */
    0x4, 0xcf, 0xe9, 0x0, 0x2f, 0xa4, 0x5e, 0xa0,
    0x8e, 0x0, 0x5, 0xf1, 0xac, 0x0, 0x3, 0xf3,
    0xaf, 0xff, 0xff, 0xf3, 0xac, 0x22, 0x22, 0x20,
    0x8e, 0x0, 0x1, 0x40, 0x2f, 0x94, 0x4c, 0xd0,
    0x4, 0xcf, 0xea, 0x20,

    /* U+0066 "f" */
    0x0, 0x0, 0x8e, 0xff, 0x90, 0x0, 0x4f, 0x85,
    0x52, 0x0, 0x7, 0xf0, 0x0, 0x0, 0x11, 0x8f,
    0x11, 0x10, 0xf, 0xff, 0xff, 0xff, 0x90, 0x44,
    0x9f, 0x44, 0x42, 0x0, 0x7, 0xf0, 0x0, 0x0,
    0x0, 0x7f, 0x0, 0x0, 0x0, 0x7, 0xf0, 0x0,
    0x0, 0x0, 0x7f, 0x0, 0x0, 0x0, 0x7, 0xf0,
    0x0, 0x0, 0x0, 0x7f, 0x0, 0x0,

    /* U+0067 "g" */
    0x5, 0xdf, 0xb6, 0xf1, 0x3f, 0xb4, 0x6c, 0xf1,
    0x7f, 0x0, 0x8, 0xf1, 0x9d, 0x0, 0x5, 0xf1,
    0x9d, 0x0, 0x5, 0xf1, 0x8e, 0x0, 0x6, 0xf1,
    0x4f, 0x81, 0x3d, 0xf1, 0x8, 0xff, 0xf9, 0xf1,
    0x0, 0x12, 0x5, 0xf1, 0x0, 0x0, 0x5, 0xf1,
    0x2, 0x55, 0x5c, 0xd0, 0x6, 0xff, 0xfc, 0x20,

    /* U+0068 "h" */
    0x8e, 0x0, 0x0, 0x0, 0x8e, 0x0, 0x0, 0x0,
    0x8e, 0x0, 0x0, 0x0, 0x8e, 0x5d, 0xfb, 0x10,
    0x8e, 0xb4, 0x5e, 0xc0, 0x8f, 0x10, 0x6, 0xf1,
    0x8e, 0x0, 0x4, 0xf2, 0x8e, 0x0, 0x4, 0xf2,
    0x8e, 0x0, 0x4, 0xf2, 0x8e, 0x0, 0x4, 0xf2,
    0x8e, 0x0, 0x4, 0xf2, 0x8e, 0x0, 0x4, 0xf2,

    /* U+0069 "i" */
    0x0, 0xd, 0xd0, 0x0, 0x0, 0xe, 0xe1, 0x0,
    0x0, 0x0, 0x0, 0x0, 0x0, 0x0, 0x0, 0x0,
    0x3f, 0xff, 0xe0, 0x0, 0x15, 0x5a, 0xe0, 0x0,
    0x0, 0x8, 0xe0, 0x0, 0x0, 0x8, 0xe0, 0x0,
    0x0, 0x8, 0xe0, 0x0, 0x0, 0x8, 0xe0, 0x0,
    0x0, 0x8, 0xe0, 0x0, 0x35, 0x5a, 0xf5, 0x54,
    0xaf, 0xff, 0xff, 0xfe,

    /* U+006A "j" */
    0x0, 0x0, 0xbe, 0x20, 0x0, 0xc, 0xf2, 0x0,
    0x0, 0x0, 0x0, 0x0, 0x0, 0x0, 0x2f, 0xff,
    0xff, 0x0, 0x55, 0x5a, 0xf0, 0x0, 0x0, 0x7f,
    0x0, 0x0, 0x7, 0xf0, 0x0, 0x0, 0x7f, 0x0,
    0x0, 0x7, 0xf0, 0x0, 0x0, 0x7f, 0x0, 0x0,
    0x7, 0xf0, 0x0, 0x0, 0x8e, 0x0, 0x0, 0xb,
    0xc0, 0x35, 0x59, 0xf5, 0xa, 0xff, 0xd6, 0x0,

    /* U+006B "k" */
    0x7f, 0x0, 0x0, 0x0, 0x7f, 0x0, 0x0, 0x0,
    0x7f, 0x0, 0x0, 0x0, 0x7f, 0x0, 0x2, 0xf8,
    0x7f, 0x0, 0xb, 0xd0, 0x7f, 0x0, 0x6f, 0x30,
    0x7f, 0x1, 0xf9, 0x0, 0x7f, 0xff, 0xf1, 0x0,
    0x7f, 0x34, 0xf8, 0x0, 0x7f, 0x0, 0x7f, 0x30,
    0x7f, 0x0, 0xc, 0xd0, 0x7f, 0x0, 0x2, 0xf9,

    /* U+006C "l" */
    0x8f, 0xff, 0xe0, 0x0, 0x2, 0x55, 0xbe, 0x0,
    0x0, 0x0, 0x9, 0xe0, 0x0, 0x0, 0x0, 0x9e,
    0x0, 0x0, 0x0, 0x9, 0xe0, 0x0, 0x0, 0x0,
    0x9e, 0x0, 0x0, 0x0, 0x9, 0xe0, 0x0, 0x0,
    0x0, 0x9e, 0x0, 0x0, 0x0, 0x9, 0xe0, 0x0,
    0x0, 0x0, 0x8e, 0x0, 0x0, 0x0, 0x5, 0xf7,
    0x55, 0x30, 0x0, 0x8, 0xef, 0xfc,

    /* U+006D "m" */
    0xf8, 0xec, 0x4e, 0xc1, 0xf9, 0xe, 0xb0, 0xf6,
    0xf6, 0xc, 0x60, 0xc8, 0xf6, 0xc, 0x60, 0xc8,
    0xf6, 0xc, 0x60, 0xc8, 0xf6, 0xc, 0x60, 0xc8,
    0xf6, 0xc, 0x60, 0xc8, 0xf6, 0xc, 0x60, 0xc8,
    0xf6, 0xc, 0x60, 0xc8,

    /* U+006E "n" */
    0x8e, 0x5e, 0xfb, 0x10, 0x8f, 0xa2, 0x3d, 0xc0,
    0x8f, 0x0, 0x6, 0xf1, 0x8e, 0x0, 0x4, 0xf2,
    0x8e, 0x0, 0x4, 0xf2, 0x8e, 0x0, 0x4, 0xf2,
    0x8e, 0x0, 0x4, 0xf2, 0x8e, 0x0, 0x4, 0xf2,
    0x8e, 0x0, 0x4, 0xf2,

    /* U+006F "o" */
    0x4, 0xcf, 0xea, 0x10, 0x2f, 0xb5, 0x6e, 0xb0,
    0x8e, 0x0, 0x6, 0xf2, 0xac, 0x0, 0x3, 0xf3,
    0xac, 0x0, 0x3, 0xf3, 0xac, 0x0, 0x3, 0xf3,
    0x8e, 0x0, 0x6, 0xf1, 0x2f, 0xb5, 0x6e, 0xb0,
    0x4, 0xcf, 0xea, 0x10,

    /* U+0070 "p" */
    0x8e, 0x4d, 0xfb, 0x20, 0x8e, 0x92, 0x3d, 0xc0,
    0x8f, 0x10, 0x5, 0xf2, 0x8e, 0x0, 0x3, 0xf3,
    0x8e, 0x0, 0x3, 0xf3, 0x8e, 0x0, 0x3, 0xf3,
    0x8f, 0x10, 0x5, 0xf2, 0x8f, 0xc5, 0x6e, 0xd0,
    0x8e, 0x5d, 0xfc, 0x20, 0x8e, 0x0, 0x0, 0x0,
    0x8e, 0x0, 0x0, 0x0, 0x8e, 0x0, 0x0, 0x0,

    /* U+0071 "q" */
    0x5, 0xdf, 0xa5, 0xf2, 0x2f, 0xb4, 0x6c, 0xf2,
    0x7f, 0x0, 0x8, 0xf2, 0x9d, 0x0, 0x5, 0xf2,
    0x9d, 0x0, 0x5, 0xf2, 0x9d, 0x0, 0x5, 0xf2,
    0x7f, 0x0, 0x7, 0xf2, 0x3f, 0xb4, 0x6e, 0xf2,
    0x5, 0xdf, 0xb6, 0xf2, 0x0, 0x0, 0x4, 0xf2,
    0x0, 0x0, 0x5, 0xf2, 0x0, 0x0, 0x5, 0xf2,

    /* U+0072 "r" */
    0x3f, 0x5c, 0xfc, 0x40, 0x3f, 0xd3, 0x19, 0xf2,
    0x3f, 0x60, 0x0, 0xf7, 0x3f, 0x30, 0x0, 0x95,
    0x3f, 0x30, 0x0, 0x0, 0x3f, 0x30, 0x0, 0x0,
    0x3f, 0x30, 0x0, 0x0, 0x3f, 0x30, 0x0, 0x0,
    0x3f, 0x30, 0x0, 0x0,

    /* U+0073 "s" */
    0x5, 0xdf, 0xfc, 0x30, 0x2f, 0xa4, 0x5b, 0xe0,
    0x5f, 0x20, 0x0, 0x30, 0x2f, 0xb5, 0x20, 0x0,
    0x4, 0xcf, 0xfe, 0x60, 0x0, 0x0, 0x2a, 0xf2,
    0x24, 0x0, 0x2, 0xf4, 0x5f, 0x84, 0x5b, 0xf1,
    0x6, 0xdf, 0xfc, 0x40,

    /* U+0074 "t" */
    0x0, 0x5, 0x60, 0x0, 0x0, 0x0, 0xac, 0x0,
    0x0, 0x0, 0xa, 0xc0, 0x0, 0x2, 0xff, 0xff,
    0xff, 0xf5, 0x5, 0x5c, 0xd5, 0x55, 0x10, 0x0,
    0xac, 0x0, 0x0, 0x0, 0xa, 0xc0, 0x0, 0x0,
    0x0, 0xac, 0x0, 0x0, 0x0, 0xa, 0xc0, 0x0,
    0x0, 0x0, 0xac, 0x0, 0x0, 0x0, 0x7, 0xf6,
    0x55, 0x0, 0x0, 0xa, 0xff, 0xf2,

    /* U+0075 "u" */
    0x9e, 0x0, 0x4, 0xf2, 0x9e, 0x0, 0x4, 0xf2,
    0x9e, 0x0, 0x4, 0xf2, 0x9e, 0x0, 0x4, 0xf2,
    0x9e, 0x0, 0x4, 0xf2, 0x8e, 0x0, 0x4, 0xf2,
    0x6f, 0x10, 0x7, 0xf0, 0x1e, 0xb5, 0x6f, 0x90,
    0x3, 0xbf, 0xe8, 0x0,

    /* U+0076 "v" */
    0xf, 0x80, 0x0, 0xe, 0x80, 0xad, 0x0, 0x3,
    0xf3, 0x4, 0xf2, 0x0, 0x8e, 0x0, 0xf, 0x70,
    0xd, 0x90, 0x0, 0xac, 0x2, 0xf3, 0x0, 0x5,
    0xf1, 0x7e, 0x0, 0x0, 0xf, 0x6c, 0x90, 0x0,
    0x0, 0xac, 0xf4, 0x0, 0x0, 0x5, 0xfe, 0x0,
    0x0,

    /* U+0077 "w" */
    0x5e, 0x0, 0xf8, 0x3, 0xf0, 0x3f, 0x1, 0xeb,
    0x6, 0xc0, 0xf, 0x24, 0x9d, 0x8, 0xa0, 0xe,
    0x56, 0x6d, 0xa, 0x70, 0xb, 0x79, 0x4b, 0x2d,
    0x40, 0x9, 0x9b, 0x18, 0x5f, 0x20, 0x6, 0xbd,
    0x6, 0x9f, 0x0, 0x4, 0xec, 0x3, 0xec, 0x0,
    0x1, 0xfa, 0x1, 0xfa, 0x0,

    /* U+0078 "x" */
    0xa, 0xe1, 0x0, 0x6f, 0x40, 0x1e, 0xa0, 0x1e,
    0xa0, 0x0, 0x5f, 0x4a, 0xe1, 0x0, 0x0, 0xad,
    0xf4, 0x0, 0x0, 0x4, 0xfd, 0x0, 0x0, 0x0,
    0xdc, 0xf7, 0x0, 0x0, 0x8f, 0x28, 0xf2, 0x0,
    0x3f, 0x70, 0xd, 0xc0, 0xd, 0xc0, 0x0, 0x3f,
    0x70,

    /* U+0079 "y" */
    0xe, 0xa0, 0x0, 0xf, 0x80, 0x8f, 0x10, 0x5,
    0xf2, 0x2, 0xf6, 0x0, 0xbd, 0x0, 0xc, 0xc0,
    0xf, 0x70, 0x0, 0x6f, 0x26, 0xf1, 0x0, 0x0,
    0xf7, 0xbb, 0x0, 0x0, 0xa, 0xdf, 0x50, 0x0,
    0x0, 0x3f, 0xf0, 0x0, 0x0, 0x0, 0xfa, 0x0,
    0x0, 0x0, 0x3f, 0x40, 0x0, 0x0, 0x9, 0xe0,
    0x0, 0x0, 0x0, 0xf9, 0x0, 0x0,

    /* U+007A "z" */
    0x7f, 0xff, 0xff, 0xf0, 0x25, 0x55, 0x5e, 0xd0,
    0x0, 0x0, 0x9f, 0x20, 0x0, 0x5, 0xf5, 0x0,
    0x0, 0x2f, 0x80, 0x0, 0x1, 0xdb, 0x0, 0x0,
    0xb, 0xd0, 0x0, 0x0, 0x7f, 0x75, 0x55, 0x50,
    0x9f, 0xff, 0xff, 0xf2,

    /* U+007B "{" */
    0x0, 0x0, 0x0, 0x0, 0x0, 0x0, 0x7e, 0xf3,
    0x0, 0x3, 0xf9, 0x40, 0x0, 0x6, 0xf0, 0x0,
    0x0, 0x6, 0xf0, 0x0, 0x0, 0x5, 0xf1, 0x0,
    0x0, 0x4, 0xf2, 0x0, 0x0, 0x19, 0xe0, 0x0,
    0xaf, 0xfe, 0x30, 0x0, 0x23, 0x4b, 0xc0, 0x0,
    0x0, 0x4, 0xf1, 0x0, 0x0, 0x5, 0xf1, 0x0,
    0x0, 0x6, 0xf0, 0x0, 0x0, 0x6, 0xf0, 0x0,
    0x0, 0x4, 0xf6, 0x10, 0x0, 0x0, 0xaf, 0xf3,
    0x0, 0x0, 0x1, 0x30,

    /* U+007C "|" */
    0xe8, 0xe8, 0xe8, 0xe8, 0xe8, 0xe8, 0xe8, 0xe8,
    0xe8, 0xe8, 0xe8, 0xe8, 0xe8, 0xe8, 0xe8,

    /* U+007D "}" */
    0x0, 0x0, 0x0, 0x0, 0xaf, 0xc2, 0x0, 0x0,
    0x24, 0xdd, 0x0, 0x0, 0x0, 0x6f, 0x0, 0x0,
    0x0, 0x7f, 0x0, 0x0, 0x0, 0x8e, 0x0, 0x0,
    0x0, 0x8e, 0x0, 0x0, 0x0, 0x5f, 0x40, 0x0,
    0x0, 0x8, 0xff, 0xf3, 0x0, 0x3f, 0x73, 0x30,
    0x0, 0x8e, 0x0, 0x0, 0x0, 0x8e, 0x0, 0x0,
    0x0, 0x7f, 0x0, 0x0, 0x0, 0x6f, 0x0, 0x0,
    0x1, 0xbe, 0x0, 0x0, 0xaf, 0xf4, 0x0, 0x0,
    0x23, 0x0, 0x0, 0x0,

    /* U+007E "~" */
    0x4d, 0xe8, 0x0, 0xc9, 0xda, 0x5f, 0x91, 0xe7,
    0xf6, 0x3, 0xef, 0xe1, 0x31, 0x0, 0x2, 0x0,

    /* U+00AB "«" */
    0x0, 0x6, 0xb1, 0x9, 0x90, 0x0, 0x5f, 0x50,
    0x9e, 0x20, 0x3, 0xf7, 0x6, 0xf3, 0x0, 0x1e,
    0x90, 0x4f, 0x50, 0x0, 0x3f, 0x60, 0x7f, 0x30,
    0x0, 0x6, 0xf4, 0xa, 0xe1, 0x0, 0x0, 0x8f,
    0x20, 0xcc, 0x0, 0x0, 0xb, 0xe1, 0x1e, 0xb0,

    /* U+00B0 "°" */
    0x8, 0xcc, 0x30, 0x5b, 0x2, 0xe0, 0x86, 0x0,
    0xc2, 0x5b, 0x2, 0xe0, 0x8, 0xdc, 0x40,

    /* U+00BB "»" */
    0x2b, 0x50, 0x5b, 0x20, 0x0, 0x7, 0xf3, 0xb,
    0xd1, 0x0, 0x0, 0xae, 0x11, 0xdb, 0x0, 0x0,
    0xc, 0xc0, 0x2e, 0x90, 0x0, 0x9, 0xe2, 0xd,
    0xc0, 0x0, 0x6f, 0x40, 0xae, 0x10, 0x4, 0xf6,
    0x8, 0xf3, 0x0, 0x2e, 0x90, 0x5f, 0x50, 0x0,

    /* U+0401 "Ё" */
    0x0, 0x0, 0x0, 0x0, 0x8, 0xf3, 0xe, 0xb0,
    0x7, 0xf3, 0xd, 0xb0, 0x0, 0x0, 0x0, 0x0,
    0x6f, 0xff, 0xff, 0xf5, 0x6f, 0x55, 0x55, 0x51,
    0x6f, 0x0, 0x0, 0x0, 0x6f, 0x0, 0x0, 0x0,
    0x6f, 0x10, 0x0, 0x0, 0x6f, 0xff, 0xff, 0xc0,
    0x6f, 0x43, 0x33, 0x20, 0x6f, 0x0, 0x0, 0x0,
    0x6f, 0x0, 0x0, 0x0, 0x6f, 0x0, 0x0, 0x0,
    0x6f, 0x55, 0x55, 0x51, 0x6f, 0xff, 0xff, 0xf5,

    /* U+0410 "А" */
    0x0, 0x4, 0xfe, 0x0, 0x0, 0x0, 0x8e, 0xf2,
    0x0, 0x0, 0xc, 0x9f, 0x60, 0x0, 0x0, 0xf5,
    0xca, 0x0, 0x0, 0x4f, 0x18, 0xe0, 0x0, 0x8,
    0xe0, 0x4f, 0x20, 0x0, 0xca, 0x1, 0xf6, 0x0,
    0x1f, 0x70, 0xd, 0xa0, 0x5, 0xff, 0xff, 0xfe,
    0x0, 0x9f, 0x33, 0x37, 0xf2, 0xd, 0xa0, 0x0,
    0x1f, 0x61, 0xf6, 0x0, 0x0, 0xca,

    /* U+0411 "Б" */
    0x8f, 0xff, 0xff, 0xf0, 0x8f, 0x55, 0x55, 0x50,
    0x8f, 0x0, 0x0, 0x0, 0x8f, 0x0, 0x0, 0x0,
    0x8f, 0x10, 0x0, 0x0, 0x8f, 0xff, 0xfb, 0x20,
    0x8f, 0x44, 0x5d, 0xe0, 0x8f, 0x0, 0x3, 0xf5,
    0x8f, 0x0, 0x0, 0xf7, 0x8f, 0x0, 0x4, 0xf5,
    0x8f, 0x55, 0x6e, 0xd0, 0x8f, 0xff, 0xea, 0x10,

    /* U+0412 "В" */
    0x8f, 0xff, 0xea, 0x10, 0x8e, 0x44, 0x6e, 0xc0,
    0x8e, 0x0, 0x5, 0xf1, 0x8e, 0x0, 0x4, 0xf2,
    0x8e, 0x0, 0x2c, 0xc0, 0x8f, 0xff, 0xfe, 0x10,
    0x8e, 0x33, 0x5d, 0xc0, 0x8e, 0x0, 0x2, 0xf5,
    0x8e, 0x0, 0x0, 0xf7, 0x8e, 0x0, 0x2, 0xf5,
    0x8e, 0x44, 0x6d, 0xe0, 0x8f, 0xff, 0xfb, 0x20,

    /* U+0413 "Г" */
    0x3f, 0xff, 0xff, 0xf9, 0x3f, 0x75, 0x55, 0x52,
    0x3f, 0x30, 0x0, 0x0, 0x3f, 0x30, 0x0, 0x0,
    0x3f, 0x30, 0x0, 0x0, 0x3f, 0x30, 0x0, 0x0,
    0x3f, 0x30, 0x0, 0x0, 0x3f, 0x30, 0x0, 0x0,
    0x3f, 0x30, 0x0, 0x0, 0x3f, 0x30, 0x0, 0x0,
    0x3f, 0x30, 0x0, 0x0, 0x3f, 0x30, 0x0, 0x0,

    /* U+0414 "Д" */
    0x0, 0xef, 0xff, 0xff, 0x10, 0x0, 0xe9, 0x44,
    0x8f, 0x10, 0x0, 0xf7, 0x0, 0x5f, 0x10, 0x0,
    0xf7, 0x0, 0x5f, 0x10, 0x0, 0xf6, 0x0, 0x5f,
    0x10, 0x0, 0xf6, 0x0, 0x5f, 0x10, 0x0, 0xf6,
    0x0, 0x5f, 0x10, 0x0, 0xf5, 0x0, 0x5f, 0x10,
    0x2, 0xf4, 0x0, 0x5f, 0x10, 0x6, 0xf1, 0x0,
    0x5f, 0x10, 0x2c, 0xd3, 0x33, 0x8f, 0x40, 0x9f,
    0xff, 0xff, 0xff, 0xf3, 0x9b, 0x0, 0x0, 0x1,
    0xf3, 0x9b, 0x0, 0x0, 0x1, 0xf3, 0x22, 0x0,
    0x0, 0x0, 0x40,

    /* U+0415 "Е" */
    0x6f, 0xff, 0xff, 0xf5, 0x6f, 0x55, 0x55, 0x51,
    0x6f, 0x0, 0x0, 0x0, 0x6f, 0x0, 0x0, 0x0,
    0x6f, 0x10, 0x0, 0x0, 0x6f, 0xff, 0xff, 0xc0,
    0x6f, 0x43, 0x33, 0x20, 0x6f, 0x0, 0x0, 0x0,
    0x6f, 0x0, 0x0, 0x0, 0x6f, 0x0, 0x0, 0x0,
    0x6f, 0x55, 0x55, 0x51, 0x6f, 0xff, 0xff, 0xf5,

    /* U+0416 "Ж" */
    0x7f, 0x0, 0xd6, 0x6, 0xf1, 0x1f, 0x50, 0xd6,
    0xb, 0xb0, 0xc, 0xa0, 0xd6, 0x1f, 0x60, 0x6,
    0xf0, 0xd6, 0x6f, 0x10, 0x1, 0xf5, 0xd6, 0xbb,
    0x0, 0x0, 0xcf, 0xff, 0xf6, 0x0, 0x0, 0xf6,
    0xd7, 0xc9, 0x0, 0x5, 0xf0, 0xd6, 0x7e, 0x0,
    0xa, 0xb0, 0xd6, 0x2f, 0x40, 0xf, 0x60, 0xd6,
    0xd, 0x90, 0x5f, 0x10, 0xd6, 0x8, 0xe0, 0xac,
    0x0, 0xd6, 0x3, 0xf3,

    /* U+0417 "З" */
    0x0, 0x7d, 0xfe, 0xa1, 0x0, 0x7f, 0x95, 0x7e,
    0xd0, 0xe, 0xa0, 0x0, 0x5f, 0x30, 0x10, 0x0,
    0x5, 0xf2, 0x0, 0x0, 0x14, 0xda, 0x0, 0x0,
    0xcf, 0xff, 0x40, 0x0, 0x3, 0x46, 0xef, 0x10,
    0x0, 0x0, 0x4, 0xf6, 0x4, 0x10, 0x0, 0xf,
    0x70, 0xf8, 0x0, 0x4, 0xf4, 0x8, 0xf8, 0x57,
    0xec, 0x0, 0x7, 0xdf, 0xe9, 0x0,

    /* U+0418 "И" */
    0x9d, 0x0, 0xe, 0xf2, 0x9d, 0x0, 0x4f, 0xf2,
    0x9d, 0x0, 0xac, 0xf2, 0x9d, 0x0, 0xf7, 0xf2,
    0x9d, 0x5, 0xe4, 0xf2, 0x9d, 0xa, 0x93, 0xf2,
    0x9d, 0xf, 0x43, 0xf2, 0x9c, 0x5e, 0x3, 0xf2,
    0x9c, 0xb9, 0x3, 0xf2, 0x9c, 0xf3, 0x3, 0xf2,
    0x9f, 0xd0, 0x3, 0xf2, 0x9f, 0x80, 0x3, 0xf2,

    /* U+0419 "Й" */
    0x5, 0x30, 0x6, 0x20, 0x8, 0xb0, 0x3f, 0x20,
    0x0, 0x9e, 0xd5, 0x0, 0x0, 0x0, 0x0, 0x0,
    0x9d, 0x0, 0xe, 0xf2, 0x9d, 0x0, 0x4f, 0xf2,
    0x9d, 0x0, 0xac, 0xf2, 0x9d, 0x0, 0xf7, 0xf2,
    0x9d, 0x5, 0xe4, 0xf2, 0x9d, 0xa, 0x93, 0xf2,
    0x9d, 0xf, 0x43, 0xf2, 0x9c, 0x5e, 0x3, 0xf2,
    0x9c, 0xb9, 0x3, 0xf2, 0x9c, 0xf3, 0x3, 0xf2,
    0x9f, 0xd0, 0x3, 0xf2, 0x9f, 0x80, 0x3, 0xf2,

    /* U+041A "К" */
    0x8e, 0x0, 0x1, 0xf8, 0x8e, 0x0, 0x8, 0xf1,
    0x8e, 0x0, 0x1f, 0x70, 0x8e, 0x0, 0x9e, 0x0,
    0x8e, 0x2, 0xf7, 0x0, 0x8f, 0xff, 0xf0, 0x0,
    0x8e, 0x36, 0xf5, 0x0, 0x8e, 0x0, 0xcd, 0x0,
    0x8e, 0x0, 0x5f, 0x40, 0x8e, 0x0, 0xd, 0xc0,
    0x8e, 0x0, 0x6, 0xf3, 0x8e, 0x0, 0x0, 0xeb,

    /* U+041B "Л" */
    0x0, 0xef, 0xff, 0xff, 0x10, 0xf, 0xa5, 0x58,
    0xf1, 0x0, 0xf7, 0x0, 0x5f, 0x10, 0xf, 0x70,
    0x5, 0xf1, 0x0, 0xf7, 0x0, 0x5f, 0x10, 0xf,
    0x60, 0x5, 0xf1, 0x0, 0xf6, 0x0, 0x5f, 0x10,
    0xf, 0x60, 0x5, 0xf1, 0x1, 0xf5, 0x0, 0x5f,
    0x10, 0x3f, 0x30, 0x5, 0xf1, 0x3b, 0xe0, 0x0,
    0x5f, 0x1a, 0xd4, 0x0, 0x5, 0xf1,

    /* U+041C "М" */
    0xcf, 0x40, 0xa, 0xf6, 0xcd, 0x90, 0xe, 0xd6,
    0xc9, 0xe0, 0x4e, 0xb6, 0xc7, 0xf3, 0x89, 0xc6,
    0xc7, 0xa8, 0xd4, 0xd6, 0xc8, 0x5d, 0xf0, 0xf6,
    0xc9, 0xb, 0x80, 0xf6, 0xc9, 0x0, 0x0, 0xf6,
    0xca, 0x0, 0x0, 0xf6, 0xca, 0x0, 0x0, 0xf6,
    0xca, 0x0, 0x0, 0xf6, 0xca, 0x0, 0x0, 0xf6,

    /* U+041D "Н" */
    0x8e, 0x0, 0x5, 0xf1, 0x8e, 0x0, 0x5, 0xf1,
    0x8e, 0x0, 0x5, 0xf1, 0x8e, 0x0, 0x5, 0xf1,
    0x8e, 0x11, 0x15, 0xf1, 0x8f, 0xff, 0xff, 0xf1,
    0x8f, 0x44, 0x47, 0xf1, 0x8e, 0x0, 0x5, 0xf1,
    0x8e, 0x0, 0x5, 0xf1, 0x8e, 0x0, 0x5, 0xf1,
    0x8e, 0x0, 0x5, 0xf1, 0x8e, 0x0, 0x5, 0xf1,

    /* U+041E "О" */
    0x3, 0xcf, 0xe9, 0x0, 0x2f, 0xc5, 0x7f, 0xb0,
    0x7f, 0x0, 0x6, 0xf1, 0x9d, 0x0, 0x4, 0xf2,
    0x9d, 0x0, 0x4, 0xf3, 0x9d, 0x0, 0x4, 0xf3,
    0x9d, 0x0, 0x4, 0xf3, 0x9d, 0x0, 0x4, 0xf3,
    0x9d, 0x0, 0x4, 0xf2, 0x7f, 0x0, 0x6, 0xf1,
    0x2f, 0xb5, 0x7e, 0xb0, 0x4, 0xcf, 0xe9, 0x10,

    /* U+041F "П" */
    0x8f, 0xff, 0xff, 0xf1, 0x8f, 0x55, 0x58, 0xf1,
    0x8f, 0x0, 0x5, 0xf1, 0x8f, 0x0, 0x5, 0xf1,
    0x8f, 0x0, 0x5, 0xf1, 0x8f, 0x0, 0x5, 0xf1,
    0x8f, 0x0, 0x5, 0xf1, 0x8f, 0x0, 0x5, 0xf1,
    0x8f, 0x0, 0x5, 0xf1, 0x8f, 0x0, 0x5, 0xf1,
    0x8f, 0x0, 0x5, 0xf1, 0x8f, 0x0, 0x5, 0xf1,

    /* U+0420 "Р" */
    0x8f, 0xff, 0xfc, 0x40, 0x8e, 0x44, 0x5c, 0xf3,
    0x8e, 0x0, 0x0, 0xea, 0x8e, 0x0, 0x0, 0xbc,
    0x8e, 0x0, 0x0, 0xda, 0x8e, 0x0, 0x18, 0xf5,
    0x8f, 0xff, 0xff, 0x70, 0x8e, 0x33, 0x30, 0x0,
    0x8e, 0x0, 0x0, 0x0, 0x8e, 0x0, 0x0, 0x0,
    0x8e, 0x0, 0x0, 0x0, 0x8e, 0x0, 0x0, 0x0,

    /* U+0421 "С" */
    0x3, 0xcf, 0xea, 0x10, 0x2f, 0xc5, 0x6e, 0xc0,
    0x7f, 0x0, 0x5, 0xf2, 0x9d, 0x0, 0x1, 0x51,
    0x9d, 0x0, 0x0, 0x0, 0x9d, 0x0, 0x0, 0x0,
    0x9d, 0x0, 0x0, 0x0, 0x9d, 0x0, 0x0, 0x0,
    0x9d, 0x0, 0x1, 0x51, 0x7f, 0x0, 0x5, 0xf2,
    0x2f, 0xc5, 0x6e, 0xc0, 0x3, 0xcf, 0xea, 0x10,

    /* U+0422 "Т" */
    0x2f, 0xff, 0xff, 0xff, 0xb0, 0x55, 0x5f, 0xa5,
    0x53, 0x0, 0x0, 0xe8, 0x0, 0x0, 0x0, 0xe,
    0x80, 0x0, 0x0, 0x0, 0xe8, 0x0, 0x0, 0x0,
    0xe, 0x80, 0x0, 0x0, 0x0, 0xe8, 0x0, 0x0,
    0x0, 0xe, 0x80, 0x0, 0x0, 0x0, 0xe8, 0x0,
    0x0, 0x0, 0xe, 0x80, 0x0, 0x0, 0x0, 0xe8,
    0x0, 0x0, 0x0, 0xe, 0x80, 0x0,

    /* U+0423 "У" */
    0xf, 0x80, 0x0, 0xe, 0x90, 0xae, 0x0, 0x3,
    0xf4, 0x3, 0xf4, 0x0, 0x8e, 0x0, 0xd, 0x90,
    0xd, 0x90, 0x0, 0x7f, 0x2, 0xf3, 0x0, 0x1,
    0xf5, 0x7d, 0x0, 0x0, 0xb, 0xac, 0x80, 0x0,
    0x0, 0x4e, 0xf2, 0x0, 0x0, 0x0, 0xed, 0x0,
    0x0, 0x0, 0xf, 0x70, 0x0, 0x0, 0x6, 0xf1,
    0x0, 0x0, 0x0, 0xcc, 0x0, 0x0,

    /* U+0424 "Ф" */
    0x0, 0x0, 0xb5, 0x0, 0x0, 0x9, 0xef, 0xfd,
    0x40, 0x9, 0xf5, 0xe9, 0x9f, 0x20, 0xf6, 0xe,
    0x70, 0xd9, 0x1f, 0x30, 0xe7, 0xa, 0xb2, 0xf3,
    0xe, 0x70, 0x9b, 0x2f, 0x30, 0xe7, 0x9, 0xb2,
    0xf3, 0xe, 0x70, 0x9b, 0x2f, 0x30, 0xe7, 0x9,
    0xb0, 0xf5, 0xe, 0x70, 0xca, 0xb, 0xd2, 0xe7,
    0x6f, 0x40, 0x1c, 0xff, 0xff, 0x70, 0x0, 0x1,
    0xe8, 0x0, 0x0,

    /* U+0425 "Х" */
    0xe, 0xb0, 0x0, 0x1f, 0x80, 0x6f, 0x30, 0x9,
    0xe0, 0x0, 0xdc, 0x1, 0xf6, 0x0, 0x4, 0xf4,
    0x9d, 0x0, 0x0, 0xc, 0xcf, 0x50, 0x0, 0x0,
    0x3f, 0xc0, 0x0, 0x0, 0x5, 0xfe, 0x0, 0x0,
    0x0, 0xda, 0xf8, 0x0, 0x0, 0x6f, 0x18, 0xf1,
    0x0, 0xe, 0x80, 0x1e, 0x90, 0x8, 0xf1, 0x0,
    0x7f, 0x21, 0xf7, 0x0, 0x0, 0xea,

    /* U+0426 "Ц" */
    0x8f, 0x0, 0x9, 0xd0, 0x8, 0xf0, 0x0, 0x9d,
    0x0, 0x8f, 0x0, 0x9, 0xd0, 0x8, 0xf0, 0x0,
    0x9d, 0x0, 0x8f, 0x0, 0x9, 0xd0, 0x8, 0xf0,
    0x0, 0x9d, 0x0, 0x8f, 0x0, 0x9, 0xd0, 0x8,
    0xf0, 0x0, 0x9d, 0x0, 0x8f, 0x0, 0x9, 0xd0,
    0x8, 0xf0, 0x0, 0x9d, 0x0, 0x8f, 0x44, 0x4b,
    0xe4, 0x8, 0xff, 0xff, 0xff, 0xf0, 0x0, 0x0,
    0x0, 0x3f, 0x0, 0x0, 0x0, 0x3, 0xf0, 0x0,
    0x0, 0x0, 0x4, 0x0,

    /* U+0427 "Ч" */
    0xca, 0x0, 0x5, 0xf1, 0xca, 0x0, 0x5, 0xf1,
    0xca, 0x0, 0x5, 0xf1, 0xca, 0x0, 0x5, 0xf1,
    0xbc, 0x0, 0x5, 0xf1, 0x6f, 0x61, 0x17, 0xf1,
    0x9, 0xff, 0xff, 0xf1, 0x0, 0x13, 0x37, 0xf1,
    0x0, 0x0, 0x5, 0xf1, 0x0, 0x0, 0x5, 0xf1,
    0x0, 0x0, 0x5, 0xf1, 0x0, 0x0, 0x5, 0xf1,

    /* U+0428 "Ш" */
    0xf6, 0xc, 0x60, 0xc9, 0xf6, 0xc, 0x60, 0xc9,
    0xf6, 0xc, 0x60, 0xc9, 0xf6, 0xc, 0x60, 0xc9,
    0xf6, 0xc, 0x60, 0xc9, 0xf6, 0xc, 0x60, 0xc9,
    0xf6, 0xc, 0x60, 0xc9, 0xf6, 0xc, 0x60, 0xc9,
    0xf6, 0xc, 0x60, 0xc9, 0xf6, 0xc, 0x60, 0xc9,
    0xf6, 0x1c, 0x71, 0xc9, 0xff, 0xff, 0xff, 0xf9,

    /* U+0429 "Щ" */
    0xf5, 0xd, 0x40, 0xd7, 0xf, 0x50, 0xd4, 0xd,
    0x70, 0xf5, 0xd, 0x40, 0xd7, 0xf, 0x50, 0xd4,
    0xd, 0x70, 0xf5, 0xd, 0x40, 0xd7, 0xf, 0x50,
    0xd4, 0xd, 0x70, 0xf5, 0xd, 0x40, 0xd7, 0xf,
    0x50, 0xd4, 0xd, 0x70, 0xf5, 0xd, 0x40, 0xd7,
    0xf, 0x50, 0xd4, 0xd, 0x70, 0xf7, 0x3d, 0x73,
    0xe9, 0xf, 0xff, 0xff, 0xff, 0xf3, 0x0, 0x0,
    0x0, 0x1f, 0x30, 0x0, 0x0, 0x1, 0xf3, 0x0,
    0x0, 0x0, 0x4, 0x0,

    /* U+042A "Ъ" */
    0x1f, 0xff, 0x90, 0x0, 0x0, 0x5, 0x5e, 0x90,
    0x0, 0x0, 0x0, 0xd, 0x90, 0x0, 0x0, 0x0,
    0xd, 0x90, 0x0, 0x0, 0x0, 0xd, 0x91, 0x0,
    0x0, 0x0, 0xd, 0xff, 0xfd, 0x50, 0x0, 0xd,
    0xb4, 0x4b, 0xf3, 0x0, 0xd, 0x90, 0x0, 0xea,
    0x0, 0xd, 0x90, 0x0, 0xbc, 0x0, 0xd, 0x90,
    0x0, 0xea, 0x0, 0xd, 0xb5, 0x5c, 0xf3, 0x0,
    0xd, 0xff, 0xfc, 0x40,

    /* U+042B "Ы" */
    0xf6, 0x0, 0x0, 0xc9, 0xf6, 0x0, 0x0, 0xc9,
    0xf6, 0x0, 0x0, 0xc9, 0xf6, 0x0, 0x0, 0xc9,
    0xf6, 0x0, 0x0, 0xc9, 0xff, 0xfb, 0x10, 0xc9,
    0xf8, 0x5d, 0xc0, 0xc9, 0xf6, 0x4, 0xf1, 0xc9,
    0xf6, 0x3, 0xf2, 0xc9, 0xf6, 0x5, 0xf1, 0xc9,
    0xf8, 0x5d, 0xc0, 0xc9, 0xff, 0xea, 0x10, 0xc9,

    /* U+042C "Ь" */
    0x8f, 0x0, 0x0, 0x0, 0x8f, 0x0, 0x0, 0x0,
    0x8f, 0x0, 0x0, 0x0, 0x8f, 0x0, 0x0, 0x0,
    0x8f, 0x11, 0x0, 0x0, 0x8f, 0xff, 0xfd, 0x50,
    0x8f, 0x44, 0x4b, 0xf3, 0x8f, 0x0, 0x0, 0xea,
    0x8f, 0x0, 0x0, 0xbc, 0x8f, 0x0, 0x0, 0xea,
    0x8f, 0x55, 0x5c, 0xf3, 0x8f, 0xff, 0xfc, 0x40,

    /* U+042D "Э" */
    0x4, 0xcf, 0xe9, 0x0, 0x3f, 0xb5, 0x7e, 0xa0,
    0x9e, 0x0, 0x6, 0xf0, 0x12, 0x0, 0x4, 0xf2,
    0x0, 0x1, 0x15, 0xf2, 0x0, 0xef, 0xff, 0xf2,
    0x0, 0x34, 0x47, 0xf2, 0x0, 0x0, 0x4, 0xf2,
    0x57, 0x0, 0x4, 0xf2, 0x8f, 0x0, 0x7, 0xf0,
    0x2f, 0xb5, 0x7f, 0xa0, 0x4, 0xcf, 0xe9, 0x0,

    /* U+042E "Ю" */
    0xf, 0x40, 0x6d, 0xfa, 0x10, 0xf4, 0x2f, 0x52,
    0xc9, 0xf, 0x46, 0xd0, 0x6, 0xd0, 0xf4, 0x7d,
    0x0, 0x6f, 0xf, 0x57, 0xd0, 0x6, 0xf0, 0xff,
    0xfd, 0x0, 0x6f, 0xf, 0x79, 0xd0, 0x6, 0xf0,
    0xf4, 0x7d, 0x0, 0x6f, 0xf, 0x47, 0xd0, 0x6,
    0xf0, 0xf4, 0x5e, 0x0, 0x7d, 0xf, 0x41, 0xf8,
    0x5e, 0x90, 0xf4, 0x5, 0xdf, 0xa1,

    /* U+042F "Я" */
    0x0, 0x6d, 0xff, 0xff, 0x10, 0x5f, 0x94, 0x48,
    0xf1, 0xc, 0xc0, 0x0, 0x5f, 0x10, 0xf8, 0x0,
    0x5, 0xf1, 0xd, 0xa0, 0x0, 0x5f, 0x10, 0x8f,
    0x61, 0x6, 0xf1, 0x0, 0xaf, 0xff, 0xff, 0x10,
    0x0, 0xeb, 0x38, 0xf1, 0x0, 0x6f, 0x30, 0x5f,
    0x10, 0xd, 0xb0, 0x5, 0xf1, 0x6, 0xf4, 0x0,
    0x5f, 0x10, 0xdc, 0x0, 0x5, 0xf1,

    /* U+0430 "а" */
    0x3, 0xbf, 0xea, 0x10, 0x2f, 0xb5, 0x6e, 0xc0,
    0x39, 0x0, 0x6, 0xf1, 0x0, 0x0, 0x4, 0xf2,
    0x19, 0xdf, 0xff, 0xf2, 0xad, 0x32, 0x25, 0xf2,
    0xe8, 0x0, 0x5, 0xf2, 0xbe, 0x42, 0x5c, 0xf2,
    0x1a, 0xef, 0xb5, 0xf2,

    /* U+0431 "б" */
    0x0, 0x8e, 0xff, 0xc0, 0xb, 0xfa, 0x77, 0x50,
    0x4f, 0x70, 0x0, 0x0, 0x7f, 0x0, 0x0, 0x0,
    0x8e, 0x6e, 0xfb, 0x10, 0x9f, 0xa4, 0x5e, 0xb0,
    0x9f, 0x0, 0x6, 0xf0, 0x9e, 0x0, 0x4, 0xf2,
    0x8e, 0x0, 0x4, 0xf2, 0x6f, 0x10, 0x7, 0xf0,
    0x1e, 0xc5, 0x6f, 0xa0, 0x3, 0xbf, 0xe9, 0x0,

    /* U+0432 "в" */
    0x8f, 0xff, 0xfc, 0x30, 0x8e, 0x44, 0x4c, 0xe0,
    0x8e, 0x0, 0x4, 0xf2, 0x8e, 0x0, 0x19, 0xd0,
    0x8f, 0xff, 0xff, 0x30, 0x8e, 0x33, 0x39, 0xe1,
    0x8e, 0x0, 0x1, 0xf5, 0x8e, 0x44, 0x4a, 0xf2,
    0x8f, 0xff, 0xfd, 0x50,

    /* U+0433 "г" */
    0xef, 0xff, 0xff, 0x6e, 0xa5, 0x55, 0x52, 0xe8,
    0x0, 0x0, 0xe, 0x80, 0x0, 0x0, 0xe8, 0x0,
    0x0, 0xe, 0x80, 0x0, 0x0, 0xe8, 0x0, 0x0,
    0xe, 0x80, 0x0, 0x0, 0xe8, 0x0, 0x0, 0x0,

    /* U+0434 "д" */
    0x0, 0xdf, 0xff, 0xfe, 0x0, 0x0, 0xda, 0x44,
    0xae, 0x0, 0x0, 0xe8, 0x0, 0x8e, 0x0, 0x0,
    0xe7, 0x0, 0x8e, 0x0, 0x0, 0xe7, 0x0, 0x8e,
    0x0, 0x0, 0xf6, 0x0, 0x8e, 0x0, 0x3, 0xf3,
    0x0, 0x8e, 0x0, 0x1a, 0xe3, 0x33, 0xaf, 0x30,
    0x8f, 0xff, 0xff, 0xff, 0xf0, 0x8c, 0x0, 0x0,
    0x3, 0xf0, 0x8c, 0x0, 0x0, 0x3, 0xf0, 0x23,
    0x0, 0x0, 0x0, 0x40,

    /* U+0435 "е" */
    0x4, 0xcf, 0xe9, 0x0, 0x2f, 0xa4, 0x5e, 0xa0,
    0x8e, 0x0, 0x5, 0xf1, 0xac, 0x0, 0x3, 0xf3,
    0xaf, 0xff, 0xff, 0xf3, 0xac, 0x22, 0x22, 0x20,
    0x8e, 0x0, 0x1, 0x40, 0x2f, 0x94, 0x4c, 0xd0,
    0x4, 0xcf, 0xea, 0x20,

    /* U+0436 "ж" */
    0x6f, 0x0, 0xd6, 0x6, 0xf0, 0xf, 0x60, 0xd6,
    0xc, 0x90, 0x9, 0xc0, 0xd6, 0x2f, 0x20, 0x2,
    0xf2, 0xd6, 0x9c, 0x0, 0x0, 0xef, 0xff, 0xf7,
    0x0, 0x3, 0xf2, 0xd6, 0x8d, 0x0, 0xa, 0xb0,
    0xd6, 0x2f, 0x40, 0x1f, 0x50, 0xd6, 0xb, 0xa0,
    0x8e, 0x0, 0xd6, 0x5, 0xf1,

    /* U+0437 "з" */
    0x8, 0xef, 0xfb, 0x20, 0x8f, 0x74, 0x5e, 0xd0,
    0x43, 0x0, 0x7, 0xf1, 0x0, 0x0, 0x1c, 0xd0,
    0x0, 0xcf, 0xfd, 0x30, 0x0, 0x23, 0x4b, 0xf1,
    0x11, 0x0, 0x4, 0xf4, 0xbe, 0x64, 0x5c, 0xf1,
    0x9, 0xef, 0xfc, 0x40,

    /* U+0438 "и" */
    0x8e, 0x0, 0xe, 0xf1, 0x8e, 0x0, 0x7e, 0xf1,
    0x8e, 0x0, 0xe8, 0xf1, 0x8e, 0x5, 0xd4, 0xf1,
    0x8d, 0xd, 0x64, 0xf1, 0x8d, 0x4e, 0x4, 0xf1,
    0x8c, 0xc7, 0x4, 0xf1, 0x8e, 0xf1, 0x4, 0xf1,
    0x8f, 0x90, 0x4, 0xf1,

    /* U+0439 "й" */
    0x5, 0x30, 0x6, 0x30, 0x7, 0xc0, 0x2f, 0x30,
    0x0, 0x9e, 0xd6, 0x0, 0x0, 0x0, 0x0, 0x0,
    0x8e, 0x0, 0xe, 0xf1, 0x8e, 0x0, 0x7e, 0xf1,
    0x8e, 0x0, 0xe8, 0xf1, 0x8e, 0x5, 0xd4, 0xf1,
    0x8d, 0xd, 0x64, 0xf1, 0x8d, 0x4e, 0x4, 0xf1,
    0x8c, 0xc7, 0x4, 0xf1, 0x8e, 0xf1, 0x4, 0xf1,
    0x8f, 0x90, 0x4, 0xf1,

    /* U+043A "к" */
    0x7f, 0x0, 0x4, 0xf6, 0x7f, 0x0, 0xd, 0xb0,
    0x7f, 0x0, 0x8f, 0x10, 0x7f, 0x3, 0xf6, 0x0,
    0x7f, 0xff, 0xe0, 0x0, 0x7f, 0x36, 0xf6, 0x0,
    0x7f, 0x0, 0x9f, 0x10, 0x7f, 0x0, 0xe, 0xb0,
    0x7f, 0x0, 0x4, 0xf6,

    /* U+043B "л" */
    0x0, 0xef, 0xff, 0xff, 0x10, 0xe, 0xa5, 0x58,
    0xf1, 0x0, 0xe8, 0x0, 0x5f, 0x10, 0xf, 0x70,
    0x5, 0xf1, 0x0, 0xf7, 0x0, 0x5f, 0x10, 0xf,
    0x60, 0x5, 0xf1, 0x1, 0xf5, 0x0, 0x5f, 0x12,
    0xaf, 0x10, 0x5, 0xf1, 0x9e, 0x60, 0x0, 0x5f,
    0x10,

    /* U+043C "м" */
    0xcf, 0x50, 0xb, 0xf6, 0xce, 0xa0, 0xf, 0xe6,
    0xca, 0xf0, 0x5b, 0xe6, 0xc8, 0xc5, 0xa7, 0xe6,
    0xc8, 0x7a, 0xe2, 0xf6, 0xc9, 0x2f, 0xd0, 0xf6,
    0xc9, 0x4, 0x20, 0xf6, 0xc9, 0x0, 0x0, 0xf6,
    0xc9, 0x0, 0x0, 0xf6,

    /* U+043D "н" */
    0x8f, 0x0, 0x5, 0xf1, 0x8f, 0x0, 0x5, 0xf1,
    0x8f, 0x0, 0x5, 0xf1, 0x8f, 0x11, 0x16, 0xf1,
    0x8f, 0xff, 0xff, 0xf1, 0x8f, 0x44, 0x48, 0xf1,
    0x8f, 0x0, 0x5, 0xf1, 0x8f, 0x0, 0x5, 0xf1,
    0x8f, 0x0, 0x5, 0xf1,

    /* U+043E "о" */
    0x4, 0xcf, 0xea, 0x10, 0x2f, 0xb5, 0x6e, 0xb0,
    0x8e, 0x0, 0x6, 0xf2, 0xac, 0x0, 0x3, 0xf3,
    0xac, 0x0, 0x3, 0xf3, 0xac, 0x0, 0x3, 0xf3,
    0x8e, 0x0, 0x6, 0xf1, 0x2f, 0xb5, 0x6e, 0xb0,
    0x4, 0xcf, 0xea, 0x10,

    /* U+043F "п" */
    0x8f, 0xff, 0xff, 0xf1, 0x8f, 0x55, 0x58, 0xf1,
    0x8f, 0x0, 0x5, 0xf1, 0x8f, 0x0, 0x5, 0xf1,
    0x8f, 0x0, 0x5, 0xf1, 0x8f, 0x0, 0x5, 0xf1,
    0x8f, 0x0, 0x5, 0xf1, 0x8f, 0x0, 0x5, 0xf1,
    0x8f, 0x0, 0x5, 0xf1,

    /* U+0440 "р" */
    0x8e, 0x4d, 0xfb, 0x20, 0x8e, 0x92, 0x3d, 0xc0,
    0x8f, 0x10, 0x5, 0xf2, 0x8e, 0x0, 0x3, 0xf3,
    0x8e, 0x0, 0x3, 0xf3, 0x8e, 0x0, 0x3, 0xf3,
    0x8f, 0x10, 0x5, 0xf2, 0x8f, 0xc5, 0x6e, 0xd0,
    0x8e, 0x5d, 0xfc, 0x20, 0x8e, 0x0, 0x0, 0x0,
    0x8e, 0x0, 0x0, 0x0, 0x8e, 0x0, 0x0, 0x0,

    /* U+0441 "с" */
    0x4, 0xcf, 0xe9, 0x10, 0x3f, 0xb5, 0x6e, 0xc0,
    0x9e, 0x0, 0x5, 0xf2, 0xac, 0x0, 0x0, 0x0,
    0xac, 0x0, 0x0, 0x0, 0xac, 0x0, 0x0, 0x0,
    0x9e, 0x0, 0x5, 0xf2, 0x3f, 0xb5, 0x6e, 0xc0,
    0x4, 0xcf, 0xea, 0x10,

    /* U+0442 "т" */
    0x2f, 0xff, 0xff, 0xff, 0xb0, 0x44, 0x4f, 0xa4,
    0x43, 0x0, 0x0, 0xe8, 0x0, 0x0, 0x0, 0xe,
    0x80, 0x0, 0x0, 0x0, 0xe8, 0x0, 0x0, 0x0,
    0xe, 0x80, 0x0, 0x0, 0x0, 0xe8, 0x0, 0x0,
    0x0, 0xe, 0x80, 0x0, 0x0, 0x0, 0xe8, 0x0,
    0x0,

    /* U+0443 "у" */
    0xe, 0xa0, 0x0, 0xf, 0x80, 0x8f, 0x10, 0x5,
    0xf2, 0x2, 0xf6, 0x0, 0xbd, 0x0, 0xc, 0xc0,
    0xf, 0x70, 0x0, 0x6f, 0x26, 0xf1, 0x0, 0x0,
    0xf7, 0xbb, 0x0, 0x0, 0xa, 0xdf, 0x50, 0x0,
    0x0, 0x3f, 0xf0, 0x0, 0x0, 0x0, 0xfa, 0x0,
    0x0, 0x0, 0x3f, 0x40, 0x0, 0x0, 0x9, 0xe0,
    0x0, 0x0, 0x0, 0xf9, 0x0, 0x0,

    /* U+0444 "ф" */
    0x0, 0x0, 0xd7, 0x0, 0x0, 0x0, 0xd, 0x70,
    0x0, 0x0, 0x0, 0xd7, 0x0, 0x0, 0x9, 0xef,
    0xfd, 0x50, 0xa, 0xd4, 0xd8, 0x7f, 0x30, 0xf5,
    0xd, 0x60, 0xc9, 0x2f, 0x30, 0xd6, 0x9, 0xb2,
    0xf3, 0xd, 0x60, 0x9b, 0x2f, 0x30, 0xd6, 0x9,
    0xb0, 0xf5, 0xd, 0x60, 0xc9, 0xa, 0xe4, 0xd8,
    0x7f, 0x30, 0x9, 0xef, 0xfd, 0x50, 0x0, 0x0,
    0xd7, 0x0, 0x0, 0x0, 0xd, 0x70, 0x0, 0x0,
    0x0, 0xd7, 0x0, 0x0,

    /* U+0445 "х" */
    0xa, 0xe1, 0x0, 0x6f, 0x40, 0x1e, 0xa0, 0x1e,
    0xa0, 0x0, 0x5f, 0x4a, 0xe1, 0x0, 0x0, 0xad,
    0xf4, 0x0, 0x0, 0x4, 0xfd, 0x0, 0x0, 0x0,
    0xdc, 0xf7, 0x0, 0x0, 0x8f, 0x28, 0xf2, 0x0,
    0x3f, 0x70, 0xd, 0xc0, 0xd, 0xc0, 0x0, 0x3f,
    0x70,

    /* U+0446 "ц" */
    0x8f, 0x0, 0x9, 0xd0, 0x8, 0xf0, 0x0, 0x9d,
    0x0, 0x8f, 0x0, 0x9, 0xd0, 0x8, 0xf0, 0x0,
    0x9d, 0x0, 0x8f, 0x0, 0x9, 0xd0, 0x8, 0xf0,
    0x0, 0x9d, 0x0, 0x8f, 0x0, 0x9, 0xd0, 0x8,
    0xf4, 0x44, 0xbe, 0x40, 0x8f, 0xff, 0xff, 0xff,
    0x0, 0x0, 0x0, 0x3, 0xf0, 0x0, 0x0, 0x0,
    0x3f, 0x0, 0x0, 0x0, 0x0, 0x40,

    /* U+0447 "ч" */
    0xcb, 0x0, 0x7, 0xfc, 0xb0, 0x0, 0x7f, 0xbb,
    0x0, 0x7, 0xfa, 0xc0, 0x0, 0x7f, 0x6f, 0x71,
    0x18, 0xf0, 0x9f, 0xff, 0xff, 0x0, 0x13, 0x37,
    0xf0, 0x0, 0x0, 0x7f, 0x0, 0x0, 0x7, 0xf0,

    /* U+0448 "ш" */
    0xf6, 0xc, 0x60, 0xc9, 0xf6, 0xc, 0x60, 0xc9,
    0xf6, 0xc, 0x60, 0xc9, 0xf6, 0xc, 0x60, 0xc9,
    0xf6, 0xc, 0x60, 0xc9, 0xf6, 0xc, 0x60, 0xc9,
    0xf6, 0xc, 0x60, 0xc9, 0xf6, 0x1c, 0x71, 0xc9,
    0xff, 0xff, 0xff, 0xf9,

    /* U+0449 "щ" */
    0xf5, 0xd, 0x40, 0xd7, 0xf, 0x50, 0xd4, 0xd,
    0x70, 0xf5, 0xd, 0x40, 0xd7, 0xf, 0x50, 0xd4,
    0xd, 0x70, 0xf5, 0xd, 0x40, 0xd7, 0xf, 0x50,
    0xd4, 0xd, 0x70, 0xf5, 0xd, 0x40, 0xd7, 0xf,
    0x73, 0xd7, 0x3e, 0x90, 0xff, 0xff, 0xff, 0xff,
    0x30, 0x0, 0x0, 0x1, 0xf3, 0x0, 0x0, 0x0,
    0x1f, 0x30, 0x0, 0x0, 0x0, 0x40,

    /* U+044A "ъ" */
    0xff, 0xfb, 0x0, 0x0, 0x4, 0x4d, 0xb0, 0x0,
    0x0, 0x0, 0xcb, 0x10, 0x0, 0x0, 0xc, 0xff,
    0xfe, 0x80, 0x0, 0xcc, 0x44, 0x8f, 0x60, 0xc,
    0xb0, 0x0, 0xcb, 0x0, 0xcb, 0x0, 0xc, 0xb0,
    0xc, 0xc5, 0x58, 0xf6, 0x0, 0xcf, 0xff, 0xd7,
    0x0,

    /* U+044B "ы" */
    0xf6, 0x0, 0x0, 0xc9, 0xf6, 0x0, 0x0, 0xc9,
    0xf6, 0x0, 0x0, 0xc9, 0xff, 0xea, 0x10, 0xc9,
    0xf7, 0x3c, 0xc0, 0xc9, 0xf6, 0x3, 0xf1, 0xc9,
    0xf6, 0x3, 0xf1, 0xc9, 0xf7, 0x3c, 0xc0, 0xc9,
    0xff, 0xfb, 0x10, 0xc9,

    /* U+044C "ь" */
    0x7f, 0x0, 0x0, 0x0, 0x7f, 0x0, 0x0, 0x0,
    0x7f, 0x11, 0x0, 0x0, 0x7f, 0xff, 0xfe, 0x80,
    0x7f, 0x44, 0x48, 0xf6, 0x7f, 0x0, 0x0, 0xcb,
    0x7f, 0x0, 0x0, 0xcb, 0x7f, 0x55, 0x58, 0xf6,
    0x7f, 0xff, 0xfd, 0x70,

    /* U+044D "э" */
    0x4, 0xcf, 0xe9, 0x0, 0x2f, 0xb5, 0x7f, 0xa0,
    0x8e, 0x0, 0x7, 0xf0, 0x11, 0x0, 0x5, 0xf2,
    0x0, 0x6f, 0xff, 0xf2, 0x0, 0x13, 0x37, 0xf2,
    0x7c, 0x0, 0x6, 0xf0, 0x3f, 0xa5, 0x6e, 0xa0,
    0x4, 0xcf, 0xe9, 0x0,

    /* U+044E "ю" */
    0xf, 0x50, 0x4d, 0xea, 0x0, 0xf5, 0xf, 0x41,
    0xd8, 0xf, 0x53, 0xe0, 0x8, 0xc0, 0xf5, 0x4e,
    0x0, 0x8c, 0xf, 0xff, 0xe0, 0x8, 0xc0, 0xf6,
    0x6e, 0x0, 0x8c, 0xf, 0x53, 0xf0, 0x9, 0xc0,
    0xf5, 0x1f, 0x63, 0xe8, 0xf, 0x50, 0x5d, 0xfa,
    0x0,

    /* U+044F "я" */
    0x0, 0x9e, 0xff, 0xff, 0x10, 0x9f, 0x74, 0x48,
    0xf1, 0xd, 0xa0, 0x0, 0x5f, 0x10, 0xbe, 0x30,
    0x5, 0xf1, 0x2, 0xdf, 0xff, 0xff, 0x10, 0x1,
    0xf9, 0x37, 0xf1, 0x0, 0x9f, 0x10, 0x5f, 0x10,
    0x2f, 0x70, 0x5, 0xf1, 0xc, 0xe0, 0x0, 0x5f,
    0x10,

    /* U+0451 "ё" */
    0xc, 0xd0, 0x4f, 0x60, 0xd, 0xd0, 0x4f, 0x60,
    0x0, 0x0, 0x0, 0x0, 0x0, 0x0, 0x0, 0x0,
    0x4, 0xcf, 0xe9, 0x0, 0x2f, 0xa4, 0x5e, 0xa0,
    0x8e, 0x0, 0x5, 0xf1, 0xac, 0x0, 0x3, 0xf3,
    0xaf, 0xff, 0xff, 0xf3, 0xac, 0x22, 0x22, 0x20,
    0x8e, 0x0, 0x1, 0x40, 0x2f, 0x94, 0x4c, 0xd0,
    0x4, 0xcf, 0xea, 0x20,

    /* U+2014 "—" */
    0x0, 0x0, 0x0, 0x0, 0x0, 0xff, 0xff, 0xff,
    0xff, 0xf9, 0x33, 0x33, 0x33, 0x33, 0x32,

    /* U+2026 "…" */
    0xb, 0x50, 0xa5, 0xa, 0x60, 0xf9, 0xf, 0x90,
    0xfa, 0xd, 0x60, 0xc6, 0xc, 0x70,

    /* U+2116 "№" */
    0x3b, 0x30, 0x2a, 0x8, 0xc4, 0x4f, 0x90, 0x3e,
    0x1d, 0x3c, 0x4d, 0xd0, 0x3e, 0x3c, 0x1e, 0x4c,
    0xd1, 0x3e, 0x3c, 0x1e, 0x4c, 0x96, 0x3e, 0x3c,
    0x1e, 0x4d, 0x5a, 0x3e, 0x2c, 0x1d, 0x4d, 0x1e,
    0x3e, 0xd, 0xc8, 0x4d, 0xd, 0x6e, 0x0, 0x20,
    0x4d, 0x8, 0xae, 0x0, 0x0, 0x4d, 0x4, 0xde,
    0x0, 0x0, 0x4d, 0x0, 0xfe, 0x0, 0x0, 0x4d,
    0x0, 0xce, 0x0, 0x0,

    /* U+2500 "─" */
    0x3a, 0xaa, 0xaa, 0xaa, 0xaa, 0x94, 0xff, 0xff,
    0xff, 0xff, 0xfe,

    /* U+2501 "━" */
    0x14, 0x44, 0x44, 0x44, 0x44, 0x45, 0xff, 0xff,
    0xff, 0xff, 0xfe, 0x5f, 0xff, 0xff, 0xff, 0xff,
    0xe4, 0xee, 0xee, 0xee, 0xee, 0xed,

    /* U+2502 "│" */
    0x21, 0xf9, 0xf9, 0xf9, 0xf9, 0xf9, 0xf9, 0xf9,
    0xf9, 0xf9, 0xf9, 0xf9, 0xf9, 0xf9, 0xf9, 0xf9,
    0xf9, 0xf9, 0xf9, 0xf9, 0xf9, 0xf9,

    /* U+2503 "┃" */
    0x22, 0x20, 0xef, 0xf4, 0xef, 0xf4, 0xef, 0xf4,
    0xef, 0xf4, 0xef, 0xf4, 0xef, 0xf4, 0xef, 0xf4,
    0xef, 0xf4, 0xef, 0xf4, 0xef, 0xf4, 0xef, 0xf4,
    0xef, 0xf4, 0xef, 0xf4, 0xef, 0xf4, 0xef, 0xf4,
    0xef, 0xf4, 0xef, 0xf4, 0xef, 0xf4, 0xef, 0xf4,
    0xef, 0xf4, 0xef, 0xf4,

    /* U+2504 "┄" */
    0x1a, 0x81, 0xa7, 0x2a, 0x82, 0xfc, 0x1f, 0xa3,
    0xfc,

    /* U+2505 "┅" */
    0x4, 0x30, 0x43, 0x14, 0x33, 0xfd, 0x1f, 0xb3,
    0xfd, 0x3f, 0xd1, 0xfb, 0x3f, 0xd2, 0xec, 0x1e,
    0xa3, 0xeb,

    /* U+2506 "┆" */
    0x0, 0xf9, 0xf9, 0xf9, 0xf9, 0xf9, 0x63, 0x63,
    0xf9, 0xf9, 0xf9, 0xf9, 0xf9, 0x0, 0xf9, 0xf9,
    0xf9, 0xf9, 0xf9, 0x74,

    /* U+2507 "┇" */
    0x0, 0x0, 0xef, 0xf4, 0xef, 0xf4, 0xef, 0xf4,
    0xef, 0xf4, 0xef, 0xf4, 0x23, 0x30, 0x9a, 0xa2,
    0xef, 0xf4, 0xef, 0xf4, 0xef, 0xf4, 0xef, 0xf4,
    0xde, 0xe4, 0x0, 0x0, 0xdf, 0xf4, 0xef, 0xf4,
    0xef, 0xf4, 0xef, 0xf4, 0xef, 0xf4, 0x44, 0x41,

    /* U+2508 "┈" */
    0x6a, 0x2a, 0x39, 0x65, 0xa0, 0x9f, 0x3f, 0x4e,
    0xa8, 0xf1,

    /* U+2509 "┉" */
    0x24, 0x14, 0x14, 0x32, 0x40, 0x9f, 0x3f, 0x5e,
    0xa8, 0xf1, 0x9f, 0x3f, 0x5e, 0xa8, 0xf1, 0x8e,
    0x3e, 0x4d, 0x97, 0xe1,

    /* U+250A "┊" */
    0xf9, 0xf9, 0xf9, 0x74, 0x10, 0xf9, 0xf9, 0xf9,
    0x53, 0x31, 0xf9, 0xf9, 0xf9, 0x32, 0x52, 0xf9,
    0xf9, 0xf9, 0x21,

    /* U+250B "┋" */
    0xef, 0xf4, 0xef, 0xf4, 0xef, 0xf4, 0x77, 0x72,
    0x11, 0x10, 0xef, 0xf4, 0xef, 0xf4, 0xef, 0xf4,
    0x55, 0x51, 0x23, 0x30, 0xef, 0xf4, 0xef, 0xf4,
    0xef, 0xf4, 0x33, 0x31, 0x45, 0x51, 0xef, 0xf4,
    0xef, 0xf4, 0xef, 0xf4, 0x12, 0x20,

    /* U+250C "┌" */
    0xaa, 0xaa, 0xa9, 0xff, 0xff, 0xfe, 0xf9, 0x0,
    0x0, 0xf9, 0x0, 0x0, 0xf9, 0x0, 0x0, 0xf9,
    0x0, 0x0, 0xf9, 0x0, 0x0, 0xf9, 0x0, 0x0,
    0xf9, 0x0, 0x0, 0xf9, 0x0, 0x0, 0xf9, 0x0,
    0x0, 0xe8, 0x0, 0x0,

    /* U+250D "┍" */
    0x44, 0x44, 0x44, 0xff, 0xff, 0xfe, 0xff, 0xff,
    0xfe, 0xff, 0xee, 0xed, 0xf9, 0x0, 0x0, 0xf9,
    0x0, 0x0, 0xf9, 0x0, 0x0, 0xf9, 0x0, 0x0,
    0xf9, 0x0, 0x0, 0xf9, 0x0, 0x0, 0xf9, 0x0,
    0x0, 0xf9, 0x0, 0x0, 0xf9, 0x0, 0x0, 0x0,
    0x0, 0x0,

    /* U+250E "┎" */
    0x9a, 0xaa, 0xaa, 0x8e, 0xff, 0xff, 0xfc, 0xef,
    0xf4, 0x0, 0xe, 0xff, 0x40, 0x0, 0xef, 0xf4,
    0x0, 0xe, 0xff, 0x40, 0x0, 0xef, 0xf4, 0x0,
    0xe, 0xff, 0x40, 0x0, 0xef, 0xf4, 0x0, 0xe,
    0xff, 0x40, 0x0, 0xef, 0xf4, 0x0, 0xc, 0xee,
    0x30, 0x0,

    /* U+250F "┏" */
    0x44, 0x44, 0x44, 0x3e, 0xff, 0xff, 0xfc, 0xef,
    0xff, 0xff, 0xce, 0xff, 0xee, 0xeb, 0xef, 0xf4,
    0x0, 0xe, 0xff, 0x40, 0x0, 0xef, 0xf4, 0x0,
    0xe, 0xff, 0x40, 0x0, 0xef, 0xf4, 0x0, 0xe,
    0xff, 0x40, 0x0, 0xef, 0xf4, 0x0, 0xe, 0xff,
    0x40, 0x0, 0xef, 0xf4, 0x0, 0x0, 0x0, 0x0,
    0x0,

    /* U+2510 "┐" */
    0x3a, 0xaa, 0xaa, 0x64, 0xff, 0xff, 0xf9, 0x0,
    0x0, 0xf, 0x90, 0x0, 0x0, 0xf9, 0x0, 0x0,
    0xf, 0x90, 0x0, 0x0, 0xf9, 0x0, 0x0, 0xf,
    0x90, 0x0, 0x0, 0xf9, 0x0, 0x0, 0xf, 0x90,
    0x0, 0x0, 0xf9, 0x0, 0x0, 0xf, 0x90, 0x0,
    0x0, 0xe8,

    /* U+2511 "┑" */
    0x14, 0x44, 0x44, 0x25, 0xff, 0xff, 0xf9, 0x5f,
    0xff, 0xff, 0x94, 0xee, 0xee, 0xf9, 0x0, 0x0,
    0xf, 0x90, 0x0, 0x0, 0xf9, 0x0, 0x0, 0xf,
    0x90, 0x0, 0x0, 0xf9, 0x0, 0x0, 0xf, 0x90,
    0x0, 0x0, 0xf9, 0x0, 0x0, 0xf, 0x90, 0x0,
    0x0, 0xf9, 0x0, 0x0, 0xf, 0x90, 0x0, 0x0,
    0x0,

    /* U+2512 "┒" */
    0x4a, 0xaa, 0xaa, 0xa2, 0x6f, 0xff, 0xff, 0xf4,
    0x0, 0x0, 0xef, 0xf4, 0x0, 0x0, 0xef, 0xf4,
    0x0, 0x0, 0xef, 0xf4, 0x0, 0x0, 0xef, 0xf4,
    0x0, 0x0, 0xef, 0xf4, 0x0, 0x0, 0xef, 0xf4,
    0x0, 0x0, 0xef, 0xf4, 0x0, 0x0, 0xef, 0xf4,
    0x0, 0x0, 0xef, 0xf4, 0x0, 0x0, 0xce, 0xe3,

    /* U+2513 "┓" */
    0x24, 0x44, 0x44, 0x41, 0x7f, 0xff, 0xff, 0xf4,
    0x7f, 0xff, 0xff, 0xf4, 0x6e, 0xee, 0xff, 0xf4,
    0x0, 0x0, 0xef, 0xf4, 0x0, 0x0, 0xef, 0xf4,
    0x0, 0x0, 0xef, 0xf4, 0x0, 0x0, 0xef, 0xf4,
    0x0, 0x0, 0xef, 0xf4, 0x0, 0x0, 0xef, 0xf4,
    0x0, 0x0, 0xef, 0xf4, 0x0, 0x0, 0xef, 0xf4,
    0x0, 0x0, 0xef, 0xf4, 0x0, 0x0, 0x0, 0x0,

    /* U+2514 "└" */
    0x32, 0x0, 0x0, 0xf9, 0x0, 0x0, 0xf9, 0x0,
    0x0, 0xf9, 0x0, 0x0, 0xf9, 0x0, 0x0, 0xf9,
    0x0, 0x0, 0xf9, 0x0, 0x0, 0xf9, 0x0, 0x0,
    0xf9, 0x0, 0x0, 0xf9, 0x0, 0x0, 0xfd, 0xaa,
    0xa9, 0xff, 0xff, 0xfe,

    /* U+2515 "┕" */
    0x10, 0x0, 0x0, 0xf9, 0x0, 0x0, 0xf9, 0x0,
    0x0, 0xf9, 0x0, 0x0, 0xf9, 0x0, 0x0, 0xf9,
    0x0, 0x0, 0xf9, 0x0, 0x0, 0xf9, 0x0, 0x0,
    0xf9, 0x0, 0x0, 0xfb, 0x44, 0x44, 0xff, 0xff,
    0xfe, 0xff, 0xff, 0xfe, 0xee, 0xee, 0xed,

    /* U+2516 "┖" */
    0x33, 0x31, 0x0, 0xe, 0xff, 0x40, 0x0, 0xef,
    0xf4, 0x0, 0xe, 0xff, 0x40, 0x0, 0xef, 0xf4,
    0x0, 0xe, 0xff, 0x40, 0x0, 0xef, 0xf4, 0x0,
    0xe, 0xff, 0x40, 0x0, 0xef, 0xf4, 0x0, 0xe,
    0xff, 0x40, 0x0, 0xef, 0xfb, 0xaa, 0x8e, 0xff,
    0xff, 0xfc,

    /* U+2517 "┗" */
    0x11, 0x10, 0x0, 0xe, 0xff, 0x40, 0x0, 0xef,
    0xf4, 0x0, 0xe, 0xff, 0x40, 0x0, 0xef, 0xf4,
    0x0, 0xe, 0xff, 0x40, 0x0, 0xef, 0xf4, 0x0,
    0xe, 0xff, 0x40, 0x0, 0xef, 0xf4, 0x0, 0xe,
    0xff, 0x74, 0x43, 0xef, 0xff, 0xff, 0xce, 0xff,
    0xff, 0xfc, 0xde, 0xee, 0xee, 0xb0,

    /* U+2518 "┘" */
    0x0, 0x0, 0x3, 0x20, 0x0, 0x0, 0xf9, 0x0,
    0x0, 0xf, 0x90, 0x0, 0x0, 0xf9, 0x0, 0x0,
    0xf, 0x90, 0x0, 0x0, 0xf9, 0x0, 0x0, 0xf,
    0x90, 0x0, 0x0, 0xf9, 0x0, 0x0, 0xf, 0x90,
    0x0, 0x0, 0xf9, 0x3a, 0xaa, 0xaf, 0x94, 0xff,
    0xff, 0xf9,

    /* U+2519 "┙" */
    0x0, 0x0, 0x1, 0x0, 0x0, 0x0, 0xf9, 0x0,
    0x0, 0xf, 0x90, 0x0, 0x0, 0xf9, 0x0, 0x0,
    0xf, 0x90, 0x0, 0x0, 0xf9, 0x0, 0x0, 0xf,
    0x90, 0x0, 0x0, 0xf9, 0x0, 0x0, 0xf, 0x91,
    0x44, 0x44, 0xf9, 0x5f, 0xff, 0xff, 0x95, 0xff,
    0xff, 0xf9, 0x4e, 0xee, 0xee, 0x80,

    /* U+251A "┚" */
    0x0, 0x0, 0x33, 0x31, 0x0, 0x0, 0xef, 0xf4,
    0x0, 0x0, 0xef, 0xf4, 0x0, 0x0, 0xef, 0xf4,
    0x0, 0x0, 0xef, 0xf4, 0x0, 0x0, 0xef, 0xf4,
    0x0, 0x0, 0xef, 0xf4, 0x0, 0x0, 0xef, 0xf4,
    0x0, 0x0, 0xef, 0xf4, 0x0, 0x0, 0xef, 0xf4,
    0x4a, 0xaa, 0xff, 0xf4, 0x6f, 0xff, 0xff, 0xf4,

    /* U+251B "┛" */
    0x0, 0x0, 0x11, 0x10, 0x0, 0x0, 0xef, 0xf4,
    0x0, 0x0, 0xef, 0xf4, 0x0, 0x0, 0xef, 0xf4,
    0x0, 0x0, 0xef, 0xf4, 0x0, 0x0, 0xef, 0xf4,
    0x0, 0x0, 0xef, 0xf4, 0x0, 0x0, 0xef, 0xf4,
    0x0, 0x0, 0xef, 0xf4, 0x24, 0x44, 0xff, 0xf4,
    0x7f, 0xff, 0xff, 0xf4, 0x7f, 0xff, 0xff, 0xf4,
    0x6e, 0xee, 0xee, 0xe4,

    /* U+251C "├" */
    0x21, 0x0, 0x0, 0xf9, 0x0, 0x0, 0xf9, 0x0,
    0x0, 0xf9, 0x0, 0x0, 0xf9, 0x0, 0x0, 0xf9,
    0x0, 0x0, 0xf9, 0x0, 0x0, 0xf9, 0x0, 0x0,
    0xf9, 0x0, 0x0, 0xf9, 0x0, 0x0, 0xfd, 0x99,
    0x98, 0xff, 0xff, 0xfe, 0xf9, 0x0, 0x0, 0xf9,
    0x0, 0x0, 0xf9, 0x0, 0x0, 0xf9, 0x0, 0x0,
    0xf9, 0x0, 0x0, 0xf9, 0x0, 0x0, 0xf9, 0x0,
    0x0, 0xf9, 0x0, 0x0, 0xf9, 0x0, 0x0, 0xf9,
    0x0, 0x0,

    /* U+251D "┝" */
    0x21, 0x0, 0x0, 0xf9, 0x0, 0x0, 0xf9, 0x0,
    0x0, 0xf9, 0x0, 0x0, 0xf9, 0x0, 0x0, 0xf9,
    0x0, 0x0, 0xf9, 0x0, 0x0, 0xf9, 0x0, 0x0,
    0xf9, 0x0, 0x0, 0xfb, 0x55, 0x55, 0xff, 0xff,
    0xfe, 0xff, 0xff, 0xfe, 0xfe, 0xdd, 0xdc, 0xf9,
    0x0, 0x0, 0xf9, 0x0, 0x0, 0xf9, 0x0, 0x0,
    0xf9, 0x0, 0x0, 0xf9, 0x0, 0x0, 0xf9, 0x0,
    0x0, 0xf9, 0x0, 0x0, 0xf9, 0x0, 0x0, 0xf9,
    0x0, 0x0,

    /* U+251E "┞" */
    0x33, 0x31, 0x0, 0xe, 0xff, 0x40, 0x0, 0xef,
    0xf4, 0x0, 0xe, 0xff, 0x40, 0x0, 0xef, 0xf4,
    0x0, 0xe, 0xff, 0x40, 0x0, 0xef, 0xf4, 0x0,
    0xe, 0xff, 0x40, 0x0, 0xef, 0xf4, 0x0, 0xe,
    0xff, 0x40, 0x0, 0xef, 0xfb, 0xaa, 0x8e, 0xff,
    0xff, 0xfc, 0x2f, 0x70, 0x0, 0x2, 0xf7, 0x0,
    0x0, 0x2f, 0x70, 0x0, 0x2, 0xf7, 0x0, 0x0,
    0x2f, 0x70, 0x0, 0x2, 0xf7, 0x0, 0x0, 0x2f,
    0x70, 0x0, 0x2, 0xf7, 0x0, 0x0, 0x2f, 0x70,
    0x0, 0x1, 0xe6, 0x0, 0x0,

    /* U+251F "┟" */
    0x2, 0x10, 0x0, 0x2, 0xf7, 0x0, 0x0, 0x2f,
    0x70, 0x0, 0x2, 0xf7, 0x0, 0x0, 0x2f, 0x70,
    0x0, 0x2, 0xf7, 0x0, 0x0, 0x2f, 0x70, 0x0,
    0x2, 0xf7, 0x0, 0x0, 0x2f, 0x70, 0x0, 0x2,
    0xf7, 0x0, 0x0, 0x9f, 0xc9, 0x99, 0x7e, 0xff,
    0xff, 0xfc, 0xef, 0xf4, 0x0, 0xe, 0xff, 0x40,
    0x0, 0xef, 0xf4, 0x0, 0xe, 0xff, 0x40, 0x0,
    0xef, 0xf4, 0x0, 0xe, 0xff, 0x40, 0x0, 0xef,
    0xf4, 0x0, 0xe, 0xff, 0x40, 0x0, 0xef, 0xf4,
    0x0, 0xe, 0xff, 0x40, 0x0,

    /* U+2520 "┠" */
    0x22, 0x20, 0x0, 0xe, 0xff, 0x40, 0x0, 0xef,
    0xf4, 0x0, 0xe, 0xff, 0x40, 0x0, 0xef, 0xf4,
    0x0, 0xe, 0xff, 0x40, 0x0, 0xef, 0xf4, 0x0,
    0xe, 0xff, 0x40, 0x0, 0xef, 0xf4, 0x0, 0xe,
    0xff, 0x40, 0x0, 0xef, 0xfa, 0x99, 0x7e, 0xff,
    0xff, 0xfc, 0xef, 0xf4, 0x0, 0xe, 0xff, 0x40,
    0x0, 0xef, 0xf4, 0x0, 0xe, 0xff, 0x40, 0x0,
    0xef, 0xf4, 0x0, 0xe, 0xff, 0x40, 0x0, 0xef,
    0xf4, 0x0, 0xe, 0xff, 0x40, 0x0, 0xef, 0xf4,
    0x0, 0xe, 0xff, 0x40, 0x0,

    /* U+2521 "┡" */
    0x11, 0x10, 0x0, 0xe, 0xff, 0x40, 0x0, 0xef,
    0xf4, 0x0, 0xe, 0xff, 0x40, 0x0, 0xef, 0xf4,
    0x0, 0xe, 0xff, 0x40, 0x0, 0xef, 0xf4, 0x0,
    0xe, 0xff, 0x40, 0x0, 0xef, 0xf4, 0x0, 0xe,
    0xff, 0x74, 0x43, 0xef, 0xff, 0xff, 0xce, 0xff,
    0xff, 0xfc, 0xdf, 0xfe, 0xee, 0xb2, 0xf7, 0x0,
    0x0, 0x2f, 0x70, 0x0, 0x2, 0xf7, 0x0, 0x0,
    0x2f, 0x70, 0x0, 0x2, 0xf7, 0x0, 0x0, 0x2f,
    0x70, 0x0, 0x2, 0xf7, 0x0, 0x0, 0x2f, 0x70,
    0x0, 0x2, 0xf7, 0x0, 0x0, 0x0, 0x0, 0x0,
    0x0,

    /* U+2522 "┢" */
    0x2, 0x10, 0x0, 0x2, 0xf7, 0x0, 0x0, 0x2f,
    0x70, 0x0, 0x2, 0xf7, 0x0, 0x0, 0x2f, 0x70,
    0x0, 0x2, 0xf7, 0x0, 0x0, 0x2f, 0x70, 0x0,
    0x2, 0xf7, 0x0, 0x0, 0x2f, 0x70, 0x0, 0x6,
    0xfa, 0x55, 0x54, 0xef, 0xff, 0xff, 0xce, 0xff,
    0xff, 0xfc, 0xef, 0xfe, 0xdd, 0xae, 0xff, 0x40,
    0x0, 0xef, 0xf4, 0x0, 0xe, 0xff, 0x40, 0x0,
    0xef, 0xf4, 0x0, 0xe, 0xff, 0x40, 0x0, 0xef,
    0xf4, 0x0, 0xe, 0xff, 0x40, 0x0, 0xef, 0xf4,
    0x0, 0xe, 0xff, 0x40, 0x0,

    /* U+2523 "┣" */
    0x22, 0x20, 0x0, 0xe, 0xff, 0x40, 0x0, 0xef,
    0xf4, 0x0, 0xe, 0xff, 0x40, 0x0, 0xef, 0xf4,
    0x0, 0xe, 0xff, 0x40, 0x0, 0xef, 0xf4, 0x0,
    0xe, 0xff, 0x40, 0x0, 0xef, 0xf4, 0x0, 0xe,
    0xff, 0x85, 0x54, 0xef, 0xff, 0xff, 0xce, 0xff,
    0xff, 0xfc, 0xef, 0xfe, 0xdd, 0xae, 0xff, 0x40,
    0x0, 0xef, 0xf4, 0x0, 0xe, 0xff, 0x40, 0x0,
    0xef, 0xf4, 0x0, 0xe, 0xff, 0x40, 0x0, 0xef,
    0xf4, 0x0, 0xe, 0xff, 0x40, 0x0, 0xef, 0xf4,
    0x0, 0xe, 0xff, 0x40, 0x0,

    /* U+2524 "┤" */
    0x0, 0x0, 0x2, 0x10, 0x0, 0x0, 0xf9, 0x0,
    0x0, 0xf, 0x90, 0x0, 0x0, 0xf9, 0x0, 0x0,
    0xf, 0x90, 0x0, 0x0, 0xf9, 0x0, 0x0, 0xf,
    0x90, 0x0, 0x0, 0xf9, 0x0, 0x0, 0xf, 0x90,
    0x0, 0x0, 0xf9, 0x29, 0x99, 0x9f, 0x95, 0xff,
    0xff, 0xf9, 0x0, 0x0, 0xf, 0x90, 0x0, 0x0,
    0xf9, 0x0, 0x0, 0xf, 0x90, 0x0, 0x0, 0xf9,
    0x0, 0x0, 0xf, 0x90, 0x0, 0x0, 0xf9, 0x0,
    0x0, 0xf, 0x90, 0x0, 0x0, 0xf9, 0x0, 0x0,
    0xf, 0x90, 0x0, 0x0, 0xf9,

    /* U+2525 "┥" */
    0x0, 0x0, 0x2, 0x10, 0x0, 0x0, 0xf9, 0x0,
    0x0, 0xf, 0x90, 0x0, 0x0, 0xf9, 0x0, 0x0,
    0xf, 0x90, 0x0, 0x0, 0xf9, 0x0, 0x0, 0xf,
    0x90, 0x0, 0x0, 0xf9, 0x0, 0x0, 0xf, 0x91,
    0x55, 0x55, 0xf9, 0x5f, 0xff, 0xff, 0x95, 0xff,
    0xff, 0xf9, 0x4d, 0xdd, 0xdf, 0x90, 0x0, 0x0,
    0xf9, 0x0, 0x0, 0xf, 0x90, 0x0, 0x0, 0xf9,
    0x0, 0x0, 0xf, 0x90, 0x0, 0x0, 0xf9, 0x0,
    0x0, 0xf, 0x90, 0x0, 0x0, 0xf9, 0x0, 0x0,
    0xf, 0x90, 0x0, 0x0, 0xf9,

    /* U+2526 "┦" */
    0x0, 0x0, 0x33, 0x31, 0x0, 0x0, 0xef, 0xf4,
    0x0, 0x0, 0xef, 0xf4, 0x0, 0x0, 0xef, 0xf4,
    0x0, 0x0, 0xef, 0xf4, 0x0, 0x0, 0xef, 0xf4,
    0x0, 0x0, 0xef, 0xf4, 0x0, 0x0, 0xef, 0xf4,
    0x0, 0x0, 0xef, 0xf4, 0x0, 0x0, 0xef, 0xf4,
    0x4a, 0xaa, 0xff, 0xf4, 0x6f, 0xff, 0xff, 0xf4,
    0x0, 0x0, 0x2f, 0x70, 0x0, 0x0, 0x2f, 0x70,
    0x0, 0x0, 0x2f, 0x70, 0x0, 0x0, 0x2f, 0x70,
    0x0, 0x0, 0x2f, 0x70, 0x0, 0x0, 0x2f, 0x70,
    0x0, 0x0, 0x2f, 0x70, 0x0, 0x0, 0x2f, 0x70,
    0x0, 0x0, 0x2f, 0x70, 0x0, 0x0, 0x1e, 0x60,

    /* U+2527 "┧" */
    0x0, 0x0, 0x3, 0x10, 0x0, 0x0, 0x2f, 0x70,
    0x0, 0x0, 0x2f, 0x70, 0x0, 0x0, 0x2f, 0x70,
    0x0, 0x0, 0x2f, 0x70, 0x0, 0x0, 0x2f, 0x70,
    0x0, 0x0, 0x2f, 0x70, 0x0, 0x0, 0x2f, 0x70,
    0x0, 0x0, 0x2f, 0x70, 0x0, 0x0, 0x2f, 0x70,
    0x4a, 0xaa, 0xaf, 0xd2, 0x6f, 0xff, 0xff, 0xf4,
    0x0, 0x0, 0xef, 0xf4, 0x0, 0x0, 0xef, 0xf4,
    0x0, 0x0, 0xef, 0xf4, 0x0, 0x0, 0xef, 0xf4,
    0x0, 0x0, 0xef, 0xf4, 0x0, 0x0, 0xef, 0xf4,
    0x0, 0x0, 0xef, 0xf4, 0x0, 0x0, 0xef, 0xf4,
    0x0, 0x0, 0xef, 0xf4, 0x0, 0x0, 0xce, 0xe3,

    /* U+2528 "┨" */
    0x0, 0x0, 0x22, 0x20, 0x0, 0x0, 0xef, 0xf4,
    0x0, 0x0, 0xef, 0xf4, 0x0, 0x0, 0xef, 0xf4,
    0x0, 0x0, 0xef, 0xf4, 0x0, 0x0, 0xef, 0xf4,
    0x0, 0x0, 0xef, 0xf4, 0x0, 0x0, 0xef, 0xf4,
    0x0, 0x0, 0xef, 0xf4, 0x0, 0x0, 0xef, 0xf4,
    0x39, 0x99, 0xff, 0xf4, 0x7f, 0xff, 0xff, 0xf4,
    0x0, 0x0, 0xef, 0xf4, 0x0, 0x0, 0xef, 0xf4,
    0x0, 0x0, 0xef, 0xf4, 0x0, 0x0, 0xef, 0xf4,
    0x0, 0x0, 0xef, 0xf4, 0x0, 0x0, 0xef, 0xf4,
    0x0, 0x0, 0xef, 0xf4, 0x0, 0x0, 0xef, 0xf4,
    0x0, 0x0, 0xef, 0xf4, 0x0, 0x0, 0xef, 0xf4,

    /* U+2529 "┩" */
    0x0, 0x0, 0x11, 0x10, 0x0, 0x0, 0xef, 0xf4,
    0x0, 0x0, 0xef, 0xf4, 0x0, 0x0, 0xef, 0xf4,
    0x0, 0x0, 0xef, 0xf4, 0x0, 0x0, 0xef, 0xf4,
    0x0, 0x0, 0xef, 0xf4, 0x0, 0x0, 0xef, 0xf4,
    0x0, 0x0, 0xef, 0xf4, 0x24, 0x44, 0xff, 0xf4,
    0x7f, 0xff, 0xff, 0xf4, 0x7f, 0xff, 0xff, 0xf4,
    0x6e, 0xee, 0xef, 0xf4, 0x0, 0x0, 0x2f, 0x70,
    0x0, 0x0, 0x2f, 0x70, 0x0, 0x0, 0x2f, 0x70,
    0x0, 0x0, 0x2f, 0x70, 0x0, 0x0, 0x2f, 0x70,
    0x0, 0x0, 0x2f, 0x70, 0x0, 0x0, 0x2f, 0x70,
    0x0, 0x0, 0x2f, 0x70, 0x0, 0x0, 0x2f, 0x70,
    0x0, 0x0, 0x0, 0x0,

    /* U+252A "┪" */
    0x0, 0x0, 0x1, 0x0, 0x0, 0x0, 0x2f, 0x70,
    0x0, 0x0, 0x2f, 0x70, 0x0, 0x0, 0x2f, 0x70,
    0x0, 0x0, 0x2f, 0x70, 0x0, 0x0, 0x2f, 0x70,
    0x0, 0x0, 0x2f, 0x70, 0x0, 0x0, 0x2f, 0x70,
    0x0, 0x0, 0x2f, 0x70, 0x24, 0x44, 0x6f, 0xa1,
    0x7f, 0xff, 0xff, 0xf4, 0x7f, 0xff, 0xff, 0xf4,
    0x6e, 0xee, 0xff, 0xf4, 0x0, 0x0, 0xef, 0xf4,
    0x0, 0x0, 0xef, 0xf4, 0x0, 0x0, 0xef, 0xf4,
    0x0, 0x0, 0xef, 0xf4, 0x0, 0x0, 0xef, 0xf4,
    0x0, 0x0, 0xef, 0xf4, 0x0, 0x0, 0xef, 0xf4,
    0x0, 0x0, 0xef, 0xf4, 0x0, 0x0, 0xef, 0xf4,
    0x0, 0x0, 0x0, 0x0,

    /* U+252B "┫" */
    0x0, 0x0, 0x22, 0x20, 0x0, 0x0, 0xef, 0xf4,
    0x0, 0x0, 0xef, 0xf4, 0x0, 0x0, 0xef, 0xf4,
    0x0, 0x0, 0xef, 0xf4, 0x0, 0x0, 0xef, 0xf4,
    0x0, 0x0, 0xef, 0xf4, 0x0, 0x0, 0xef, 0xf4,
    0x0, 0x0, 0xef, 0xf4, 0x25, 0x55, 0xff, 0xf4,
    0x7f, 0xff, 0xff, 0xf4, 0x7f, 0xff, 0xff, 0xf4,
    0x5d, 0xdd, 0xff, 0xf4, 0x0, 0x0, 0xef, 0xf4,
    0x0, 0x0, 0xef, 0xf4, 0x0, 0x0, 0xef, 0xf4,
    0x0, 0x0, 0xef, 0xf4, 0x0, 0x0, 0xef, 0xf4,
    0x0, 0x0, 0xef, 0xf4, 0x0, 0x0, 0xef, 0xf4,
    0x0, 0x0, 0xef, 0xf4, 0x0, 0x0, 0xef, 0xf4,

    /* U+252C "┬" */
    0x3a, 0xaa, 0xaa, 0xaa, 0xaa, 0x94, 0xff, 0xff,
    0xff, 0xff, 0xfe, 0x0, 0x0, 0xf, 0x90, 0x0,
    0x0, 0x0, 0x0, 0xf9, 0x0, 0x0, 0x0, 0x0,
    0xf, 0x90, 0x0, 0x0, 0x0, 0x0, 0xf9, 0x0,
    0x0, 0x0, 0x0, 0xf, 0x90, 0x0, 0x0, 0x0,
    0x0, 0xf9, 0x0, 0x0, 0x0, 0x0, 0xf, 0x90,
    0x0, 0x0, 0x0, 0x0, 0xf9, 0x0, 0x0, 0x0,
    0x0, 0xf, 0x90, 0x0, 0x0, 0x0, 0x0, 0xe8,
    0x0, 0x0,

    /* U+252D "┭" */
    0x14, 0x44, 0x44, 0x20, 0x0, 0x5, 0xff, 0xff,
    0xfc, 0x88, 0x87, 0x5f, 0xff, 0xff, 0xff, 0xff,
    0xe4, 0xee, 0xee, 0xfa, 0x11, 0x11, 0x0, 0x0,
    0xf, 0x90, 0x0, 0x0, 0x0, 0x0, 0xf9, 0x0,
    0x0, 0x0, 0x0, 0xf, 0x90, 0x0, 0x0, 0x0,
    0x0, 0xf9, 0x0, 0x0, 0x0, 0x0, 0xf, 0x90,
    0x0, 0x0, 0x0, 0x0, 0xf9, 0x0, 0x0, 0x0,
    0x0, 0xf, 0x90, 0x0, 0x0, 0x0, 0x0, 0xf9,
    0x0, 0x0, 0x0, 0x0, 0xf, 0x90, 0x0, 0x0,
    0x0, 0x0, 0x0, 0x0, 0x0,

    /* U+252E "┮" */
    0x0, 0x0, 0x4, 0x44, 0x44, 0x42, 0x88, 0x88,
    0xff, 0xff, 0xfe, 0x5f, 0xff, 0xff, 0xff, 0xff,
    0xe0, 0x11, 0x11, 0xff, 0xee, 0xed, 0x0, 0x0,
    0xf, 0x90, 0x0, 0x0, 0x0, 0x0, 0xf9, 0x0,
    0x0, 0x0, 0x0, 0xf, 0x90, 0x0, 0x0, 0x0,
    0x0, 0xf9, 0x0, 0x0, 0x0, 0x0, 0xf, 0x90,
    0x0, 0x0, 0x0, 0x0, 0xf9, 0x0, 0x0, 0x0,
    0x0, 0xf, 0x90, 0x0, 0x0, 0x0, 0x0, 0xf9,
    0x0, 0x0, 0x0, 0x0, 0xf, 0x90, 0x0, 0x0,
    0x0, 0x0, 0x0, 0x0, 0x0,

    /* U+252F "┯" */
    0x14, 0x44, 0x44, 0x44, 0x44, 0x45, 0xff, 0xff,
    0xff, 0xff, 0xfe, 0x5f, 0xff, 0xff, 0xff, 0xff,
    0xe4, 0xee, 0xee, 0xff, 0xee, 0xed, 0x0, 0x0,
    0xf, 0x90, 0x0, 0x0, 0x0, 0x0, 0xf9, 0x0,
    0x0, 0x0, 0x0, 0xf, 0x90, 0x0, 0x0, 0x0,
    0x0, 0xf9, 0x0, 0x0, 0x0, 0x0, 0xf, 0x90,
    0x0, 0x0, 0x0, 0x0, 0xf9, 0x0, 0x0, 0x0,
    0x0, 0xf, 0x90, 0x0, 0x0, 0x0, 0x0, 0xf9,
    0x0, 0x0, 0x0, 0x0, 0xf, 0x90, 0x0, 0x0,
    0x0, 0x0, 0x0, 0x0, 0x0,

    /* U+2530 "┰" */
    0x3a, 0xaa, 0xaa, 0xaa, 0xaa, 0x94, 0xff, 0xff,
    0xff, 0xff, 0xfe, 0x0, 0x0, 0xcf, 0xf6, 0x0,
    0x0, 0x0, 0xc, 0xff, 0x60, 0x0, 0x0, 0x0,
    0xcf, 0xf6, 0x0, 0x0, 0x0, 0xc, 0xff, 0x60,
    0x0, 0x0, 0x0, 0xcf, 0xf6, 0x0, 0x0, 0x0,
    0xc, 0xff, 0x60, 0x0, 0x0, 0x0, 0xcf, 0xf6,
    0x0, 0x0, 0x0, 0xc, 0xff, 0x60, 0x0, 0x0,
    0x0, 0xcf, 0xf6, 0x0, 0x0, 0x0, 0xb, 0xee,
    0x50, 0x0,

    /* U+2531 "┱" */
    0x4, 0x44, 0x44, 0x42, 0x0, 0x0, 0x1f, 0xff,
    0xff, 0xfd, 0x88, 0x81, 0x1f, 0xff, 0xff, 0xff,
    0xff, 0xf2, 0x1e, 0xee, 0xff, 0xfa, 0x11, 0x10,
    0x0, 0x0, 0x9f, 0xfa, 0x0, 0x0, 0x0, 0x0,
    0x9f, 0xfa, 0x0, 0x0, 0x0, 0x0, 0x9f, 0xfa,
    0x0, 0x0, 0x0, 0x0, 0x9f, 0xfa, 0x0, 0x0,
    0x0, 0x0, 0x9f, 0xfa, 0x0, 0x0, 0x0, 0x0,
    0x9f, 0xfa, 0x0, 0x0, 0x0, 0x0, 0x9f, 0xfa,
    0x0, 0x0, 0x0, 0x0, 0x9f, 0xfa, 0x0, 0x0,
    0x0, 0x0, 0x9f, 0xfa, 0x0, 0x0, 0x0, 0x0,
    0x0, 0x0, 0x0, 0x0,

    /* U+2532 "┲" */
    0x0, 0x0, 0x44, 0x44, 0x44, 0x33, 0x88, 0x8f,
    0xff, 0xff, 0xfc, 0x7f, 0xff, 0xff, 0xff, 0xff,
    0xc0, 0x11, 0x1e, 0xff, 0xee, 0xeb, 0x0, 0x0,
    0xef, 0xf4, 0x0, 0x0, 0x0, 0xe, 0xff, 0x40,
    0x0, 0x0, 0x0, 0xef, 0xf4, 0x0, 0x0, 0x0,
    0xe, 0xff, 0x40, 0x0, 0x0, 0x0, 0xef, 0xf4,
    0x0, 0x0, 0x0, 0xe, 0xff, 0x40, 0x0, 0x0,
    0x0, 0xef, 0xf4, 0x0, 0x0, 0x0, 0xe, 0xff,
    0x40, 0x0, 0x0, 0x0, 0xef, 0xf4, 0x0, 0x0,
    0x0, 0x0, 0x0, 0x0, 0x0,

    /* U+2533 "┳" */
    0x14, 0x44, 0x44, 0x44, 0x44, 0x45, 0xff, 0xff,
    0xff, 0xff, 0xfe, 0x5f, 0xff, 0xff, 0xff, 0xff,
    0xe4, 0xee, 0xef, 0xff, 0xfe, 0xed, 0x0, 0x0,
    0xcf, 0xf6, 0x0, 0x0, 0x0, 0xc, 0xff, 0x60,
    0x0, 0x0, 0x0, 0xcf, 0xf6, 0x0, 0x0, 0x0,
    0xc, 0xff, 0x60, 0x0, 0x0, 0x0, 0xcf, 0xf6,
    0x0, 0x0, 0x0, 0xc, 0xff, 0x60, 0x0, 0x0,
    0x0, 0xcf, 0xf6, 0x0, 0x0, 0x0, 0xc, 0xff,
    0x60, 0x0, 0x0, 0x0, 0xcf, 0xf6, 0x0, 0x0,
    0x0, 0x0, 0x0, 0x0, 0x0,

    /* U+2534 "┴" */
    0x0, 0x0, 0x3, 0x20, 0x0, 0x0, 0x0, 0x0,
    0xf9, 0x0, 0x0, 0x0, 0x0, 0xf, 0x90, 0x0,
    0x0, 0x0, 0x0, 0xf9, 0x0, 0x0, 0x0, 0x0,
    0xf, 0x90, 0x0, 0x0, 0x0, 0x0, 0xf9, 0x0,
    0x0, 0x0, 0x0, 0xf, 0x90, 0x0, 0x0, 0x0,
    0x0, 0xf9, 0x0, 0x0, 0x0, 0x0, 0xf, 0x90,
    0x0, 0x0, 0x0, 0x0, 0xf9, 0x0, 0x0, 0x3a,
    0xaa, 0xaf, 0xda, 0xaa, 0x94, 0xff, 0xff, 0xff,
    0xff, 0xfe,

    /* U+2535 "┵" */
    0x0, 0x0, 0x1, 0x0, 0x0, 0x0, 0x0, 0x0,
    0xf9, 0x0, 0x0, 0x0, 0x0, 0xf, 0x90, 0x0,
    0x0, 0x0, 0x0, 0xf9, 0x0, 0x0, 0x0, 0x0,
    0xf, 0x90, 0x0, 0x0, 0x0, 0x0, 0xf9, 0x0,
    0x0, 0x0, 0x0, 0xf, 0x90, 0x0, 0x0, 0x0,
    0x0, 0xf9, 0x0, 0x0, 0x0, 0x0, 0xf, 0x90,
    0x0, 0x1, 0x44, 0x44, 0xf9, 0x0, 0x0, 0x5f,
    0xff, 0xff, 0xc8, 0x88, 0x75, 0xff, 0xff, 0xff,
    0xff, 0xfe, 0x4e, 0xee, 0xee, 0x91, 0x11, 0x10,

    /* U+2536 "┶" */
    0x0, 0x0, 0x1, 0x0, 0x0, 0x0, 0x0, 0x0,
    0xf9, 0x0, 0x0, 0x0, 0x0, 0xf, 0x90, 0x0,
    0x0, 0x0, 0x0, 0xf9, 0x0, 0x0, 0x0, 0x0,
    0xf, 0x90, 0x0, 0x0, 0x0, 0x0, 0xf9, 0x0,
    0x0, 0x0, 0x0, 0xf, 0x90, 0x0, 0x0, 0x0,
    0x0, 0xf9, 0x0, 0x0, 0x0, 0x0, 0xf, 0x90,
    0x0, 0x0, 0x0, 0x0, 0xfb, 0x44, 0x44, 0x28,
    0x88, 0x8f, 0xff, 0xff, 0xe5, 0xff, 0xff, 0xff,
    0xff, 0xfe, 0x1, 0x11, 0x1e, 0xee, 0xee, 0xd0,

    /* U+2537 "┷" */
    0x0, 0x0, 0x1, 0x0, 0x0, 0x0, 0x0, 0x0,
    0xf9, 0x0, 0x0, 0x0, 0x0, 0xf, 0x90, 0x0,
    0x0, 0x0, 0x0, 0xf9, 0x0, 0x0, 0x0, 0x0,
    0xf, 0x90, 0x0, 0x0, 0x0, 0x0, 0xf9, 0x0,
    0x0, 0x0, 0x0, 0xf, 0x90, 0x0, 0x0, 0x0,
    0x0, 0xf9, 0x0, 0x0, 0x0, 0x0, 0xf, 0x90,
    0x0, 0x1, 0x44, 0x44, 0xfb, 0x44, 0x44, 0x5f,
    0xff, 0xff, 0xff, 0xff, 0xe5, 0xff, 0xff, 0xff,
    0xff, 0xfe, 0x4e, 0xee, 0xee, 0xee, 0xee, 0xd0,

    /* U+2538 "┸" */
    0x0, 0x0, 0x23, 0x31, 0x0, 0x0, 0x0, 0xc,
    0xff, 0x60, 0x0, 0x0, 0x0, 0xcf, 0xf6, 0x0,
    0x0, 0x0, 0xc, 0xff, 0x60, 0x0, 0x0, 0x0,
    0xcf, 0xf6, 0x0, 0x0, 0x0, 0xc, 0xff, 0x60,
    0x0, 0x0, 0x0, 0xcf, 0xf6, 0x0, 0x0, 0x0,
    0xc, 0xff, 0x60, 0x0, 0x0, 0x0, 0xcf, 0xf6,
    0x0, 0x0, 0x0, 0xc, 0xff, 0x60, 0x0, 0x3a,
    0xaa, 0xef, 0xfc, 0xaa, 0x94, 0xff, 0xff, 0xff,
    0xff, 0xfe,

    /* U+2539 "┹" */
    0x0, 0x0, 0x11, 0x10, 0x0, 0x0, 0x0, 0xe,
    0xff, 0x40, 0x0, 0x0, 0x0, 0xef, 0xf4, 0x0,
    0x0, 0x0, 0xe, 0xff, 0x40, 0x0, 0x0, 0x0,
    0xef, 0xf4, 0x0, 0x0, 0x0, 0xe, 0xff, 0x40,
    0x0, 0x0, 0x0, 0xef, 0xf4, 0x0, 0x0, 0x0,
    0xe, 0xff, 0x40, 0x0, 0x0, 0x0, 0xef, 0xf4,
    0x0, 0x2, 0x44, 0x4f, 0xff, 0x40, 0x0, 0x7f,
    0xff, 0xff, 0xfa, 0x88, 0x67, 0xff, 0xff, 0xff,
    0xff, 0xfc, 0x6e, 0xee, 0xee, 0xe5, 0x11, 0x10,

    /* U+253A "┺" */
    0x0, 0x0, 0x11, 0x10, 0x0, 0x0, 0x0, 0xc,
    0xff, 0x60, 0x0, 0x0, 0x0, 0xcf, 0xf6, 0x0,
    0x0, 0x0, 0xc, 0xff, 0x60, 0x0, 0x0, 0x0,
    0xcf, 0xf6, 0x0, 0x0, 0x0, 0xc, 0xff, 0x60,
    0x0, 0x0, 0x0, 0xcf, 0xf6, 0x0, 0x0, 0x0,
    0xc, 0xff, 0x60, 0x0, 0x0, 0x0, 0xcf, 0xf6,
    0x0, 0x0, 0x0, 0xc, 0xff, 0x94, 0x44, 0x28,
    0x88, 0xef, 0xff, 0xff, 0xe5, 0xff, 0xff, 0xff,
    0xff, 0xfe, 0x1, 0x11, 0xbe, 0xee, 0xee, 0xd0,

    /* U+253B "┻" */
    0x0, 0x0, 0x11, 0x10, 0x0, 0x0, 0x0, 0xc,
    0xff, 0x60, 0x0, 0x0, 0x0, 0xcf, 0xf6, 0x0,
    0x0, 0x0, 0xc, 0xff, 0x60, 0x0, 0x0, 0x0,
    0xcf, 0xf6, 0x0, 0x0, 0x0, 0xc, 0xff, 0x60,
    0x0, 0x0, 0x0, 0xcf, 0xf6, 0x0, 0x0, 0x0,
    0xc, 0xff, 0x60, 0x0, 0x0, 0x0, 0xcf, 0xf6,
    0x0, 0x1, 0x44, 0x4d, 0xff, 0x94, 0x44, 0x5f,
    0xff, 0xff, 0xff, 0xff, 0xe5, 0xff, 0xff, 0xff,
    0xff, 0xfe, 0x4e, 0xee, 0xee, 0xee, 0xee, 0xd0,

    /* U+253C "┼" */
    0x0, 0x0, 0x2, 0x10, 0x0, 0x0, 0x0, 0x0,
    0xf9, 0x0, 0x0, 0x0, 0x0, 0xf, 0x90, 0x0,
    0x0, 0x0, 0x0, 0xf9, 0x0, 0x0, 0x0, 0x0,
    0xf, 0x90, 0x0, 0x0, 0x0, 0x0, 0xf9, 0x0,
    0x0, 0x0, 0x0, 0xf, 0x90, 0x0, 0x0, 0x0,
    0x0, 0xf9, 0x0, 0x0, 0x0, 0x0, 0xf, 0x90,
    0x0, 0x0, 0x0, 0x0, 0xf9, 0x0, 0x0, 0x29,
    0x99, 0x9f, 0xd9, 0x99, 0x85, 0xff, 0xff, 0xff,
    0xff, 0xfe, 0x0, 0x0, 0xf, 0x90, 0x0, 0x0,
    0x0, 0x0, 0xf9, 0x0, 0x0, 0x0, 0x0, 0xf,
    0x90, 0x0, 0x0, 0x0, 0x0, 0xf9, 0x0, 0x0,
    0x0, 0x0, 0xf, 0x90, 0x0, 0x0, 0x0, 0x0,
    0xf9, 0x0, 0x0, 0x0, 0x0, 0xf, 0x90, 0x0,
    0x0, 0x0, 0x0, 0xf9, 0x0, 0x0, 0x0, 0x0,
    0xf, 0x90, 0x0, 0x0, 0x0, 0x0, 0xf9, 0x0,
    0x0,

    /* U+253D "┽" */
    0x0, 0x0, 0x2, 0x10, 0x0, 0x0, 0x0, 0x0,
    0xf9, 0x0, 0x0, 0x0, 0x0, 0xf, 0x90, 0x0,
    0x0, 0x0, 0x0, 0xf9, 0x0, 0x0, 0x0, 0x0,
    0xf, 0x90, 0x0, 0x0, 0x0, 0x0, 0xf9, 0x0,
    0x0, 0x0, 0x0, 0xf, 0x90, 0x0, 0x0, 0x0,
    0x0, 0xf9, 0x0, 0x0, 0x0, 0x0, 0xf, 0x90,
    0x0, 0x1, 0x55, 0x55, 0xf9, 0x0, 0x0, 0x5f,
    0xff, 0xff, 0xd9, 0x99, 0x85, 0xff, 0xff, 0xff,
    0xff, 0xfe, 0x4d, 0xdd, 0xdf, 0x90, 0x0, 0x0,
    0x0, 0x0, 0xf9, 0x0, 0x0, 0x0, 0x0, 0xf,
    0x90, 0x0, 0x0, 0x0, 0x0, 0xf9, 0x0, 0x0,
    0x0, 0x0, 0xf, 0x90, 0x0, 0x0, 0x0, 0x0,
    0xf9, 0x0, 0x0, 0x0, 0x0, 0xf, 0x90, 0x0,
    0x0, 0x0, 0x0, 0xf9, 0x0, 0x0, 0x0, 0x0,
    0xf, 0x90, 0x0, 0x0, 0x0, 0x0, 0xf9, 0x0,
    0x0,

    /* U+253E "┾" */
    0x0, 0x0, 0x2, 0x10, 0x0, 0x0, 0x0, 0x0,
    0xf9, 0x0, 0x0, 0x0, 0x0, 0xf, 0x90, 0x0,
    0x0, 0x0, 0x0, 0xf9, 0x0, 0x0, 0x0, 0x0,
    0xf, 0x90, 0x0, 0x0, 0x0, 0x0, 0xf9, 0x0,
    0x0, 0x0, 0x0, 0xf, 0x90, 0x0, 0x0, 0x0,
    0x0, 0xf9, 0x0, 0x0, 0x0, 0x0, 0xf, 0x90,
    0x0, 0x0, 0x0, 0x0, 0xfb, 0x55, 0x55, 0x29,
    0x99, 0x9f, 0xff, 0xff, 0xe5, 0xff, 0xff, 0xff,
    0xff, 0xfe, 0x0, 0x0, 0xf, 0xed, 0xdd, 0xc0,
    0x0, 0x0, 0xf9, 0x0, 0x0, 0x0, 0x0, 0xf,
    0x90, 0x0, 0x0, 0x0, 0x0, 0xf9, 0x0, 0x0,
    0x0, 0x0, 0xf, 0x90, 0x0, 0x0, 0x0, 0x0,
    0xf9, 0x0, 0x0, 0x0, 0x0, 0xf, 0x90, 0x0,
    0x0, 0x0, 0x0, 0xf9, 0x0, 0x0, 0x0, 0x0,
    0xf, 0x90, 0x0, 0x0, 0x0, 0x0, 0xf9, 0x0,
    0x0,

    /* U+253F "┿" */
    0x0, 0x0, 0x2, 0x10, 0x0, 0x0, 0x0, 0x0,
    0xf9, 0x0, 0x0, 0x0, 0x0, 0xf, 0x90, 0x0,
    0x0, 0x0, 0x0, 0xf9, 0x0, 0x0, 0x0, 0x0,
    0xf, 0x90, 0x0, 0x0, 0x0, 0x0, 0xf9, 0x0,
    0x0, 0x0, 0x0, 0xf, 0x90, 0x0, 0x0, 0x0,
    0x0, 0xf9, 0x0, 0x0, 0x0, 0x0, 0xf, 0x90,
    0x0, 0x1, 0x55, 0x55, 0xfb, 0x55, 0x55, 0x5f,
    0xff, 0xff, 0xff, 0xff, 0xe5, 0xff, 0xff, 0xff,
    0xff, 0xfe, 0x4d, 0xdd, 0xdf, 0xfd, 0xdd, 0xc0,
    0x0, 0x0, 0xf9, 0x0, 0x0, 0x0, 0x0, 0xf,
    0x90, 0x0, 0x0, 0x0, 0x0, 0xf9, 0x0, 0x0,
    0x0, 0x0, 0xf, 0x90, 0x0, 0x0, 0x0, 0x0,
    0xf9, 0x0, 0x0, 0x0, 0x0, 0xf, 0x90, 0x0,
    0x0, 0x0, 0x0, 0xf9, 0x0, 0x0, 0x0, 0x0,
    0xf, 0x90, 0x0, 0x0, 0x0, 0x0, 0xf9, 0x0,
    0x0,

    /* U+2540 "╀" */
    0x0, 0x0, 0x23, 0x31, 0x0, 0x0, 0x0, 0xc,
    0xff, 0x60, 0x0, 0x0, 0x0, 0xcf, 0xf6, 0x0,
    0x0, 0x0, 0xc, 0xff, 0x60, 0x0, 0x0, 0x0,
    0xcf, 0xf6, 0x0, 0x0, 0x0, 0xc, 0xff, 0x60,
    0x0, 0x0, 0x0, 0xcf, 0xf6, 0x0, 0x0, 0x0,
    0xc, 0xff, 0x60, 0x0, 0x0, 0x0, 0xcf, 0xf6,
    0x0, 0x0, 0x0, 0xc, 0xff, 0x60, 0x0, 0x3a,
    0xaa, 0xef, 0xfc, 0xaa, 0x94, 0xff, 0xff, 0xff,
    0xff, 0xfe, 0x0, 0x0, 0xf, 0x90, 0x0, 0x0,
    0x0, 0x0, 0xf9, 0x0, 0x0, 0x0, 0x0, 0xf,
    0x90, 0x0, 0x0, 0x0, 0x0, 0xf9, 0x0, 0x0,
    0x0, 0x0, 0xf, 0x90, 0x0, 0x0, 0x0, 0x0,
    0xf9, 0x0, 0x0, 0x0, 0x0, 0xf, 0x90, 0x0,
    0x0, 0x0, 0x0, 0xf9, 0x0, 0x0, 0x0, 0x0,
    0xf, 0x90, 0x0, 0x0, 0x0, 0x0, 0xe8, 0x0,
    0x0,

    /* U+2541 "╁" */
    0x0, 0x0, 0x3, 0x20, 0x0, 0x0, 0x0, 0x0,
    0xf9, 0x0, 0x0, 0x0, 0x0, 0xf, 0x90, 0x0,
    0x0, 0x0, 0x0, 0xf9, 0x0, 0x0, 0x0, 0x0,
    0xf, 0x90, 0x0, 0x0, 0x0, 0x0, 0xf9, 0x0,
    0x0, 0x0, 0x0, 0xf, 0x90, 0x0, 0x0, 0x0,
    0x0, 0xf9, 0x0, 0x0, 0x0, 0x0, 0xf, 0x90,
    0x0, 0x0, 0x0, 0x0, 0xf9, 0x0, 0x0, 0x3a,
    0xaa, 0xaf, 0xda, 0xaa, 0x94, 0xff, 0xff, 0xff,
    0xff, 0xfe, 0x0, 0x0, 0xcf, 0xf6, 0x0, 0x0,
    0x0, 0xc, 0xff, 0x60, 0x0, 0x0, 0x0, 0xcf,
    0xf6, 0x0, 0x0, 0x0, 0xc, 0xff, 0x60, 0x0,
    0x0, 0x0, 0xcf, 0xf6, 0x0, 0x0, 0x0, 0xc,
    0xff, 0x60, 0x0, 0x0, 0x0, 0xcf, 0xf6, 0x0,
    0x0, 0x0, 0xc, 0xff, 0x60, 0x0, 0x0, 0x0,
    0xcf, 0xf6, 0x0, 0x0, 0x0, 0xb, 0xee, 0x50,
    0x0,

    /* U+2542 "╂" */
    0x0, 0x0, 0x12, 0x21, 0x0, 0x0, 0x0, 0xc,
    0xff, 0x60, 0x0, 0x0, 0x0, 0xcf, 0xf6, 0x0,
    0x0, 0x0, 0xc, 0xff, 0x60, 0x0, 0x0, 0x0,
    0xcf, 0xf6, 0x0, 0x0, 0x0, 0xc, 0xff, 0x60,
    0x0, 0x0, 0x0, 0xcf, 0xf6, 0x0, 0x0, 0x0,
    0xc, 0xff, 0x60, 0x0, 0x0, 0x0, 0xcf, 0xf6,
    0x0, 0x0, 0x0, 0xc, 0xff, 0x60, 0x0, 0x29,
    0x99, 0xef, 0xfb, 0x99, 0x85, 0xff, 0xff, 0xff,
    0xff, 0xfe, 0x0, 0x0, 0xcf, 0xf6, 0x0, 0x0,
    0x0, 0xc, 0xff, 0x60, 0x0, 0x0, 0x0, 0xcf,
    0xf6, 0x0, 0x0, 0x0, 0xc, 0xff, 0x60, 0x0,
    0x0, 0x0, 0xcf, 0xf6, 0x0, 0x0, 0x0, 0xc,
    0xff, 0x60, 0x0, 0x0, 0x0, 0xcf, 0xf6, 0x0,
    0x0, 0x0, 0xc, 0xff, 0x60, 0x0, 0x0, 0x0,
    0xcf, 0xf6, 0x0, 0x0, 0x0, 0xc, 0xff, 0x60,
    0x0,

    /* U+2543 "╃" */
    0x0, 0x0, 0x11, 0x10, 0x0, 0x0, 0x0, 0xe,
    0xff, 0x40, 0x0, 0x0, 0x0, 0xef, 0xf4, 0x0,
    0x0, 0x0, 0xe, 0xff, 0x40, 0x0, 0x0, 0x0,
    0xef, 0xf4, 0x0, 0x0, 0x0, 0xe, 0xff, 0x40,
    0x0, 0x0, 0x0, 0xef, 0xf4, 0x0, 0x0, 0x0,
    0xe, 0xff, 0x40, 0x0, 0x0, 0x0, 0xef, 0xf4,
    0x0, 0x2, 0x44, 0x4f, 0xff, 0x40, 0x0, 0x7f,
    0xff, 0xff, 0xfa, 0x88, 0x67, 0xff, 0xff, 0xff,
    0xff, 0xfc, 0x6e, 0xee, 0xef, 0xf5, 0x11, 0x10,
    0x0, 0x2, 0xf7, 0x0, 0x0, 0x0, 0x0, 0x2f,
    0x70, 0x0, 0x0, 0x0, 0x2, 0xf7, 0x0, 0x0,
    0x0, 0x0, 0x2f, 0x70, 0x0, 0x0, 0x0, 0x2,
    0xf7, 0x0, 0x0, 0x0, 0x0, 0x2f, 0x70, 0x0,
    0x0, 0x0, 0x2, 0xf7, 0x0, 0x0, 0x0, 0x0,
    0x2f, 0x70, 0x0, 0x0, 0x0, 0x2, 0xf7, 0x0,
    0x0, 0x0, 0x0, 0x0, 0x0, 0x0, 0x0,

    /* U+2544 "╄" */
    0x0, 0x0, 0x11, 0x10, 0x0, 0x0, 0x0, 0xc,
    0xff, 0x60, 0x0, 0x0, 0x0, 0xcf, 0xf6, 0x0,
    0x0, 0x0, 0xc, 0xff, 0x60, 0x0, 0x0, 0x0,
    0xcf, 0xf6, 0x0, 0x0, 0x0, 0xc, 0xff, 0x60,
    0x0, 0x0, 0x0, 0xcf, 0xf6, 0x0, 0x0, 0x0,
    0xc, 0xff, 0x60, 0x0, 0x0, 0x0, 0xcf, 0xf6,
    0x0, 0x0, 0x0, 0xc, 0xff, 0x94, 0x44, 0x28,
    0x88, 0xef, 0xff, 0xff, 0xe5, 0xff, 0xff, 0xff,
    0xff, 0xfe, 0x1, 0x11, 0xbf, 0xfe, 0xee, 0xd0,
    0x0, 0x0, 0xf9, 0x0, 0x0, 0x0, 0x0, 0xf,
    0x90, 0x0, 0x0, 0x0, 0x0, 0xf9, 0x0, 0x0,
    0x0, 0x0, 0xf, 0x90, 0x0, 0x0, 0x0, 0x0,
    0xf9, 0x0, 0x0, 0x0, 0x0, 0xf, 0x90, 0x0,
    0x0, 0x0, 0x0, 0xf9, 0x0, 0x0, 0x0, 0x0,
    0xf, 0x90, 0x0, 0x0, 0x0, 0x0, 0xf9, 0x0,
    0x0, 0x0, 0x0, 0x0, 0x0, 0x0, 0x0,

    /* U+2545 "╅" */
    0x0, 0x0, 0x1, 0x10, 0x0, 0x0, 0x0, 0x0,
    0xc, 0xd0, 0x0, 0x0, 0x0, 0x0, 0xc, 0xd0,
    0x0, 0x0, 0x0, 0x0, 0xc, 0xd0, 0x0, 0x0,
    0x0, 0x0, 0xc, 0xd0, 0x0, 0x0, 0x0, 0x0,
    0xc, 0xd0, 0x0, 0x0, 0x0, 0x0, 0xc, 0xd0,
    0x0, 0x0, 0x0, 0x0, 0xc, 0xd0, 0x0, 0x0,
    0x0, 0x0, 0xc, 0xd0, 0x0, 0x0, 0x4, 0x44,
    0x4d, 0xe2, 0x0, 0x0, 0x1f, 0xff, 0xff, 0xfd,
    0x88, 0x81, 0x1f, 0xff, 0xff, 0xff, 0xff, 0xf2,
    0x1e, 0xee, 0xff, 0xfa, 0x11, 0x10, 0x0, 0x0,
    0x9f, 0xfa, 0x0, 0x0, 0x0, 0x0, 0x9f, 0xfa,
    0x0, 0x0, 0x0, 0x0, 0x9f, 0xfa, 0x0, 0x0,
    0x0, 0x0, 0x9f, 0xfa, 0x0, 0x0, 0x0, 0x0,
    0x9f, 0xfa, 0x0, 0x0, 0x0, 0x0, 0x9f, 0xfa,
    0x0, 0x0, 0x0, 0x0, 0x9f, 0xfa, 0x0, 0x0,
    0x0, 0x0, 0x9f, 0xfa, 0x0, 0x0, 0x0, 0x0,
    0x9f, 0xfa, 0x0, 0x0, 0x0, 0x0, 0x0, 0x0,
    0x0, 0x0,

    /* U+2546 "╆" */
    0x0, 0x0, 0x2, 0x10, 0x0, 0x0, 0x0, 0x2,
    0xf7, 0x0, 0x0, 0x0, 0x0, 0x2f, 0x70, 0x0,
    0x0, 0x0, 0x2, 0xf7, 0x0, 0x0, 0x0, 0x0,
    0x2f, 0x70, 0x0, 0x0, 0x0, 0x2, 0xf7, 0x0,
    0x0, 0x0, 0x0, 0x2f, 0x70, 0x0, 0x0, 0x0,
    0x2, 0xf7, 0x0, 0x0, 0x0, 0x0, 0x2f, 0x70,
    0x0, 0x0, 0x0, 0x6, 0xfa, 0x55, 0x54, 0x39,
    0x99, 0xff, 0xff, 0xff, 0xc7, 0xff, 0xff, 0xff,
    0xff, 0xfc, 0x0, 0x0, 0xef, 0xfe, 0xdd, 0xa0,
    0x0, 0xe, 0xff, 0x40, 0x0, 0x0, 0x0, 0xef,
    0xf4, 0x0, 0x0, 0x0, 0xe, 0xff, 0x40, 0x0,
    0x0, 0x0, 0xef, 0xf4, 0x0, 0x0, 0x0, 0xe,
    0xff, 0x40, 0x0, 0x0, 0x0, 0xef, 0xf4, 0x0,
    0x0, 0x0, 0xe, 0xff, 0x40, 0x0, 0x0, 0x0,
    0xef, 0xf4, 0x0, 0x0, 0x0, 0xe, 0xff, 0x40,
    0x0,

    /* U+2547 "╇" */
    0x0, 0x0, 0x11, 0x10, 0x0, 0x0, 0x0, 0xc,
    0xff, 0x60, 0x0, 0x0, 0x0, 0xcf, 0xf6, 0x0,
    0x0, 0x0, 0xc, 0xff, 0x60, 0x0, 0x0, 0x0,
    0xcf, 0xf6, 0x0, 0x0, 0x0, 0xc, 0xff, 0x60,
    0x0, 0x0, 0x0, 0xcf, 0xf6, 0x0, 0x0, 0x0,
    0xc, 0xff, 0x60, 0x0, 0x0, 0x0, 0xcf, 0xf6,
    0x0, 0x1, 0x44, 0x4d, 0xff, 0x94, 0x44, 0x5f,
    0xff, 0xff, 0xff, 0xff, 0xe5, 0xff, 0xff, 0xff,
    0xff, 0xfe, 0x4e, 0xee, 0xef, 0xfe, 0xee, 0xd0,
    0x0, 0x0, 0xf9, 0x0, 0x0, 0x0, 0x0, 0xf,
    0x90, 0x0, 0x0, 0x0, 0x0, 0xf9, 0x0, 0x0,
    0x0, 0x0, 0xf, 0x90, 0x0, 0x0, 0x0, 0x0,
    0xf9, 0x0, 0x0, 0x0, 0x0, 0xf, 0x90, 0x0,
    0x0, 0x0, 0x0, 0xf9, 0x0, 0x0, 0x0, 0x0,
    0xf, 0x90, 0x0, 0x0, 0x0, 0x0, 0xf9, 0x0,
    0x0, 0x0, 0x0, 0x0, 0x0, 0x0, 0x0,

    /* U+2548 "╈" */
    0x0, 0x0, 0x1, 0x0, 0x0, 0x0, 0x0, 0x0,
    0xf9, 0x0, 0x0, 0x0, 0x0, 0xf, 0x90, 0x0,
    0x0, 0x0, 0x0, 0xf9, 0x0, 0x0, 0x0, 0x0,
    0xf, 0x90, 0x0, 0x0, 0x0, 0x0, 0xf9, 0x0,
    0x0, 0x0, 0x0, 0xf, 0x90, 0x0, 0x0, 0x0,
    0x0, 0xf9, 0x0, 0x0, 0x0, 0x0, 0xf, 0x90,
    0x0, 0x1, 0x44, 0x44, 0xfb, 0x44, 0x44, 0x5f,
    0xff, 0xff, 0xff, 0xff, 0xe5, 0xff, 0xff, 0xff,
    0xff, 0xfe, 0x4e, 0xee, 0xff, 0xff, 0xee, 0xd0,
    0x0, 0xc, 0xff, 0x60, 0x0, 0x0, 0x0, 0xcf,
    0xf6, 0x0, 0x0, 0x0, 0xc, 0xff, 0x60, 0x0,
    0x0, 0x0, 0xcf, 0xf6, 0x0, 0x0, 0x0, 0xc,
    0xff, 0x60, 0x0, 0x0, 0x0, 0xcf, 0xf6, 0x0,
    0x0, 0x0, 0xc, 0xff, 0x60, 0x0, 0x0, 0x0,
    0xcf, 0xf6, 0x0, 0x0, 0x0, 0xc, 0xff, 0x60,
    0x0, 0x0, 0x0, 0x0, 0x0, 0x0, 0x0,

    /* U+2549 "╉" */
    0x0, 0x0, 0x22, 0x20, 0x0, 0x0, 0x0, 0xe,
    0xff, 0x40, 0x0, 0x0, 0x0, 0xef, 0xf4, 0x0,
    0x0, 0x0, 0xe, 0xff, 0x40, 0x0, 0x0, 0x0,
    0xef, 0xf4, 0x0, 0x0, 0x0, 0xe, 0xff, 0x40,
    0x0, 0x0, 0x0, 0xef, 0xf4, 0x0, 0x0, 0x0,
    0xe, 0xff, 0x40, 0x0, 0x0, 0x0, 0xef, 0xf4,
    0x0, 0x2, 0x55, 0x5f, 0xff, 0x40, 0x0, 0x7f,
    0xff, 0xff, 0xfa, 0x99, 0x77, 0xff, 0xff, 0xff,
    0xff, 0xfc, 0x5d, 0xdd, 0xff, 0xf4, 0x0, 0x0,
    0x0, 0xe, 0xff, 0x40, 0x0, 0x0, 0x0, 0xef,
    0xf4, 0x0, 0x0, 0x0, 0xe, 0xff, 0x40, 0x0,
    0x0, 0x0, 0xef, 0xf4, 0x0, 0x0, 0x0, 0xe,
    0xff, 0x40, 0x0, 0x0, 0x0, 0xef, 0xf4, 0x0,
    0x0, 0x0, 0xe, 0xff, 0x40, 0x0, 0x0, 0x0,
    0xef, 0xf4, 0x0, 0x0, 0x0, 0xe, 0xff, 0x40,
    0x0,

    /* U+254A "╊" */
    0x0, 0x0, 0x22, 0x20, 0x0, 0x0, 0x0, 0xe,
    0xff, 0x40, 0x0, 0x0, 0x0, 0xef, 0xf4, 0x0,
    0x0, 0x0, 0xe, 0xff, 0x40, 0x0, 0x0, 0x0,
    0xef, 0xf4, 0x0, 0x0, 0x0, 0xe, 0xff, 0x40,
    0x0, 0x0, 0x0, 0xef, 0xf4, 0x0, 0x0, 0x0,
    0xe, 0xff, 0x40, 0x0, 0x0, 0x0, 0xef, 0xf4,
    0x0, 0x0, 0x0, 0xe, 0xff, 0x85, 0x54, 0x39,
    0x99, 0xff, 0xff, 0xff, 0xc7, 0xff, 0xff, 0xff,
    0xff, 0xfc, 0x0, 0x0, 0xef, 0xfe, 0xdd, 0xa0,
    0x0, 0xe, 0xff, 0x40, 0x0, 0x0, 0x0, 0xef,
    0xf4, 0x0, 0x0, 0x0, 0xe, 0xff, 0x40, 0x0,
    0x0, 0x0, 0xef, 0xf4, 0x0, 0x0, 0x0, 0xe,
    0xff, 0x40, 0x0, 0x0, 0x0, 0xef, 0xf4, 0x0,
    0x0, 0x0, 0xe, 0xff, 0x40, 0x0, 0x0, 0x0,
    0xef, 0xf4, 0x0, 0x0, 0x0, 0xe, 0xff, 0x40,
    0x0,

    /* U+254B "╋" */
    0x0, 0x0, 0x12, 0x21, 0x0, 0x0, 0x0, 0xc,
    0xff, 0x60, 0x0, 0x0, 0x0, 0xcf, 0xf6, 0x0,
    0x0, 0x0, 0xc, 0xff, 0x60, 0x0, 0x0, 0x0,
    0xcf, 0xf6, 0x0, 0x0, 0x0, 0xc, 0xff, 0x60,
    0x0, 0x0, 0x0, 0xcf, 0xf6, 0x0, 0x0, 0x0,
    0xc, 0xff, 0x60, 0x0, 0x0, 0x0, 0xcf, 0xf6,
    0x0, 0x1, 0x55, 0x5d, 0xff, 0x95, 0x55, 0x5f,
    0xff, 0xff, 0xff, 0xff, 0xe5, 0xff, 0xff, 0xff,
    0xff, 0xfe, 0x4d, 0xdd, 0xff, 0xfe, 0xdd, 0xc0,
    0x0, 0xc, 0xff, 0x60, 0x0, 0x0, 0x0, 0xcf,
    0xf6, 0x0, 0x0, 0x0, 0xc, 0xff, 0x60, 0x0,
    0x0, 0x0, 0xcf, 0xf6, 0x0, 0x0, 0x0, 0xc,
    0xff, 0x60, 0x0, 0x0, 0x0, 0xcf, 0xf6, 0x0,
    0x0, 0x0, 0xc, 0xff, 0x60, 0x0, 0x0, 0x0,
    0xcf, 0xf6, 0x0, 0x0, 0x0, 0xc, 0xff, 0x60,
    0x0,

    /* U+254C "╌" */
    0x9a, 0x60, 0xa, 0xa4, 0xef, 0x90, 0x1f, 0xf7,

    /* U+254D "╍" */
    0x44, 0x20, 0x4, 0x41, 0xef, 0x70, 0x2f, 0xf4,
    0xef, 0x70, 0x2f, 0xf4, 0xde, 0x60, 0x1e, 0xe4,

    /* U+254E "╎" */
    0x42, 0xf9, 0xf9, 0xf9, 0xf9, 0xf9, 0xf9, 0xf9,
    0x0, 0x0, 0x64, 0xf9, 0xf9, 0xf9, 0xf9, 0xf9,
    0xf9, 0xd8,

    /* U+254F "╏" */
    0xef, 0xf4, 0xef, 0xf4, 0xef, 0xf4, 0xef, 0xf4,
    0xef, 0xf4, 0xef, 0xf4, 0x9a, 0xa2, 0x0, 0x0,
    0x0, 0x0, 0x78, 0x82, 0xef, 0xf4, 0xef, 0xf4,
    0xef, 0xf4, 0xef, 0xf4, 0xef, 0xf4, 0xef, 0xf4,
    0x11, 0x10,

    /* U+2550 "═" */
    0x28, 0x88, 0x88, 0x88, 0x88, 0x75, 0xff, 0xff,
    0xff, 0xff, 0xfe, 0x1, 0x11, 0x11, 0x11, 0x11,
    0x0, 0x0, 0x0, 0x0, 0x0, 0x0, 0x5f, 0xff,
    0xff, 0xff, 0xff, 0xe2, 0x99, 0x99, 0x99, 0x99,
    0x98,

    /* U+2551 "║" */
    0x12, 0x1, 0x20, 0x9f, 0x8, 0xf1, 0x9f, 0x8,
    0xf1, 0x9f, 0x8, 0xf1, 0x9f, 0x8, 0xf1, 0x9f,
    0x8, 0xf1, 0x9f, 0x8, 0xf1, 0x9f, 0x8, 0xf1,
    0x9f, 0x8, 0xf1, 0x9f, 0x8, 0xf1, 0x9f, 0x8,
    0xf1, 0x9f, 0x8, 0xf1, 0x9f, 0x8, 0xf1, 0x9f,
    0x8, 0xf1, 0x9f, 0x8, 0xf1, 0x9f, 0x8, 0xf1,
    0x9f, 0x8, 0xf1, 0x9f, 0x8, 0xf1, 0x9f, 0x8,
    0xf1, 0x9f, 0x8, 0xf1, 0x9f, 0x8, 0xf1, 0x9f,
    0x8, 0xf1,

    /* U+2552 "╒" */
    0x88, 0x88, 0x87, 0xff, 0xff, 0xfe, 0xf9, 0x11,
    0x10, 0xf9, 0x0, 0x0, 0xff, 0xff, 0xfe, 0xfd,
    0x99, 0x98, 0xf9, 0x0, 0x0, 0xf9, 0x0, 0x0,
    0xf9, 0x0, 0x0, 0xf9, 0x0, 0x0, 0xf9, 0x0,
    0x0, 0xf9, 0x0, 0x0, 0xf9, 0x0, 0x0, 0x95,
    0x0, 0x0,

    /* U+2553 "╓" */
    0x6a, 0xaa, 0xaa, 0xa9, 0x9f, 0xff, 0xff, 0xfe,
    0x9f, 0x8, 0xf1, 0x0, 0x9f, 0x8, 0xf1, 0x0,
    0x9f, 0x8, 0xf1, 0x0, 0x9f, 0x8, 0xf1, 0x0,
    0x9f, 0x8, 0xf1, 0x0, 0x9f, 0x8, 0xf1, 0x0,
    0x9f, 0x8, 0xf1, 0x0, 0x9f, 0x8, 0xf1, 0x0,
    0x9f, 0x8, 0xf1, 0x0, 0x8e, 0x7, 0xe1, 0x0,

    /* U+2554 "╔" */
    0x58, 0x88, 0x88, 0x86, 0x9f, 0xff, 0xff, 0xfc,
    0x9f, 0x11, 0x11, 0x10, 0x9f, 0x0, 0x0, 0x0,
    0x9f, 0x8, 0xff, 0xfc, 0x9f, 0x8, 0xf9, 0x97,
    0x9f, 0x8, 0xf1, 0x0, 0x9f, 0x8, 0xf1, 0x0,
    0x9f, 0x8, 0xf1, 0x0, 0x9f, 0x8, 0xf1, 0x0,
    0x9f, 0x8, 0xf1, 0x0, 0x9f, 0x8, 0xf1, 0x0,
    0x9f, 0x8, 0xf1, 0x0, 0x8e, 0x7, 0xe1, 0x0,

    /* U+2555 "╕" */
    0x28, 0x88, 0x88, 0x55, 0xff, 0xff, 0xf9, 0x1,
    0x11, 0x1f, 0x90, 0x0, 0x0, 0xf9, 0x5f, 0xff,
    0xff, 0x92, 0x99, 0x99, 0xf9, 0x0, 0x0, 0xf,
    0x90, 0x0, 0x0, 0xf9, 0x0, 0x0, 0xf, 0x90,
    0x0, 0x0, 0xf9, 0x0, 0x0, 0xf, 0x90, 0x0,
    0x0, 0xf9, 0x0, 0x0, 0xf, 0x90, 0x0, 0x0,
    0x95,

    /* U+2556 "╖" */
    0x4a, 0xaa, 0xaa, 0xaa, 0x6, 0xff, 0xff, 0xff,
    0xf1, 0x0, 0x9, 0xf0, 0x8f, 0x10, 0x0, 0x9f,
    0x8, 0xf1, 0x0, 0x9, 0xf0, 0x8f, 0x10, 0x0,
    0x9f, 0x8, 0xf1, 0x0, 0x9, 0xf0, 0x8f, 0x10,
    0x0, 0x9f, 0x8, 0xf1, 0x0, 0x9, 0xf0, 0x8f,
    0x10, 0x0, 0x9f, 0x8, 0xf1, 0x0, 0x9, 0xf0,
    0x8f, 0x10, 0x0, 0x8e, 0x7, 0xe1,

    /* U+2557 "╗" */
    0x28, 0x88, 0x88, 0x88, 0x5, 0xff, 0xff, 0xff,
    0xf1, 0x1, 0x11, 0x11, 0x8f, 0x10, 0x0, 0x0,
    0x8, 0xf1, 0x5f, 0xff, 0xf0, 0x8f, 0x12, 0x99,
    0xdf, 0x8, 0xf1, 0x0, 0x9, 0xf0, 0x8f, 0x10,
    0x0, 0x9f, 0x8, 0xf1, 0x0, 0x9, 0xf0, 0x8f,
    0x10, 0x0, 0x9f, 0x8, 0xf1, 0x0, 0x9, 0xf0,
    0x8f, 0x10, 0x0, 0x9f, 0x8, 0xf1, 0x0, 0x9,
    0xf0, 0x8f, 0x10, 0x0, 0x8e, 0x7, 0xe1,

    /* U+2558 "╘" */
    0x32, 0x0, 0x0, 0xf9, 0x0, 0x0, 0xf9, 0x0,
    0x0, 0xf9, 0x0, 0x0, 0xf9, 0x0, 0x0, 0xf9,
    0x0, 0x0, 0xf9, 0x0, 0x0, 0xf9, 0x0, 0x0,
    0xfc, 0x88, 0x87, 0xff, 0xff, 0xfe, 0xf9, 0x11,
    0x10, 0xf9, 0x0, 0x0, 0xff, 0xff, 0xfe, 0x99,
    0x99, 0x98,

    /* U+2559 "╙" */
    0x23, 0x1, 0x30, 0x0, 0x9f, 0x8, 0xf1, 0x0,
    0x9f, 0x8, 0xf1, 0x0, 0x9f, 0x8, 0xf1, 0x0,
    0x9f, 0x8, 0xf1, 0x0, 0x9f, 0x8, 0xf1, 0x0,
    0x9f, 0x8, 0xf1, 0x0, 0x9f, 0x8, 0xf1, 0x0,
    0x9f, 0x8, 0xf1, 0x0, 0x9f, 0x8, 0xf1, 0x0,
    0x9f, 0xad, 0xfa, 0xa9, 0x9f, 0xff, 0xff, 0xfe,

    /* U+255A "╚" */
    0x58, 0x4, 0x80, 0x0, 0x9f, 0x8, 0xf1, 0x0,
    0x9f, 0x8, 0xf1, 0x0, 0x9f, 0x8, 0xf1, 0x0,
    0x9f, 0x8, 0xf1, 0x0, 0x9f, 0x8, 0xf1, 0x0,
    0x9f, 0x8, 0xf1, 0x0, 0x9f, 0x8, 0xf1, 0x0,
    0x9f, 0x8, 0xf9, 0x86, 0x9f, 0x8, 0xff, 0xfc,
    0x9f, 0x0, 0x11, 0x10, 0x9f, 0x0, 0x0, 0x0,
    0x9f, 0xff, 0xff, 0xfc, 0x59, 0x99, 0x99, 0x97,

    /* U+255B "╛" */
    0x0, 0x0, 0x3, 0x20, 0x0, 0x0, 0xf9, 0x0,
    0x0, 0xf, 0x90, 0x0, 0x0, 0xf9, 0x0, 0x0,
    0xf, 0x90, 0x0, 0x0, 0xf9, 0x0, 0x0, 0xf,
    0x90, 0x0, 0x0, 0xf9, 0x28, 0x88, 0x8f, 0x95,
    0xff, 0xff, 0xf9, 0x1, 0x11, 0x1f, 0x90, 0x0,
    0x0, 0xf9, 0x5f, 0xff, 0xff, 0x92, 0x99, 0x99,
    0x95,

    /* U+255C "╜" */
    0x0, 0x2, 0x30, 0x13, 0x0, 0x0, 0x9f, 0x8,
    0xf1, 0x0, 0x9, 0xf0, 0x8f, 0x10, 0x0, 0x9f,
    0x8, 0xf1, 0x0, 0x9, 0xf0, 0x8f, 0x10, 0x0,
    0x9f, 0x8, 0xf1, 0x0, 0x9, 0xf0, 0x8f, 0x10,
    0x0, 0x9f, 0x8, 0xf1, 0x0, 0x9, 0xf0, 0x8f,
    0x10, 0x0, 0x9f, 0x8, 0xf1, 0x4a, 0xad, 0xfa,
    0xdf, 0x16, 0xff, 0xff, 0xff, 0xf1,

    /* U+255D "╝" */
    0x0, 0x5, 0x80, 0x48, 0x0, 0x0, 0x9f, 0x8,
    0xf1, 0x0, 0x9, 0xf0, 0x8f, 0x10, 0x0, 0x9f,
    0x8, 0xf1, 0x0, 0x9, 0xf0, 0x8f, 0x10, 0x0,
    0x9f, 0x8, 0xf1, 0x0, 0x9, 0xf0, 0x8f, 0x10,
    0x0, 0x9f, 0x8, 0xf1, 0x28, 0x8c, 0xf0, 0x8f,
    0x15, 0xff, 0xff, 0x8, 0xf1, 0x1, 0x11, 0x10,
    0x8f, 0x10, 0x0, 0x0, 0x8, 0xf1, 0x5f, 0xff,
    0xff, 0xff, 0x12, 0x99, 0x99, 0x99, 0x90,

    /* U+255E "╞" */
    0x21, 0x0, 0x0, 0xf9, 0x0, 0x0, 0xf9, 0x0,
    0x0, 0xf9, 0x0, 0x0, 0xf9, 0x0, 0x0, 0xf9,
    0x0, 0x0, 0xf9, 0x0, 0x0, 0xf9, 0x0, 0x0,
    0xfa, 0x22, 0x22, 0xff, 0xff, 0xfe, 0xfc, 0x77,
    0x76, 0xf9, 0x0, 0x0, 0xff, 0xff, 0xfe, 0xfd,
    0xaa, 0xa9, 0xf9, 0x0, 0x0, 0xf9, 0x0, 0x0,
    0xf9, 0x0, 0x0, 0xf9, 0x0, 0x0, 0xf9, 0x0,
    0x0, 0xf9, 0x0, 0x0, 0xf9, 0x0, 0x0, 0xf9,
    0x0, 0x0,

    /* U+255F "╟" */
    0x12, 0x1, 0x20, 0x0, 0x9f, 0x8, 0xf1, 0x0,
    0x9f, 0x8, 0xf1, 0x0, 0x9f, 0x8, 0xf1, 0x0,
    0x9f, 0x8, 0xf1, 0x0, 0x9f, 0x8, 0xf1, 0x0,
    0x9f, 0x8, 0xf1, 0x0, 0x9f, 0x8, 0xf1, 0x0,
    0x9f, 0x8, 0xf1, 0x0, 0x9f, 0x8, 0xf1, 0x0,
    0x9f, 0x8, 0xf9, 0x97, 0x9f, 0x8, 0xff, 0xfc,
    0x9f, 0x8, 0xf1, 0x0, 0x9f, 0x8, 0xf1, 0x0,
    0x9f, 0x8, 0xf1, 0x0, 0x9f, 0x8, 0xf1, 0x0,
    0x9f, 0x8, 0xf1, 0x0, 0x9f, 0x8, 0xf1, 0x0,
    0x9f, 0x8, 0xf1, 0x0, 0x9f, 0x8, 0xf1, 0x0,
    0x9f, 0x8, 0xf1, 0x0, 0x9f, 0x8, 0xf1, 0x0,

    /* U+2560 "╠" */
    0x12, 0x1, 0x20, 0x0, 0x9f, 0x8, 0xf1, 0x0,
    0x9f, 0x8, 0xf1, 0x0, 0x9f, 0x8, 0xf1, 0x0,
    0x9f, 0x8, 0xf1, 0x0, 0x9f, 0x8, 0xf1, 0x0,
    0x9f, 0x8, 0xf1, 0x0, 0x9f, 0x8, 0xf1, 0x0,
    0x9f, 0x8, 0xf3, 0x21, 0x9f, 0x8, 0xff, 0xfc,
    0x9f, 0x3, 0x77, 0x75, 0x9f, 0x0, 0x0, 0x0,
    0x9f, 0x8, 0xff, 0xfc, 0x9f, 0x8, 0xfa, 0xa8,
    0x9f, 0x8, 0xf1, 0x0, 0x9f, 0x8, 0xf1, 0x0,
    0x9f, 0x8, 0xf1, 0x0, 0x9f, 0x8, 0xf1, 0x0,
    0x9f, 0x8, 0xf1, 0x0, 0x9f, 0x8, 0xf1, 0x0,
    0x9f, 0x8, 0xf1, 0x0, 0x9f, 0x8, 0xf1, 0x0,

    /* U+2561 "╡" */
    0x0, 0x0, 0x2, 0x10, 0x0, 0x0, 0xf9, 0x0,
    0x0, 0xf, 0x90, 0x0, 0x0, 0xf9, 0x0, 0x0,
    0xf, 0x90, 0x0, 0x0, 0xf9, 0x0, 0x0, 0xf,
    0x90, 0x0, 0x0, 0xf9, 0x2, 0x22, 0x2f, 0x95,
    0xff, 0xff, 0xf9, 0x27, 0x77, 0x7f, 0x90, 0x0,
    0x0, 0xf9, 0x4f, 0xff, 0xff, 0x93, 0xaa, 0xaa,
    0xf9, 0x0, 0x0, 0xf, 0x90, 0x0, 0x0, 0xf9,
    0x0, 0x0, 0xf, 0x90, 0x0, 0x0, 0xf9, 0x0,
    0x0, 0xf, 0x90, 0x0, 0x0, 0xf9, 0x0, 0x0,
    0xf, 0x90, 0x0, 0x0, 0xf9,

    /* U+2562 "╢" */
    0x0, 0x1, 0x20, 0x12, 0x0, 0x0, 0x9f, 0x8,
    0xf1, 0x0, 0x9, 0xf0, 0x8f, 0x10, 0x0, 0x9f,
    0x8, 0xf1, 0x0, 0x9, 0xf0, 0x8f, 0x10, 0x0,
    0x9f, 0x8, 0xf1, 0x0, 0x9, 0xf0, 0x8f, 0x10,
    0x0, 0x9f, 0x8, 0xf1, 0x0, 0x9, 0xf0, 0x8f,
    0x10, 0x0, 0x9f, 0x8, 0xf1, 0x29, 0x9d, 0xf0,
    0x8f, 0x15, 0xff, 0xff, 0x8, 0xf1, 0x0, 0x9,
    0xf0, 0x8f, 0x10, 0x0, 0x9f, 0x8, 0xf1, 0x0,
    0x9, 0xf0, 0x8f, 0x10, 0x0, 0x9f, 0x8, 0xf1,
    0x0, 0x9, 0xf0, 0x8f, 0x10, 0x0, 0x9f, 0x8,
    0xf1, 0x0, 0x9, 0xf0, 0x8f, 0x10, 0x0, 0x9f,
    0x8, 0xf1, 0x0, 0x9, 0xf0, 0x8f, 0x10, 0x0,
    0x9f, 0x8, 0xf1,

    /* U+2563 "╣" */
    0x0, 0x1, 0x20, 0x12, 0x0, 0x0, 0x9f, 0x8,
    0xf1, 0x0, 0x9, 0xf0, 0x8f, 0x10, 0x0, 0x9f,
    0x8, 0xf1, 0x0, 0x9, 0xf0, 0x8f, 0x10, 0x0,
    0x9f, 0x8, 0xf1, 0x0, 0x9, 0xf0, 0x8f, 0x10,
    0x0, 0x9f, 0x8, 0xf1, 0x2, 0x2a, 0xf0, 0x8f,
    0x15, 0xff, 0xff, 0x8, 0xf1, 0x27, 0x77, 0x70,
    0x8f, 0x10, 0x0, 0x0, 0x8, 0xf1, 0x4f, 0xff,
    0xf0, 0x8f, 0x13, 0xaa, 0xdf, 0x8, 0xf1, 0x0,
    0x9, 0xf0, 0x8f, 0x10, 0x0, 0x9f, 0x8, 0xf1,
    0x0, 0x9, 0xf0, 0x8f, 0x10, 0x0, 0x9f, 0x8,
    0xf1, 0x0, 0x9, 0xf0, 0x8f, 0x10, 0x0, 0x9f,
    0x8, 0xf1, 0x0, 0x9, 0xf0, 0x8f, 0x10, 0x0,
    0x9f, 0x8, 0xf1,

    /* U+2564 "╤" */
    0x28, 0x88, 0x88, 0x88, 0x88, 0x75, 0xff, 0xff,
    0xff, 0xff, 0xfe, 0x1, 0x11, 0x11, 0x11, 0x11,
    0x0, 0x0, 0x0, 0x0, 0x0, 0x0, 0x5f, 0xff,
    0xff, 0xff, 0xff, 0xe2, 0x99, 0x99, 0xfd, 0x99,
    0x98, 0x0, 0x0, 0xf, 0x90, 0x0, 0x0, 0x0,
    0x0, 0xf9, 0x0, 0x0, 0x0, 0x0, 0xf, 0x90,
    0x0, 0x0, 0x0, 0x0, 0xf9, 0x0, 0x0, 0x0,
    0x0, 0xf, 0x90, 0x0, 0x0, 0x0, 0x0, 0xf9,
    0x0, 0x0, 0x0, 0x0, 0xf, 0x90, 0x0, 0x0,
    0x0, 0x0, 0xe8, 0x0, 0x0,

    /* U+2565 "╥" */
    0x3a, 0xaa, 0xaa, 0xaa, 0xaa, 0x94, 0xff, 0xff,
    0xff, 0xff, 0xfe, 0x0, 0x9, 0xf0, 0x6f, 0x30,
    0x0, 0x0, 0x9f, 0x6, 0xf3, 0x0, 0x0, 0x9,
    0xf0, 0x6f, 0x30, 0x0, 0x0, 0x9f, 0x6, 0xf3,
    0x0, 0x0, 0x9, 0xf0, 0x6f, 0x30, 0x0, 0x0,
    0x9f, 0x6, 0xf3, 0x0, 0x0, 0x9, 0xf0, 0x6f,
    0x30, 0x0, 0x0, 0x9f, 0x6, 0xf3, 0x0, 0x0,
    0x9, 0xf0, 0x6f, 0x30, 0x0, 0x0, 0x8e, 0x5,
    0xe2, 0x0,

    /* U+2566 "╦" */
    0x28, 0x88, 0x88, 0x88, 0x88, 0x75, 0xff, 0xff,
    0xff, 0xff, 0xfe, 0x1, 0x11, 0x11, 0x11, 0x11,
    0x0, 0x0, 0x0, 0x0, 0x0, 0x0, 0x5f, 0xff,
    0xf0, 0x6f, 0xff, 0xe2, 0x99, 0xdf, 0x6, 0xfa,
    0x98, 0x0, 0x9, 0xf0, 0x6f, 0x30, 0x0, 0x0,
    0x9f, 0x6, 0xf3, 0x0, 0x0, 0x9, 0xf0, 0x6f,
    0x30, 0x0, 0x0, 0x9f, 0x6, 0xf3, 0x0, 0x0,
    0x9, 0xf0, 0x6f, 0x30, 0x0, 0x0, 0x9f, 0x6,
    0xf3, 0x0, 0x0, 0x9, 0xf0, 0x6f, 0x30, 0x0,
    0x0, 0x8e, 0x5, 0xe2, 0x0,

    /* U+2567 "╧" */
    0x0, 0x0, 0x8, 0x50, 0x0, 0x0, 0x0, 0x0,
    0xf9, 0x0, 0x0, 0x0, 0x0, 0xf, 0x90, 0x0,
    0x0, 0x0, 0x0, 0xf9, 0x0, 0x0, 0x0, 0x0,
    0xf, 0x90, 0x0, 0x0, 0x0, 0x0, 0xf9, 0x0,
    0x0, 0x0, 0x0, 0xf, 0x90, 0x0, 0x0, 0x0,
    0x0, 0xf9, 0x0, 0x0, 0x28, 0x88, 0x8f, 0xd8,
    0x88, 0x75, 0xff, 0xff, 0xff, 0xff, 0xfe, 0x1,
    0x11, 0x11, 0x11, 0x11, 0x0, 0x0, 0x0, 0x0,
    0x0, 0x0, 0x5f, 0xff, 0xff, 0xff, 0xff, 0xe2,
    0x99, 0x99, 0x99, 0x99, 0x98,

    /* U+2568 "╨" */
    0x0, 0x2, 0x30, 0x13, 0x0, 0x0, 0x0, 0x9f,
    0x6, 0xf3, 0x0, 0x0, 0x9, 0xf0, 0x6f, 0x30,
    0x0, 0x0, 0x9f, 0x6, 0xf3, 0x0, 0x0, 0x9,
    0xf0, 0x6f, 0x30, 0x0, 0x0, 0x9f, 0x6, 0xf3,
    0x0, 0x0, 0x9, 0xf0, 0x6f, 0x30, 0x0, 0x0,
    0x9f, 0x6, 0xf3, 0x0, 0x0, 0x9, 0xf0, 0x6f,
    0x30, 0x0, 0x0, 0x9f, 0x6, 0xf3, 0x0, 0x3a,
    0xad, 0xfa, 0xcf, 0xba, 0x94, 0xff, 0xff, 0xff,
    0xff, 0xfe,

    /* U+2569 "╩" */
    0x0, 0x5, 0x80, 0x38, 0x10, 0x0, 0x0, 0x9f,
    0x6, 0xf3, 0x0, 0x0, 0x9, 0xf0, 0x6f, 0x30,
    0x0, 0x0, 0x9f, 0x6, 0xf3, 0x0, 0x0, 0x9,
    0xf0, 0x6f, 0x30, 0x0, 0x0, 0x9f, 0x6, 0xf3,
    0x0, 0x0, 0x9, 0xf0, 0x6f, 0x30, 0x0, 0x0,
    0x9f, 0x6, 0xf3, 0x0, 0x28, 0x8c, 0xf0, 0x6f,
    0xa8, 0x75, 0xff, 0xff, 0x6, 0xff, 0xfe, 0x1,
    0x11, 0x10, 0x1, 0x11, 0x0, 0x0, 0x0, 0x0,
    0x0, 0x0, 0x5f, 0xff, 0xff, 0xff, 0xff, 0xe2,
    0x99, 0x99, 0x99, 0x99, 0x98,

    /* U+256A "╪" */
    0x0, 0x0, 0x2, 0x10, 0x0, 0x0, 0x0, 0x0,
    0xf9, 0x0, 0x0, 0x0, 0x0, 0xf, 0x90, 0x0,
    0x0, 0x0, 0x0, 0xf9, 0x0, 0x0, 0x0, 0x0,
    0xf, 0x90, 0x0, 0x0, 0x0, 0x0, 0xf9, 0x0,
    0x0, 0x0, 0x0, 0xf, 0x90, 0x0, 0x0, 0x0,
    0x0, 0xf9, 0x0, 0x0, 0x2, 0x22, 0x2f, 0xa2,
    0x22, 0x25, 0xff, 0xff, 0xff, 0xff, 0xfe, 0x27,
    0x77, 0x7f, 0xc7, 0x77, 0x60, 0x0, 0x0, 0xf9,
    0x0, 0x0, 0x4f, 0xff, 0xff, 0xff, 0xff, 0xe3,
    0xaa, 0xaa, 0xfd, 0xaa, 0xa9, 0x0, 0x0, 0xf,
    0x90, 0x0, 0x0, 0x0, 0x0, 0xf9, 0x0, 0x0,
    0x0, 0x0, 0xf, 0x90, 0x0, 0x0, 0x0, 0x0,
    0xf9, 0x0, 0x0, 0x0, 0x0, 0xf, 0x90, 0x0,
    0x0, 0x0, 0x0, 0xf9, 0x0, 0x0, 0x0, 0x0,
    0xf, 0x90, 0x0, 0x0, 0x0, 0x0, 0xf9, 0x0,
    0x0,

    /* U+256B "╫" */
    0x0, 0x1, 0x20, 0x2, 0x0, 0x0, 0x0, 0x9f,
    0x6, 0xf3, 0x0, 0x0, 0x9, 0xf0, 0x6f, 0x30,
    0x0, 0x0, 0x9f, 0x6, 0xf3, 0x0, 0x0, 0x9,
    0xf0, 0x6f, 0x30, 0x0, 0x0, 0x9f, 0x6, 0xf3,
    0x0, 0x0, 0x9, 0xf0, 0x6f, 0x30, 0x0, 0x0,
    0x9f, 0x6, 0xf3, 0x0, 0x0, 0x9, 0xf0, 0x6f,
    0x30, 0x0, 0x0, 0x9f, 0x6, 0xf3, 0x0, 0x29,
    0x9d, 0xf9, 0xbf, 0xa9, 0x85, 0xff, 0xff, 0xff,
    0xff, 0xfe, 0x0, 0x9, 0xf0, 0x6f, 0x30, 0x0,
    0x0, 0x9f, 0x6, 0xf3, 0x0, 0x0, 0x9, 0xf0,
    0x6f, 0x30, 0x0, 0x0, 0x9f, 0x6, 0xf3, 0x0,
    0x0, 0x9, 0xf0, 0x6f, 0x30, 0x0, 0x0, 0x9f,
    0x6, 0xf3, 0x0, 0x0, 0x9, 0xf0, 0x6f, 0x30,
    0x0, 0x0, 0x9f, 0x6, 0xf3, 0x0, 0x0, 0x9,
    0xf0, 0x6f, 0x30, 0x0, 0x0, 0x9f, 0x5, 0xf3,
    0x0,

    /* U+256C "╬" */
    0x0, 0x5, 0x80, 0x48, 0x0, 0x0, 0x0, 0x9f,
    0x8, 0xf1, 0x0, 0x0, 0x9, 0xf0, 0x8f, 0x10,
    0x0, 0x0, 0x9f, 0x8, 0xf1, 0x0, 0x0, 0x9,
    0xf0, 0x8f, 0x10, 0x0, 0x0, 0x9f, 0x8, 0xf1,
    0x0, 0x0, 0x9, 0xf0, 0x8f, 0x10, 0x0, 0x0,
    0x9f, 0x8, 0xf1, 0x0, 0x28, 0x8c, 0xf0, 0x8f,
    0x98, 0x65, 0xff, 0xff, 0x8, 0xff, 0xfc, 0x1,
    0x11, 0x10, 0x1, 0x11, 0x0, 0x0, 0x0, 0x0,
    0x0, 0x0, 0x5f, 0xff, 0xf0, 0x8f, 0xff, 0xc2,
    0x99, 0xdf, 0x8, 0xf9, 0x97, 0x0, 0x9, 0xf0,
    0x8f, 0x10, 0x0, 0x0, 0x9f, 0x8, 0xf1, 0x0,
    0x0, 0x9, 0xf0, 0x8f, 0x10, 0x0, 0x0, 0x9f,
    0x8, 0xf1, 0x0, 0x0, 0x9, 0xf0, 0x8f, 0x10,
    0x0, 0x0, 0x9f, 0x8, 0xf1, 0x0, 0x0, 0x9,
    0xf0, 0x8f, 0x10, 0x0, 0x0, 0x8e, 0x7, 0xe1,
    0x0,

    /* U+256D "╭" */
    0x0, 0x16, 0x9a, 0x4, 0xef, 0xfd, 0x2f, 0xe5,
    0x0, 0x9f, 0x30, 0x0, 0xdc, 0x0, 0x0, 0xf9,
    0x0, 0x0, 0xf9, 0x0, 0x0, 0xf9, 0x0, 0x0,
    0xf9, 0x0, 0x0, 0xf9, 0x0, 0x0, 0xf9, 0x0,
    0x0, 0xc7, 0x0, 0x0,

    /* U+256E "╮" */
    0x3a, 0x94, 0x0, 0x4, 0xef, 0xfb, 0x0, 0x0,
    0x19, 0xfa, 0x0, 0x0, 0x9, 0xf2, 0x0, 0x0,
    0x2f, 0x70, 0x0, 0x0, 0xf9, 0x0, 0x0, 0xf,
    0x90, 0x0, 0x0, 0xf9, 0x0, 0x0, 0xf, 0x90,
    0x0, 0x0, 0xf9, 0x0, 0x0, 0xf, 0x90, 0x0,
    0x0, 0xc7,

    /* U+256F "╯" */
    0x0, 0x0, 0x5, 0x20, 0x0, 0x0, 0xf9, 0x0,
    0x0, 0xf, 0x90, 0x0, 0x0, 0xf9, 0x0, 0x0,
    0xf, 0x90, 0x0, 0x0, 0xf9, 0x0, 0x0, 0xf,
    0x90, 0x0, 0x2, 0xf7, 0x0, 0x0, 0x8f, 0x30,
    0x0, 0x6f, 0xc0, 0x3c, 0xef, 0xd1, 0x4, 0xdb,
    0x60, 0x0,

    /* U+2570 "╰" */
    0x52, 0x0, 0x0, 0xf9, 0x0, 0x0, 0xf9, 0x0,
    0x0, 0xf9, 0x0, 0x0, 0xf9, 0x0, 0x0, 0xf9,
    0x0, 0x0, 0xf9, 0x0, 0x0, 0xeb, 0x0, 0x0,
    0xaf, 0x20, 0x0, 0x3f, 0xd2, 0x0, 0x6, 0xff,
    0xda, 0x0, 0x29, 0xcc,

    /* U+2571 "╱" */
    0x0, 0x0, 0x0, 0x0, 0x0, 0x10, 0x0, 0x0,
    0x0, 0x0, 0xad, 0x0, 0x0, 0x0, 0x0, 0x3f,
    0x60, 0x0, 0x0, 0x0, 0xc, 0xd0, 0x0, 0x0,
    0x0, 0x5, 0xf4, 0x0, 0x0, 0x0, 0x0, 0xeb,
    0x0, 0x0, 0x0, 0x0, 0x7f, 0x20, 0x0, 0x0,
    0x0, 0x1f, 0x90, 0x0, 0x0, 0x0, 0x9, 0xf1,
    0x0, 0x0, 0x0, 0x2, 0xf7, 0x0, 0x0, 0x0,
    0x0, 0xbe, 0x0, 0x0, 0x0, 0x0, 0x4f, 0x50,
    0x0, 0x0, 0x0, 0xd, 0xc0, 0x0, 0x0, 0x0,
    0x6, 0xf3, 0x0, 0x0, 0x0, 0x0, 0xea, 0x0,
    0x0, 0x0, 0x0, 0x8f, 0x20, 0x0, 0x0, 0x0,
    0x1f, 0x80, 0x0, 0x0, 0x0, 0x2, 0x81, 0x0,
    0x0, 0x0, 0x0,

    /* U+2572 "╲" */
    0x1, 0x0, 0x0, 0x0, 0x0, 0x4, 0xf4, 0x0,
    0x0, 0x0, 0x0, 0xc, 0xd0, 0x0, 0x0, 0x0,
    0x0, 0x3f, 0x60, 0x0, 0x0, 0x0, 0x0, 0xae,
    0x0, 0x0, 0x0, 0x0, 0x2, 0xf8, 0x0, 0x0,
    0x0, 0x0, 0x8, 0xf1, 0x0, 0x0, 0x0, 0x0,
    0x1e, 0xa0, 0x0, 0x0, 0x0, 0x0, 0x6f, 0x30,
    0x0, 0x0, 0x0, 0x0, 0xdc, 0x0, 0x0, 0x0,
    0x0, 0x5, 0xf5, 0x0, 0x0, 0x0, 0x0, 0xc,
    0xd0, 0x0, 0x0, 0x0, 0x0, 0x3f, 0x70, 0x0,
    0x0, 0x0, 0x0, 0xae, 0x10, 0x0, 0x0, 0x0,
    0x1, 0xf9, 0x0, 0x0, 0x0, 0x0, 0x8, 0xf2,
    0x0, 0x0, 0x0, 0x0, 0xe, 0xa0, 0x0, 0x0,
    0x0, 0x0, 0x48,

    /* U+2573 "╳" */
    0x0, 0x0, 0x0, 0x0, 0x0, 0x4, 0xf4, 0x0,
    0x0, 0x0, 0xae, 0xc, 0xd0, 0x0, 0x0, 0x3f,
    0x60, 0x3f, 0x60, 0x0, 0xc, 0xd0, 0x0, 0xbe,
    0x0, 0x5, 0xf4, 0x0, 0x2, 0xf8, 0x0, 0xeb,
    0x0, 0x0, 0x9, 0xf2, 0x7f, 0x30, 0x0, 0x0,
    0x1e, 0xbf, 0x90, 0x0, 0x0, 0x0, 0x7f, 0xf1,
    0x0, 0x0, 0x0, 0x2, 0xfc, 0x0, 0x0, 0x0,
    0x0, 0xbf, 0xf4, 0x0, 0x0, 0x0, 0x4f, 0x6c,
    0xd0, 0x0, 0x0, 0xc, 0xd0, 0x3f, 0x60, 0x0,
    0x6, 0xf4, 0x0, 0xae, 0x10, 0x0, 0xeb, 0x0,
    0x2, 0xf8, 0x0, 0x8f, 0x20, 0x0, 0x8, 0xf2,
    0x1f, 0x90, 0x0, 0x0, 0xe, 0xa2, 0x91, 0x0,
    0x0, 0x0, 0x58,

    /* U+2574 "╴" */
    0xa, 0xaa, 0xaa, 0x81, 0xff, 0xff, 0xfc,

    /* U+2575 "╵" */
    0x32, 0xf9, 0xf9, 0xf9, 0xf9, 0xf9, 0xf9, 0xf9,
    0xf9, 0xf9, 0xf9, 0xf9,

    /* U+2576 "╶" */
    0xaa, 0xaa, 0xa9, 0xff, 0xff, 0xfe,

    /* U+2577 "╷" */
    0x95, 0xf9, 0xf9, 0xf9, 0xf9, 0xf9, 0xf9, 0xf9,
    0xf9, 0xf9, 0xf9, 0xf9,

    /* U+2578 "╸" */
    0x4, 0x44, 0x44, 0x31, 0xff, 0xff, 0xfd, 0x1f,
    0xff, 0xff, 0xd1, 0xee, 0xee, 0xeb,

    /* U+2579 "╹" */
    0x33, 0x31, 0xef, 0xf4, 0xef, 0xf4, 0xef, 0xf4,
    0xef, 0xf4, 0xef, 0xf4, 0xef, 0xf4, 0xef, 0xf4,
    0xef, 0xf4, 0xef, 0xf4, 0xef, 0xf4, 0xef, 0xf4,

    /* U+257A "╺" */
    0x44, 0x44, 0x44, 0xff, 0xff, 0xfe, 0xff, 0xff,
    0xfe, 0xee, 0xee, 0xed,

    /* U+257B "╻" */
    0x89, 0x92, 0xef, 0xf4, 0xef, 0xf4, 0xef, 0xf4,
    0xef, 0xf4, 0xef, 0xf4, 0xef, 0xf4, 0xef, 0xf4,
    0xef, 0xf4, 0xef, 0xf4, 0xef, 0xf4, 0xef, 0xf4,

    /* U+257C "╼" */
    0x0, 0x0, 0x4, 0x44, 0x44, 0x42, 0x88, 0x88,
    0xff, 0xff, 0xfe, 0x5f, 0xff, 0xff, 0xff, 0xff,
    0xe0, 0x11, 0x11, 0xee, 0xee, 0xed,

    /* U+257D "╽" */
    0x2, 0x10, 0x2f, 0x70, 0x2f, 0x70, 0x2f, 0x70,
    0x2f, 0x70, 0x2f, 0x70, 0x2f, 0x70, 0x2f, 0x70,
    0x2f, 0x70, 0x2f, 0x70, 0x9f, 0xc2, 0xef, 0xf4,
    0xef, 0xf4, 0xef, 0xf4, 0xef, 0xf4, 0xef, 0xf4,
    0xef, 0xf4, 0xef, 0xf4, 0xef, 0xf4, 0xef, 0xf4,
    0xef, 0xf4, 0xef, 0xf4,

    /* U+257E "╾" */
    0x4, 0x44, 0x44, 0x30, 0x0, 0x0, 0x1f, 0xff,
    0xff, 0xe8, 0x88, 0x81, 0x1f, 0xff, 0xff, 0xff,
    0xff, 0xf2, 0x1e, 0xee, 0xee, 0xc1, 0x11, 0x10,

    /* U+257F "╿" */
    0x33, 0x31, 0xef, 0xf4, 0xef, 0xf4, 0xef, 0xf4,
    0xef, 0xf4, 0xef, 0xf4, 0xef, 0xf4, 0xef, 0xf4,
    0xef, 0xf4, 0xef, 0xf4, 0xef, 0xf4, 0xef, 0xf4,
    0x2f, 0x70, 0x2f, 0x70, 0x2f, 0x70, 0x2f, 0x70,
    0x2f, 0x70, 0x2f, 0x70, 0x2f, 0x70, 0x2f, 0x70,
    0x2f, 0x70, 0x1e, 0x60
};


/*---------------------
 *  GLYPH DESCRIPTION
 *--------------------*/

static const lv_font_fmt_txt_glyph_dsc_t glyph_dsc[] = {
    {.bitmap_index = 0, .adv_w = 0, .box_w = 0, .box_h = 0, .ofs_x = 0, .ofs_y = 0} /* id = 0 reserved */,
    {.bitmap_index = 0, .adv_w = 154, .box_w = 0, .box_h = 0, .ofs_x = 0, .ofs_y = 0},
    {.bitmap_index = 0, .adv_w = 154, .box_w = 3, .box_h = 12, .ofs_x = 3, .ofs_y = 0},
    {.bitmap_index = 18, .adv_w = 154, .box_w = 6, .box_h = 5, .ofs_x = 2, .ofs_y = 7},
    {.bitmap_index = 33, .adv_w = 154, .box_w = 10, .box_h = 12, .ofs_x = 0, .ofs_y = 0},
    {.bitmap_index = 93, .adv_w = 154, .box_w = 8, .box_h = 17, .ofs_x = 1, .ofs_y = -2},
    {.bitmap_index = 161, .adv_w = 154, .box_w = 10, .box_h = 12, .ofs_x = 0, .ofs_y = 0},
    {.bitmap_index = 221, .adv_w = 154, .box_w = 10, .box_h = 12, .ofs_x = 0, .ofs_y = 0},
    {.bitmap_index = 281, .adv_w = 154, .box_w = 3, .box_h = 5, .ofs_x = 3, .ofs_y = 7},
    {.bitmap_index = 289, .adv_w = 154, .box_w = 6, .box_h = 16, .ofs_x = 2, .ofs_y = -2},
    {.bitmap_index = 337, .adv_w = 154, .box_w = 6, .box_h = 16, .ofs_x = 1, .ofs_y = -2},
    {.bitmap_index = 385, .adv_w = 154, .box_w = 10, .box_h = 9, .ofs_x = 0, .ofs_y = 1},
    {.bitmap_index = 430, .adv_w = 154, .box_w = 8, .box_h = 8, .ofs_x = 1, .ofs_y = 1},
    {.bitmap_index = 462, .adv_w = 154, .box_w = 4, .box_h = 5, .ofs_x = 2, .ofs_y = -3},
    {.bitmap_index = 472, .adv_w = 154, .box_w = 6, .box_h = 3, .ofs_x = 2, .ofs_y = 4},
    {.bitmap_index = 481, .adv_w = 154, .box_w = 4, .box_h = 3, .ofs_x = 3, .ofs_y = 0},
    {.bitmap_index = 487, .adv_w = 154, .box_w = 8, .box_h = 15, .ofs_x = 1, .ofs_y = -2},
    {.bitmap_index = 547, .adv_w = 154, .box_w = 8, .box_h = 12, .ofs_x = 1, .ofs_y = 0},
    {.bitmap_index = 595, .adv_w = 154, .box_w = 8, .box_h = 12, .ofs_x = 1, .ofs_y = 0},
    {.bitmap_index = 643, .adv_w = 154, .box_w = 8, .box_h = 12, .ofs_x = 1, .ofs_y = 0},
    {.bitmap_index = 691, .adv_w = 154, .box_w = 8, .box_h = 12, .ofs_x = 1, .ofs_y = 0},
    {.bitmap_index = 739, .adv_w = 154, .box_w = 7, .box_h = 12, .ofs_x = 1, .ofs_y = 0},
    {.bitmap_index = 781, .adv_w = 154, .box_w = 8, .box_h = 12, .ofs_x = 1, .ofs_y = 0},
    {.bitmap_index = 829, .adv_w = 154, .box_w = 8, .box_h = 12, .ofs_x = 1, .ofs_y = 0},
    {.bitmap_index = 877, .adv_w = 154, .box_w = 8, .box_h = 12, .ofs_x = 1, .ofs_y = 0},
    {.bitmap_index = 925, .adv_w = 154, .box_w = 8, .box_h = 12, .ofs_x = 1, .ofs_y = 0},
    {.bitmap_index = 973, .adv_w = 154, .box_w = 8, .box_h = 12, .ofs_x = 1, .ofs_y = 0},
    {.bitmap_index = 1021, .adv_w = 154, .box_w = 4, .box_h = 9, .ofs_x = 3, .ofs_y = 0},
    {.bitmap_index = 1039, .adv_w = 154, .box_w = 5, .box_h = 12, .ofs_x = 2, .ofs_y = -3},
    {.bitmap_index = 1069, .adv_w = 154, .box_w = 8, .box_h = 9, .ofs_x = 1, .ofs_y = 1},
    {.bitmap_index = 1105, .adv_w = 154, .box_w = 8, .box_h = 7, .ofs_x = 1, .ofs_y = 2},
    {.bitmap_index = 1133, .adv_w = 154, .box_w = 8, .box_h = 9, .ofs_x = 1, .ofs_y = 1},
    {.bitmap_index = 1169, .adv_w = 154, .box_w = 6, .box_h = 12, .ofs_x = 2, .ofs_y = 0},
    {.bitmap_index = 1205, .adv_w = 154, .box_w = 9, .box_h = 15, .ofs_x = 0, .ofs_y = -3},
    {.bitmap_index = 1273, .adv_w = 154, .box_w = 9, .box_h = 12, .ofs_x = 0, .ofs_y = 0},
    {.bitmap_index = 1327, .adv_w = 154, .box_w = 8, .box_h = 12, .ofs_x = 1, .ofs_y = 0},
    {.bitmap_index = 1375, .adv_w = 154, .box_w = 8, .box_h = 12, .ofs_x = 1, .ofs_y = 0},
    {.bitmap_index = 1423, .adv_w = 154, .box_w = 8, .box_h = 12, .ofs_x = 1, .ofs_y = 0},
    {.bitmap_index = 1471, .adv_w = 154, .box_w = 8, .box_h = 12, .ofs_x = 1, .ofs_y = 0},
    {.bitmap_index = 1519, .adv_w = 154, .box_w = 8, .box_h = 12, .ofs_x = 1, .ofs_y = 0},
    {.bitmap_index = 1567, .adv_w = 154, .box_w = 8, .box_h = 12, .ofs_x = 1, .ofs_y = 0},
    {.bitmap_index = 1615, .adv_w = 154, .box_w = 8, .box_h = 12, .ofs_x = 1, .ofs_y = 0},
    {.bitmap_index = 1663, .adv_w = 154, .box_w = 7, .box_h = 12, .ofs_x = 1, .ofs_y = 0},
    {.bitmap_index = 1705, .adv_w = 154, .box_w = 8, .box_h = 12, .ofs_x = 0, .ofs_y = 0},
    {.bitmap_index = 1753, .adv_w = 154, .box_w = 8, .box_h = 12, .ofs_x = 1, .ofs_y = 0},
    {.bitmap_index = 1801, .adv_w = 154, .box_w = 8, .box_h = 12, .ofs_x = 1, .ofs_y = 0},
    {.bitmap_index = 1849, .adv_w = 154, .box_w = 8, .box_h = 12, .ofs_x = 1, .ofs_y = 0},
    {.bitmap_index = 1897, .adv_w = 154, .box_w = 8, .box_h = 12, .ofs_x = 1, .ofs_y = 0},
    {.bitmap_index = 1945, .adv_w = 154, .box_w = 8, .box_h = 12, .ofs_x = 1, .ofs_y = 0},
    {.bitmap_index = 1993, .adv_w = 154, .box_w = 8, .box_h = 12, .ofs_x = 1, .ofs_y = 0},
    {.bitmap_index = 2041, .adv_w = 154, .box_w = 8, .box_h = 15, .ofs_x = 1, .ofs_y = -3},
    {.bitmap_index = 2101, .adv_w = 154, .box_w = 8, .box_h = 12, .ofs_x = 1, .ofs_y = 0},
    {.bitmap_index = 2149, .adv_w = 154, .box_w = 8, .box_h = 12, .ofs_x = 1, .ofs_y = 0},
    {.bitmap_index = 2197, .adv_w = 154, .box_w = 9, .box_h = 12, .ofs_x = 0, .ofs_y = 0},
    {.bitmap_index = 2251, .adv_w = 154, .box_w = 8, .box_h = 12, .ofs_x = 1, .ofs_y = 0},
    {.bitmap_index = 2299, .adv_w = 154, .box_w = 9, .box_h = 12, .ofs_x = 0, .ofs_y = 0},
    {.bitmap_index = 2353, .adv_w = 154, .box_w = 10, .box_h = 12, .ofs_x = 0, .ofs_y = 0},
    {.bitmap_index = 2413, .adv_w = 154, .box_w = 9, .box_h = 12, .ofs_x = 0, .ofs_y = 0},
    {.bitmap_index = 2467, .adv_w = 154, .box_w = 10, .box_h = 12, .ofs_x = 0, .ofs_y = 0},
    {.bitmap_index = 2527, .adv_w = 154, .box_w = 8, .box_h = 12, .ofs_x = 1, .ofs_y = 0},
    {.bitmap_index = 2575, .adv_w = 154, .box_w = 5, .box_h = 17, .ofs_x = 3, .ofs_y = -3},
    {.bitmap_index = 2618, .adv_w = 154, .box_w = 8, .box_h = 15, .ofs_x = 1, .ofs_y = -2},
    {.bitmap_index = 2678, .adv_w = 154, .box_w = 5, .box_h = 17, .ofs_x = 2, .ofs_y = -3},
    {.bitmap_index = 2721, .adv_w = 154, .box_w = 8, .box_h = 7, .ofs_x = 1, .ofs_y = 5},
    {.bitmap_index = 2749, .adv_w = 154, .box_w = 9, .box_h = 3, .ofs_x = 0, .ofs_y = -2},
    {.bitmap_index = 2763, .adv_w = 154, .box_w = 5, .box_h = 3, .ofs_x = 2, .ofs_y = 10},
    {.bitmap_index = 2771, .adv_w = 154, .box_w = 8, .box_h = 9, .ofs_x = 1, .ofs_y = 0},
    {.bitmap_index = 2807, .adv_w = 154, .box_w = 8, .box_h = 12, .ofs_x = 1, .ofs_y = 0},
    {.bitmap_index = 2855, .adv_w = 154, .box_w = 8, .box_h = 9, .ofs_x = 1, .ofs_y = 0},
    {.bitmap_index = 2891, .adv_w = 154, .box_w = 8, .box_h = 12, .ofs_x = 1, .ofs_y = 0},
    {.bitmap_index = 2939, .adv_w = 154, .box_w = 8, .box_h = 9, .ofs_x = 1, .ofs_y = 0},
    {.bitmap_index = 2975, .adv_w = 154, .box_w = 9, .box_h = 12, .ofs_x = 0, .ofs_y = 0},
    {.bitmap_index = 3029, .adv_w = 154, .box_w = 8, .box_h = 12, .ofs_x = 1, .ofs_y = -3},
    {.bitmap_index = 3077, .adv_w = 154, .box_w = 8, .box_h = 12, .ofs_x = 1, .ofs_y = 0},
    {.bitmap_index = 3125, .adv_w = 154, .box_w = 8, .box_h = 13, .ofs_x = 1, .ofs_y = 0},
    {.bitmap_index = 3177, .adv_w = 154, .box_w = 7, .box_h = 16, .ofs_x = 1, .ofs_y = -3},
    {.bitmap_index = 3233, .adv_w = 154, .box_w = 8, .box_h = 12, .ofs_x = 1, .ofs_y = 0},
    {.bitmap_index = 3281, .adv_w = 154, .box_w = 9, .box_h = 12, .ofs_x = 0, .ofs_y = 0},
    {.bitmap_index = 3335, .adv_w = 154, .box_w = 8, .box_h = 9, .ofs_x = 1, .ofs_y = 0},
    {.bitmap_index = 3371, .adv_w = 154, .box_w = 8, .box_h = 9, .ofs_x = 1, .ofs_y = 0},
    {.bitmap_index = 3407, .adv_w = 154, .box_w = 8, .box_h = 9, .ofs_x = 1, .ofs_y = 0},
    {.bitmap_index = 3443, .adv_w = 154, .box_w = 8, .box_h = 12, .ofs_x = 1, .ofs_y = -3},
    {.bitmap_index = 3491, .adv_w = 154, .box_w = 8, .box_h = 12, .ofs_x = 1, .ofs_y = -3},
    {.bitmap_index = 3539, .adv_w = 154, .box_w = 8, .box_h = 9, .ofs_x = 1, .ofs_y = 0},
    {.bitmap_index = 3575, .adv_w = 154, .box_w = 8, .box_h = 9, .ofs_x = 1, .ofs_y = 0},
    {.bitmap_index = 3611, .adv_w = 154, .box_w = 9, .box_h = 12, .ofs_x = 0, .ofs_y = 0},
    {.bitmap_index = 3665, .adv_w = 154, .box_w = 8, .box_h = 9, .ofs_x = 1, .ofs_y = 0},
    {.bitmap_index = 3701, .adv_w = 154, .box_w = 9, .box_h = 9, .ofs_x = 0, .ofs_y = 0},
    {.bitmap_index = 3742, .adv_w = 154, .box_w = 10, .box_h = 9, .ofs_x = 0, .ofs_y = 0},
    {.bitmap_index = 3787, .adv_w = 154, .box_w = 9, .box_h = 9, .ofs_x = 0, .ofs_y = 0},
    {.bitmap_index = 3828, .adv_w = 154, .box_w = 9, .box_h = 12, .ofs_x = 0, .ofs_y = -3},
    {.bitmap_index = 3882, .adv_w = 154, .box_w = 8, .box_h = 9, .ofs_x = 1, .ofs_y = 0},
    {.bitmap_index = 3918, .adv_w = 154, .box_w = 8, .box_h = 17, .ofs_x = 1, .ofs_y = -3},
    {.bitmap_index = 3986, .adv_w = 154, .box_w = 2, .box_h = 15, .ofs_x = 4, .ofs_y = -2},
    {.bitmap_index = 4001, .adv_w = 154, .box_w = 8, .box_h = 17, .ofs_x = 1, .ofs_y = -3},
    {.bitmap_index = 4069, .adv_w = 154, .box_w = 8, .box_h = 4, .ofs_x = 1, .ofs_y = 3},
    {.bitmap_index = 4085, .adv_w = 154, .box_w = 10, .box_h = 8, .ofs_x = 0, .ofs_y = 1},
    {.bitmap_index = 4125, .adv_w = 154, .box_w = 6, .box_h = 5, .ofs_x = 2, .ofs_y = 7},
    {.bitmap_index = 4140, .adv_w = 154, .box_w = 10, .box_h = 8, .ofs_x = 0, .ofs_y = 1},
    {.bitmap_index = 4180, .adv_w = 154, .box_w = 8, .box_h = 16, .ofs_x = 1, .ofs_y = 0},
    {.bitmap_index = 4244, .adv_w = 154, .box_w = 9, .box_h = 12, .ofs_x = 0, .ofs_y = 0},
    {.bitmap_index = 4298, .adv_w = 154, .box_w = 8, .box_h = 12, .ofs_x = 1, .ofs_y = 0},
    {.bitmap_index = 4346, .adv_w = 154, .box_w = 8, .box_h = 12, .ofs_x = 1, .ofs_y = 0},
    {.bitmap_index = 4394, .adv_w = 154, .box_w = 8, .box_h = 12, .ofs_x = 1, .ofs_y = 0},
    {.bitmap_index = 4442, .adv_w = 154, .box_w = 10, .box_h = 15, .ofs_x = 0, .ofs_y = -3},
    {.bitmap_index = 4517, .adv_w = 154, .box_w = 8, .box_h = 12, .ofs_x = 1, .ofs_y = 0},
    {.bitmap_index = 4565, .adv_w = 154, .box_w = 10, .box_h = 12, .ofs_x = 0, .ofs_y = 0},
    {.bitmap_index = 4625, .adv_w = 154, .box_w = 9, .box_h = 12, .ofs_x = 0, .ofs_y = 0},
    {.bitmap_index = 4679, .adv_w = 154, .box_w = 8, .box_h = 12, .ofs_x = 1, .ofs_y = 0},
    {.bitmap_index = 4727, .adv_w = 154, .box_w = 8, .box_h = 16, .ofs_x = 1, .ofs_y = 0},
    {.bitmap_index = 4791, .adv_w = 154, .box_w = 8, .box_h = 12, .ofs_x = 1, .ofs_y = 0},
    {.bitmap_index = 4839, .adv_w = 154, .box_w = 9, .box_h = 12, .ofs_x = 0, .ofs_y = 0},
    {.bitmap_index = 4893, .adv_w = 154, .box_w = 8, .box_h = 12, .ofs_x = 1, .ofs_y = 0},
    {.bitmap_index = 4941, .adv_w = 154, .box_w = 8, .box_h = 12, .ofs_x = 1, .ofs_y = 0},
    {.bitmap_index = 4989, .adv_w = 154, .box_w = 8, .box_h = 12, .ofs_x = 1, .ofs_y = 0},
    {.bitmap_index = 5037, .adv_w = 154, .box_w = 8, .box_h = 12, .ofs_x = 1, .ofs_y = 0},
    {.bitmap_index = 5085, .adv_w = 154, .box_w = 8, .box_h = 12, .ofs_x = 1, .ofs_y = 0},
    {.bitmap_index = 5133, .adv_w = 154, .box_w = 8, .box_h = 12, .ofs_x = 1, .ofs_y = 0},
    {.bitmap_index = 5181, .adv_w = 154, .box_w = 9, .box_h = 12, .ofs_x = 0, .ofs_y = 0},
    {.bitmap_index = 5235, .adv_w = 154, .box_w = 9, .box_h = 12, .ofs_x = 0, .ofs_y = 0},
    {.bitmap_index = 5289, .adv_w = 154, .box_w = 9, .box_h = 13, .ofs_x = 0, .ofs_y = 0},
    {.bitmap_index = 5348, .adv_w = 154, .box_w = 9, .box_h = 12, .ofs_x = 0, .ofs_y = 0},
    {.bitmap_index = 5402, .adv_w = 154, .box_w = 9, .box_h = 15, .ofs_x = 1, .ofs_y = -3},
    {.bitmap_index = 5470, .adv_w = 154, .box_w = 8, .box_h = 12, .ofs_x = 1, .ofs_y = 0},
    {.bitmap_index = 5518, .adv_w = 154, .box_w = 8, .box_h = 12, .ofs_x = 1, .ofs_y = 0},
    {.bitmap_index = 5566, .adv_w = 154, .box_w = 9, .box_h = 15, .ofs_x = 1, .ofs_y = -3},
    {.bitmap_index = 5634, .adv_w = 154, .box_w = 10, .box_h = 12, .ofs_x = -1, .ofs_y = 0},
    {.bitmap_index = 5694, .adv_w = 154, .box_w = 8, .box_h = 12, .ofs_x = 1, .ofs_y = 0},
    {.bitmap_index = 5742, .adv_w = 154, .box_w = 8, .box_h = 12, .ofs_x = 1, .ofs_y = 0},
    {.bitmap_index = 5790, .adv_w = 154, .box_w = 8, .box_h = 12, .ofs_x = 1, .ofs_y = 0},
    {.bitmap_index = 5838, .adv_w = 154, .box_w = 9, .box_h = 12, .ofs_x = 0, .ofs_y = 0},
    {.bitmap_index = 5892, .adv_w = 154, .box_w = 9, .box_h = 12, .ofs_x = 0, .ofs_y = 0},
    {.bitmap_index = 5946, .adv_w = 154, .box_w = 8, .box_h = 9, .ofs_x = 1, .ofs_y = 0},
    {.bitmap_index = 5982, .adv_w = 154, .box_w = 8, .box_h = 12, .ofs_x = 1, .ofs_y = 0},
    {.bitmap_index = 6030, .adv_w = 154, .box_w = 8, .box_h = 9, .ofs_x = 1, .ofs_y = 0},
    {.bitmap_index = 6066, .adv_w = 154, .box_w = 7, .box_h = 9, .ofs_x = 2, .ofs_y = 0},
    {.bitmap_index = 6098, .adv_w = 154, .box_w = 10, .box_h = 12, .ofs_x = 0, .ofs_y = -3},
    {.bitmap_index = 6158, .adv_w = 154, .box_w = 8, .box_h = 9, .ofs_x = 1, .ofs_y = 0},
    {.bitmap_index = 6194, .adv_w = 154, .box_w = 10, .box_h = 9, .ofs_x = 0, .ofs_y = 0},
    {.bitmap_index = 6239, .adv_w = 154, .box_w = 8, .box_h = 9, .ofs_x = 1, .ofs_y = 0},
    {.bitmap_index = 6275, .adv_w = 154, .box_w = 8, .box_h = 9, .ofs_x = 1, .ofs_y = 0},
    {.bitmap_index = 6311, .adv_w = 154, .box_w = 8, .box_h = 13, .ofs_x = 1, .ofs_y = 0},
    {.bitmap_index = 6363, .adv_w = 154, .box_w = 8, .box_h = 9, .ofs_x = 1, .ofs_y = 0},
    {.bitmap_index = 6399, .adv_w = 154, .box_w = 9, .box_h = 9, .ofs_x = 0, .ofs_y = 0},
    {.bitmap_index = 6440, .adv_w = 154, .box_w = 8, .box_h = 9, .ofs_x = 1, .ofs_y = 0},
    {.bitmap_index = 6476, .adv_w = 154, .box_w = 8, .box_h = 9, .ofs_x = 1, .ofs_y = 0},
    {.bitmap_index = 6512, .adv_w = 154, .box_w = 8, .box_h = 9, .ofs_x = 1, .ofs_y = 0},
    {.bitmap_index = 6548, .adv_w = 154, .box_w = 8, .box_h = 9, .ofs_x = 1, .ofs_y = 0},
    {.bitmap_index = 6584, .adv_w = 154, .box_w = 8, .box_h = 12, .ofs_x = 1, .ofs_y = -3},
    {.bitmap_index = 6632, .adv_w = 154, .box_w = 8, .box_h = 9, .ofs_x = 1, .ofs_y = 0},
    {.bitmap_index = 6668, .adv_w = 154, .box_w = 9, .box_h = 9, .ofs_x = 0, .ofs_y = 0},
    {.bitmap_index = 6709, .adv_w = 154, .box_w = 9, .box_h = 12, .ofs_x = 0, .ofs_y = -3},
    {.bitmap_index = 6763, .adv_w = 154, .box_w = 9, .box_h = 15, .ofs_x = 0, .ofs_y = -3},
    {.bitmap_index = 6831, .adv_w = 154, .box_w = 9, .box_h = 9, .ofs_x = 0, .ofs_y = 0},
    {.bitmap_index = 6872, .adv_w = 154, .box_w = 9, .box_h = 12, .ofs_x = 1, .ofs_y = -3},
    {.bitmap_index = 6926, .adv_w = 154, .box_w = 7, .box_h = 9, .ofs_x = 1, .ofs_y = 0},
    {.bitmap_index = 6958, .adv_w = 154, .box_w = 8, .box_h = 9, .ofs_x = 1, .ofs_y = 0},
    {.bitmap_index = 6994, .adv_w = 154, .box_w = 9, .box_h = 12, .ofs_x = 1, .ofs_y = -3},
    {.bitmap_index = 7048, .adv_w = 154, .box_w = 9, .box_h = 9, .ofs_x = 0, .ofs_y = 0},
    {.bitmap_index = 7089, .adv_w = 154, .box_w = 8, .box_h = 9, .ofs_x = 1, .ofs_y = 0},
    {.bitmap_index = 7125, .adv_w = 154, .box_w = 8, .box_h = 9, .ofs_x = 1, .ofs_y = 0},
    {.bitmap_index = 7161, .adv_w = 154, .box_w = 8, .box_h = 9, .ofs_x = 1, .ofs_y = 0},
    {.bitmap_index = 7197, .adv_w = 154, .box_w = 9, .box_h = 9, .ofs_x = 0, .ofs_y = 0},
    {.bitmap_index = 7238, .adv_w = 154, .box_w = 9, .box_h = 9, .ofs_x = 0, .ofs_y = 0},
    {.bitmap_index = 7279, .adv_w = 154, .box_w = 8, .box_h = 13, .ofs_x = 1, .ofs_y = 0},
    {.bitmap_index = 7331, .adv_w = 154, .box_w = 10, .box_h = 3, .ofs_x = 0, .ofs_y = 4},
    {.bitmap_index = 7346, .adv_w = 154, .box_w = 9, .box_h = 3, .ofs_x = 0, .ofs_y = 0},
    {.bitmap_index = 7360, .adv_w = 154, .box_w = 10, .box_h = 12, .ofs_x = 0, .ofs_y = 0},
    {.bitmap_index = 7420, .adv_w = 154, .box_w = 11, .box_h = 2, .ofs_x = -1, .ofs_y = 5},
    {.bitmap_index = 7431, .adv_w = 154, .box_w = 11, .box_h = 4, .ofs_x = -1, .ofs_y = 4},
    {.bitmap_index = 7453, .adv_w = 154, .box_w = 2, .box_h = 22, .ofs_x = 4, .ofs_y = -5},
    {.bitmap_index = 7475, .adv_w = 154, .box_w = 4, .box_h = 22, .ofs_x = 3, .ofs_y = -5},
    {.bitmap_index = 7519, .adv_w = 154, .box_w = 9, .box_h = 2, .ofs_x = 0, .ofs_y = 5},
    {.bitmap_index = 7528, .adv_w = 154, .box_w = 9, .box_h = 4, .ofs_x = 0, .ofs_y = 4},
    {.bitmap_index = 7546, .adv_w = 154, .box_w = 2, .box_h = 20, .ofs_x = 4, .ofs_y = -4},
    {.bitmap_index = 7566, .adv_w = 154, .box_w = 4, .box_h = 20, .ofs_x = 3, .ofs_y = -4},
    {.bitmap_index = 7606, .adv_w = 154, .box_w = 10, .box_h = 2, .ofs_x = 0, .ofs_y = 5},
    {.bitmap_index = 7616, .adv_w = 154, .box_w = 10, .box_h = 4, .ofs_x = 0, .ofs_y = 4},
    {.bitmap_index = 7636, .adv_w = 154, .box_w = 2, .box_h = 19, .ofs_x = 4, .ofs_y = -4},
    {.bitmap_index = 7655, .adv_w = 154, .box_w = 4, .box_h = 19, .ofs_x = 3, .ofs_y = -4},
    {.bitmap_index = 7693, .adv_w = 154, .box_w = 6, .box_h = 12, .ofs_x = 4, .ofs_y = -5},
    {.bitmap_index = 7729, .adv_w = 154, .box_w = 6, .box_h = 14, .ofs_x = 4, .ofs_y = -6},
    {.bitmap_index = 7771, .adv_w = 154, .box_w = 7, .box_h = 12, .ofs_x = 3, .ofs_y = -5},
    {.bitmap_index = 7813, .adv_w = 154, .box_w = 7, .box_h = 14, .ofs_x = 3, .ofs_y = -6},
    {.bitmap_index = 7862, .adv_w = 154, .box_w = 7, .box_h = 12, .ofs_x = -1, .ofs_y = -5},
    {.bitmap_index = 7904, .adv_w = 154, .box_w = 7, .box_h = 14, .ofs_x = -1, .ofs_y = -6},
    {.bitmap_index = 7953, .adv_w = 154, .box_w = 8, .box_h = 12, .ofs_x = -1, .ofs_y = -5},
    {.bitmap_index = 8001, .adv_w = 154, .box_w = 8, .box_h = 14, .ofs_x = -1, .ofs_y = -6},
    {.bitmap_index = 8057, .adv_w = 154, .box_w = 6, .box_h = 12, .ofs_x = 4, .ofs_y = 5},
    {.bitmap_index = 8093, .adv_w = 154, .box_w = 6, .box_h = 13, .ofs_x = 4, .ofs_y = 4},
    {.bitmap_index = 8132, .adv_w = 154, .box_w = 7, .box_h = 12, .ofs_x = 3, .ofs_y = 5},
    {.bitmap_index = 8174, .adv_w = 154, .box_w = 7, .box_h = 13, .ofs_x = 3, .ofs_y = 4},
    {.bitmap_index = 8220, .adv_w = 154, .box_w = 7, .box_h = 12, .ofs_x = -1, .ofs_y = 5},
    {.bitmap_index = 8262, .adv_w = 154, .box_w = 7, .box_h = 13, .ofs_x = -1, .ofs_y = 4},
    {.bitmap_index = 8308, .adv_w = 154, .box_w = 8, .box_h = 12, .ofs_x = -1, .ofs_y = 5},
    {.bitmap_index = 8356, .adv_w = 154, .box_w = 8, .box_h = 13, .ofs_x = -1, .ofs_y = 4},
    {.bitmap_index = 8408, .adv_w = 154, .box_w = 6, .box_h = 22, .ofs_x = 4, .ofs_y = -5},
    {.bitmap_index = 8474, .adv_w = 154, .box_w = 6, .box_h = 22, .ofs_x = 4, .ofs_y = -5},
    {.bitmap_index = 8540, .adv_w = 154, .box_w = 7, .box_h = 22, .ofs_x = 3, .ofs_y = -5},
    {.bitmap_index = 8617, .adv_w = 154, .box_w = 7, .box_h = 22, .ofs_x = 3, .ofs_y = -5},
    {.bitmap_index = 8694, .adv_w = 154, .box_w = 7, .box_h = 22, .ofs_x = 3, .ofs_y = -5},
    {.bitmap_index = 8771, .adv_w = 154, .box_w = 7, .box_h = 23, .ofs_x = 3, .ofs_y = -6},
    {.bitmap_index = 8852, .adv_w = 154, .box_w = 7, .box_h = 22, .ofs_x = 3, .ofs_y = -5},
    {.bitmap_index = 8929, .adv_w = 154, .box_w = 7, .box_h = 22, .ofs_x = 3, .ofs_y = -5},
    {.bitmap_index = 9006, .adv_w = 154, .box_w = 7, .box_h = 22, .ofs_x = -1, .ofs_y = -5},
    {.bitmap_index = 9083, .adv_w = 154, .box_w = 7, .box_h = 22, .ofs_x = -1, .ofs_y = -5},
    {.bitmap_index = 9160, .adv_w = 154, .box_w = 8, .box_h = 22, .ofs_x = -1, .ofs_y = -5},
    {.bitmap_index = 9248, .adv_w = 154, .box_w = 8, .box_h = 22, .ofs_x = -1, .ofs_y = -5},
    {.bitmap_index = 9336, .adv_w = 154, .box_w = 8, .box_h = 22, .ofs_x = -1, .ofs_y = -5},
    {.bitmap_index = 9424, .adv_w = 154, .box_w = 8, .box_h = 23, .ofs_x = -1, .ofs_y = -6},
    {.bitmap_index = 9516, .adv_w = 154, .box_w = 8, .box_h = 23, .ofs_x = -1, .ofs_y = -6},
    {.bitmap_index = 9608, .adv_w = 154, .box_w = 8, .box_h = 22, .ofs_x = -1, .ofs_y = -5},
    {.bitmap_index = 9696, .adv_w = 154, .box_w = 11, .box_h = 12, .ofs_x = -1, .ofs_y = -5},
    {.bitmap_index = 9762, .adv_w = 154, .box_w = 11, .box_h = 14, .ofs_x = -1, .ofs_y = -6},
    {.bitmap_index = 9839, .adv_w = 154, .box_w = 11, .box_h = 14, .ofs_x = -1, .ofs_y = -6},
    {.bitmap_index = 9916, .adv_w = 154, .box_w = 11, .box_h = 14, .ofs_x = -1, .ofs_y = -6},
    {.bitmap_index = 9993, .adv_w = 154, .box_w = 11, .box_h = 12, .ofs_x = -1, .ofs_y = -5},
    {.bitmap_index = 10059, .adv_w = 154, .box_w = 12, .box_h = 14, .ofs_x = -1, .ofs_y = -6},
    {.bitmap_index = 10143, .adv_w = 154, .box_w = 11, .box_h = 14, .ofs_x = -1, .ofs_y = -6},
    {.bitmap_index = 10220, .adv_w = 154, .box_w = 11, .box_h = 14, .ofs_x = -1, .ofs_y = -6},
    {.bitmap_index = 10297, .adv_w = 154, .box_w = 11, .box_h = 12, .ofs_x = -1, .ofs_y = 5},
    {.bitmap_index = 10363, .adv_w = 154, .box_w = 11, .box_h = 13, .ofs_x = -1, .ofs_y = 4},
    {.bitmap_index = 10435, .adv_w = 154, .box_w = 11, .box_h = 13, .ofs_x = -1, .ofs_y = 4},
    {.bitmap_index = 10507, .adv_w = 154, .box_w = 11, .box_h = 13, .ofs_x = -1, .ofs_y = 4},
    {.bitmap_index = 10579, .adv_w = 154, .box_w = 11, .box_h = 12, .ofs_x = -1, .ofs_y = 5},
    {.bitmap_index = 10645, .adv_w = 154, .box_w = 11, .box_h = 13, .ofs_x = -1, .ofs_y = 4},
    {.bitmap_index = 10717, .adv_w = 154, .box_w = 11, .box_h = 13, .ofs_x = -1, .ofs_y = 4},
    {.bitmap_index = 10789, .adv_w = 154, .box_w = 11, .box_h = 13, .ofs_x = -1, .ofs_y = 4},
    {.bitmap_index = 10861, .adv_w = 154, .box_w = 11, .box_h = 22, .ofs_x = -1, .ofs_y = -5},
    {.bitmap_index = 10982, .adv_w = 154, .box_w = 11, .box_h = 22, .ofs_x = -1, .ofs_y = -5},
    {.bitmap_index = 11103, .adv_w = 154, .box_w = 11, .box_h = 22, .ofs_x = -1, .ofs_y = -5},
    {.bitmap_index = 11224, .adv_w = 154, .box_w = 11, .box_h = 22, .ofs_x = -1, .ofs_y = -5},
    {.bitmap_index = 11345, .adv_w = 154, .box_w = 11, .box_h = 22, .ofs_x = -1, .ofs_y = -5},
    {.bitmap_index = 11466, .adv_w = 154, .box_w = 11, .box_h = 22, .ofs_x = -1, .ofs_y = -5},
    {.bitmap_index = 11587, .adv_w = 154, .box_w = 11, .box_h = 22, .ofs_x = -1, .ofs_y = -5},
    {.bitmap_index = 11708, .adv_w = 154, .box_w = 11, .box_h = 23, .ofs_x = -1, .ofs_y = -6},
    {.bitmap_index = 11835, .adv_w = 154, .box_w = 11, .box_h = 23, .ofs_x = -1, .ofs_y = -6},
    {.bitmap_index = 11962, .adv_w = 154, .box_w = 12, .box_h = 23, .ofs_x = -1, .ofs_y = -6},
    {.bitmap_index = 12100, .adv_w = 154, .box_w = 11, .box_h = 22, .ofs_x = -1, .ofs_y = -5},
    {.bitmap_index = 12221, .adv_w = 154, .box_w = 11, .box_h = 23, .ofs_x = -1, .ofs_y = -6},
    {.bitmap_index = 12348, .adv_w = 154, .box_w = 11, .box_h = 23, .ofs_x = -1, .ofs_y = -6},
    {.bitmap_index = 12475, .adv_w = 154, .box_w = 11, .box_h = 22, .ofs_x = -1, .ofs_y = -5},
    {.bitmap_index = 12596, .adv_w = 154, .box_w = 11, .box_h = 22, .ofs_x = -1, .ofs_y = -5},
    {.bitmap_index = 12717, .adv_w = 154, .box_w = 11, .box_h = 22, .ofs_x = -1, .ofs_y = -5},
    {.bitmap_index = 12838, .adv_w = 154, .box_w = 8, .box_h = 2, .ofs_x = 1, .ofs_y = 5},
    {.bitmap_index = 12846, .adv_w = 154, .box_w = 8, .box_h = 4, .ofs_x = 1, .ofs_y = 4},
    {.bitmap_index = 12862, .adv_w = 154, .box_w = 2, .box_h = 18, .ofs_x = 4, .ofs_y = -3},
    {.bitmap_index = 12880, .adv_w = 154, .box_w = 4, .box_h = 17, .ofs_x = 3, .ofs_y = -3},
    {.bitmap_index = 12914, .adv_w = 154, .box_w = 11, .box_h = 6, .ofs_x = -1, .ofs_y = 3},
    {.bitmap_index = 12947, .adv_w = 154, .box_w = 6, .box_h = 22, .ofs_x = 2, .ofs_y = -5},
    {.bitmap_index = 13013, .adv_w = 154, .box_w = 6, .box_h = 14, .ofs_x = 4, .ofs_y = -5},
    {.bitmap_index = 13055, .adv_w = 154, .box_w = 8, .box_h = 12, .ofs_x = 2, .ofs_y = -5},
    {.bitmap_index = 13103, .adv_w = 154, .box_w = 8, .box_h = 14, .ofs_x = 2, .ofs_y = -5},
    {.bitmap_index = 13159, .adv_w = 154, .box_w = 7, .box_h = 14, .ofs_x = -1, .ofs_y = -5},
    {.bitmap_index = 13208, .adv_w = 154, .box_w = 9, .box_h = 12, .ofs_x = -1, .ofs_y = -5},
    {.bitmap_index = 13262, .adv_w = 154, .box_w = 9, .box_h = 14, .ofs_x = -1, .ofs_y = -5},
    {.bitmap_index = 13325, .adv_w = 154, .box_w = 6, .box_h = 14, .ofs_x = 4, .ofs_y = 3},
    {.bitmap_index = 13367, .adv_w = 154, .box_w = 8, .box_h = 12, .ofs_x = 2, .ofs_y = 5},
    {.bitmap_index = 13415, .adv_w = 154, .box_w = 8, .box_h = 14, .ofs_x = 2, .ofs_y = 3},
    {.bitmap_index = 13471, .adv_w = 154, .box_w = 7, .box_h = 14, .ofs_x = -1, .ofs_y = 3},
    {.bitmap_index = 13520, .adv_w = 154, .box_w = 9, .box_h = 12, .ofs_x = -1, .ofs_y = 5},
    {.bitmap_index = 13574, .adv_w = 154, .box_w = 9, .box_h = 14, .ofs_x = -1, .ofs_y = 3},
    {.bitmap_index = 13637, .adv_w = 154, .box_w = 6, .box_h = 22, .ofs_x = 4, .ofs_y = -5},
    {.bitmap_index = 13703, .adv_w = 154, .box_w = 8, .box_h = 22, .ofs_x = 2, .ofs_y = -5},
    {.bitmap_index = 13791, .adv_w = 154, .box_w = 8, .box_h = 22, .ofs_x = 2, .ofs_y = -5},
    {.bitmap_index = 13879, .adv_w = 154, .box_w = 7, .box_h = 22, .ofs_x = -1, .ofs_y = -5},
    {.bitmap_index = 13956, .adv_w = 154, .box_w = 9, .box_h = 22, .ofs_x = -1, .ofs_y = -5},
    {.bitmap_index = 14055, .adv_w = 154, .box_w = 9, .box_h = 22, .ofs_x = -1, .ofs_y = -5},
    {.bitmap_index = 14154, .adv_w = 154, .box_w = 11, .box_h = 14, .ofs_x = -1, .ofs_y = -5},
    {.bitmap_index = 14231, .adv_w = 154, .box_w = 11, .box_h = 12, .ofs_x = -1, .ofs_y = -5},
    {.bitmap_index = 14297, .adv_w = 154, .box_w = 11, .box_h = 14, .ofs_x = -1, .ofs_y = -5},
    {.bitmap_index = 14374, .adv_w = 154, .box_w = 11, .box_h = 14, .ofs_x = -1, .ofs_y = 3},
    {.bitmap_index = 14451, .adv_w = 154, .box_w = 11, .box_h = 12, .ofs_x = -1, .ofs_y = 5},
    {.bitmap_index = 14517, .adv_w = 154, .box_w = 11, .box_h = 14, .ofs_x = -1, .ofs_y = 3},
    {.bitmap_index = 14594, .adv_w = 154, .box_w = 11, .box_h = 22, .ofs_x = -1, .ofs_y = -5},
    {.bitmap_index = 14715, .adv_w = 154, .box_w = 11, .box_h = 22, .ofs_x = -1, .ofs_y = -5},
    {.bitmap_index = 14836, .adv_w = 154, .box_w = 11, .box_h = 22, .ofs_x = -1, .ofs_y = -5},
    {.bitmap_index = 14957, .adv_w = 154, .box_w = 6, .box_h = 12, .ofs_x = 4, .ofs_y = -5},
    {.bitmap_index = 14993, .adv_w = 154, .box_w = 7, .box_h = 12, .ofs_x = -1, .ofs_y = -5},
    {.bitmap_index = 15035, .adv_w = 154, .box_w = 7, .box_h = 12, .ofs_x = -1, .ofs_y = 5},
    {.bitmap_index = 15077, .adv_w = 154, .box_w = 6, .box_h = 12, .ofs_x = 4, .ofs_y = 5},
    {.bitmap_index = 15113, .adv_w = 154, .box_w = 11, .box_h = 18, .ofs_x = -1, .ofs_y = -3},
    {.bitmap_index = 15212, .adv_w = 154, .box_w = 11, .box_h = 18, .ofs_x = -1, .ofs_y = -3},
    {.bitmap_index = 15311, .adv_w = 154, .box_w = 11, .box_h = 18, .ofs_x = -1, .ofs_y = -3},
    {.bitmap_index = 15410, .adv_w = 154, .box_w = 7, .box_h = 2, .ofs_x = -1, .ofs_y = 5},
    {.bitmap_index = 15417, .adv_w = 154, .box_w = 2, .box_h = 12, .ofs_x = 4, .ofs_y = 5},
    {.bitmap_index = 15429, .adv_w = 154, .box_w = 6, .box_h = 2, .ofs_x = 4, .ofs_y = 5},
    {.bitmap_index = 15435, .adv_w = 154, .box_w = 2, .box_h = 12, .ofs_x = 4, .ofs_y = -5},
    {.bitmap_index = 15447, .adv_w = 154, .box_w = 7, .box_h = 4, .ofs_x = -1, .ofs_y = 4},
    {.bitmap_index = 15461, .adv_w = 154, .box_w = 4, .box_h = 12, .ofs_x = 3, .ofs_y = 5},
    {.bitmap_index = 15485, .adv_w = 154, .box_w = 6, .box_h = 4, .ofs_x = 4, .ofs_y = 4},
    {.bitmap_index = 15497, .adv_w = 154, .box_w = 4, .box_h = 12, .ofs_x = 3, .ofs_y = -5},
    {.bitmap_index = 15521, .adv_w = 154, .box_w = 11, .box_h = 4, .ofs_x = -1, .ofs_y = 4},
    {.bitmap_index = 15543, .adv_w = 154, .box_w = 4, .box_h = 22, .ofs_x = 3, .ofs_y = -5},
    {.bitmap_index = 15587, .adv_w = 154, .box_w = 12, .box_h = 4, .ofs_x = -1, .ofs_y = 4},
    {.bitmap_index = 15611, .adv_w = 154, .box_w = 4, .box_h = 22, .ofs_x = 3, .ofs_y = -5}
};

/*---------------------
 *  CHARACTER MAPPING
 *--------------------*/

static const uint16_t unicode_list_1[] = {
    0x0, 0x5, 0x10, 0x356
};

static const uint16_t unicode_list_3[] = {
    0x0, 0x1bc3, 0x1bd5, 0x1cc5
};

/*Collect the unicode lists and glyph_id offsets*/
static const lv_font_fmt_txt_cmap_t cmaps[] =
{
    {
        .range_start = 32, .range_length = 95, .glyph_id_start = 1,
        .unicode_list = NULL, .glyph_id_ofs_list = NULL, .list_length = 0, .type = LV_FONT_FMT_TXT_CMAP_FORMAT0_TINY
    },
    {
        .range_start = 171, .range_length = 855, .glyph_id_start = 96,
        .unicode_list = unicode_list_1, .glyph_id_ofs_list = NULL, .list_length = 4, .type = LV_FONT_FMT_TXT_CMAP_SPARSE_TINY
    },
    {
        .range_start = 1040, .range_length = 64, .glyph_id_start = 100,
        .unicode_list = NULL, .glyph_id_ofs_list = NULL, .list_length = 0, .type = LV_FONT_FMT_TXT_CMAP_FORMAT0_TINY
    },
    {
        .range_start = 1105, .range_length = 7366, .glyph_id_start = 164,
        .unicode_list = unicode_list_3, .glyph_id_ofs_list = NULL, .list_length = 4, .type = LV_FONT_FMT_TXT_CMAP_SPARSE_TINY
    },
    {
        .range_start = 9472, .range_length = 128, .glyph_id_start = 168,
        .unicode_list = NULL, .glyph_id_ofs_list = NULL, .list_length = 0, .type = LV_FONT_FMT_TXT_CMAP_FORMAT0_TINY
    }
};



/*--------------------
 *  ALL CUSTOM DATA
 *--------------------*/

#if LVGL_VERSION_MAJOR == 8
/*Store all the custom data of the font*/
static  lv_font_fmt_txt_glyph_cache_t cache;
#endif

#if LVGL_VERSION_MAJOR >= 8
static const lv_font_fmt_txt_dsc_t font_dsc = {
#else
static lv_font_fmt_txt_dsc_t font_dsc = {
#endif
    .glyph_bitmap = glyph_bitmap,
    .glyph_dsc = glyph_dsc,
    .cmaps = cmaps,
    .kern_dsc = NULL,
    .kern_scale = 0,
    .cmap_num = 5,
    .bpp = 4,
    .kern_classes = 0,
    .bitmap_format = 0,
#if LVGL_VERSION_MAJOR == 8
    .cache = &cache
#endif

};



/*-----------------
 *  PUBLIC FONT
 *----------------*/

/*Initialize a public general font descriptor*/
#if LVGL_VERSION_MAJOR >= 8
const lv_font_t term_font_20 = {
#else
lv_font_t term_font_20 = {
#endif
    .get_glyph_dsc = lv_font_get_glyph_dsc_fmt_txt,    /*Function pointer to get glyph's data*/
    .get_glyph_bitmap = lv_font_get_bitmap_fmt_txt,    /*Function pointer to get glyph's bitmap*/
    .line_height = 23,          /*The maximum line height required by the font*/
    .base_line = 6,             /*Baseline measured from the bottom of the line*/
#if !(LVGL_VERSION_MAJOR == 6 && LVGL_VERSION_MINOR == 0)
    .subpx = LV_FONT_SUBPX_NONE,
#endif
#if LV_VERSION_CHECK(7, 4, 0) || LVGL_VERSION_MAJOR >= 8
    .underline_position = -2,
    .underline_thickness = 1,
#endif
    .static_bitmap = 0,
    .dsc = &font_dsc,          /*The custom font data. Will be accessed by `get_glyph_bitmap/dsc` */
#if LV_VERSION_CHECK(8, 2, 0) || LVGL_VERSION_MAJOR >= 9
    .fallback = NULL,
#endif
    .user_data = NULL,
};



#endif /*#if TERM_FONT_20*/
