/*******************************************************************************
 * Size: 22 px
 * Bpp: 2
 * Opts: --bpp 2 --size 22 --no-compress --stride 1 --align 1 --font JetBrainsMono.ttf --range 32-127,1025,1040-1103,1105,8470,8212,171,187,8230,176,9472-9599 --format lvgl -o term_font_30.c
 ******************************************************************************/

#ifdef __has_include
    #if __has_include("lvgl.h")
        #ifndef LV_LVGL_H_INCLUDE_SIMPLE
            #define LV_LVGL_H_INCLUDE_SIMPLE
        #endif
    #endif
#endif

#ifdef LV_LVGL_H_INCLUDE_SIMPLE
    #include "lvgl.h"
#else
    #include "lvgl/lvgl.h"
#endif



#ifndef TERM_FONT_30
#define TERM_FONT_30 1
#endif

#if TERM_FONT_30

/*-----------------
 *    BITMAPS
 *----------------*/

/*Store the image of the glyphs*/
static LV_ATTRIBUTE_LARGE_CONST const uint8_t glyph_bitmap[] = {
    /* U+0020 " " */

    /* U+0021 "!" */
    0x2f, 0xb, 0xc2, 0xf0, 0xb8, 0x1e, 0x7, 0x81,
    0xe0, 0x74, 0xd, 0x3, 0x40, 0xd0, 0x0, 0x0,
    0x6, 0x43, 0xf0, 0xbc,

    /* U+0022 "\"" */
    0xb4, 0x3e, 0xd0, 0xfb, 0x43, 0xed, 0xf, 0xb4,
    0x3d, 0xc0, 0xe1, 0x1, 0x40,

    /* U+0023 "#" */
    0x0, 0x70, 0x1d, 0x0, 0x2c, 0x7, 0x0, 0xb,
    0x2, 0xc0, 0x3, 0x80, 0xe0, 0x1f, 0xff, 0xff,
    0x41, 0xb9, 0x6e, 0x40, 0x1c, 0x7, 0x0, 0xb,
    0x2, 0xc0, 0x3, 0x80, 0xe0, 0x0, 0xe0, 0x38,
    0x3, 0xff, 0xff, 0xe0, 0x6d, 0x5b, 0x50, 0xb,
    0x2, 0xc0, 0x2, 0xc0, 0xb0, 0x0, 0xe0, 0x38,
    0x0, 0x34, 0xe, 0x0,

    /* U+0024 "$" */
    0x0, 0x10, 0x0, 0x0, 0xd0, 0x0, 0x3, 0x40,
    0x0, 0x2e, 0x40, 0xb, 0xff, 0xc0, 0x7c, 0xdb,
    0xc3, 0xc3, 0x4f, 0x4f, 0xd, 0x18, 0x3d, 0x34,
    0x0, 0x7d, 0xd0, 0x0, 0xbf, 0x80, 0x0, 0x7f,
    0xf0, 0x0, 0x3b, 0xf0, 0x0, 0xd3, 0xd0, 0x3,
    0x47, 0x9e, 0xd, 0x1e, 0x3c, 0x34, 0xf4, 0xbe,
    0xef, 0xc0, 0x7f, 0xf8, 0x0, 0xd, 0x0, 0x0,
    0x34, 0x0, 0x0, 0xd0, 0x0,

    /* U+0025 "%" */
    0x1f, 0xd0, 0x3, 0x9e, 0x7c, 0x3, 0xcb, 0x3,
    0x41, 0xc2, 0xc0, 0xd0, 0xd0, 0xb0, 0x34, 0xf0,
    0x1d, 0x2c, 0xb0, 0x2, 0xfe, 0x34, 0x0, 0x4,
    0x38, 0x0, 0x0, 0x2c, 0x0, 0x0, 0xd, 0x7f,
    0x80, 0xe, 0x3d, 0xb8, 0xb, 0xd, 0xf, 0x7,
    0x47, 0x43, 0xc3, 0x80, 0xd0, 0xf2, 0xc0, 0x3d,
    0xb5, 0xd0, 0x2, 0xf8,

    /* U+0026 "&" */
    0x7, 0xfd, 0x0, 0x1f, 0xff, 0x80, 0x3d, 0x3,
    0xc0, 0x3c, 0x2, 0x80, 0x2d, 0x0, 0x0, 0x1f,
    0x0, 0x0, 0xb, 0x80, 0x0, 0x2f, 0xd0, 0x0,
    0xb9, 0xf0, 0x3c, 0xf0, 0x7c, 0xb8, 0xf0, 0x2e,
    0xf0, 0xf0, 0xf, 0xd0, 0xf0, 0x7, 0xc0, 0xb8,
    0xf, 0xe0, 0x3f, 0xfd, 0xb4, 0xb, 0xe0, 0x3c,

    /* U+0027 "'" */
    0xba, 0xeb, 0xae, 0x75, 0xd1, 0x0,

    /* U+0028 "(" */
    0x0, 0x0, 0x0, 0xa0, 0x2f, 0x82, 0xf4, 0x1f,
    0x0, 0xf0, 0x7, 0x80, 0x2d, 0x0, 0xf0, 0x3,
    0xc0, 0xf, 0x0, 0x3c, 0x0, 0xf0, 0x3, 0xc0,
    0xf, 0x0, 0x2d, 0x0, 0x7c, 0x0, 0xf4, 0x1,
    0xf4, 0x1, 0xfd, 0x0, 0xf8, 0x0, 0x10,

    /* U+0029 ")" */
    0x0, 0x0, 0x64, 0x0, 0x7e, 0x0, 0xb, 0xc0,
    0x2, 0xe0, 0x0, 0xf4, 0x0, 0x78, 0x0, 0x3c,
    0x0, 0x3c, 0x0, 0x3c, 0x0, 0x3c, 0x0, 0x3c,
    0x0, 0x3c, 0x0, 0x3c, 0x0, 0x3c, 0x0, 0x3c,
    0x0, 0xb8, 0x0, 0xf0, 0x3, 0xd0, 0x2f, 0x80,
    0x7d, 0x0, 0x10, 0x0,

    /* U+002A "*" */
    0x0, 0x1e, 0x0, 0x0, 0x7, 0x80, 0x0, 0x1,
    0xe0, 0x0, 0xa0, 0x34, 0x2c, 0x3f, 0xcd, 0xbf,
    0x41, 0xbf, 0xf9, 0x0, 0x2, 0xe0, 0x0, 0x2,
    0xcf, 0x0, 0x2, 0xe2, 0xe0, 0x1, 0xf0, 0x3d,
    0x0, 0x24, 0x3, 0x0, 0x0, 0x0, 0x0,

    /* U+002B "+" */
    0x0, 0x78, 0x0, 0x1, 0xe0, 0x0, 0x7, 0x80,
    0x0, 0x1e, 0x0, 0x6a, 0xfe, 0xaa, 0xff, 0xff,
    0xf0, 0x7, 0x80, 0x0, 0x1e, 0x0, 0x0, 0x78,
    0x0, 0x1, 0xe0, 0x0, 0x0, 0x0, 0x0,

    /* U+002C "," */
    0x6, 0x80, 0xfc, 0xf, 0x41, 0xf0, 0x2d, 0x3,
    0xc0, 0x38, 0x0,

    /* U+002D "-" */
    0xaa, 0xa8, 0xff, 0xfc,

    /* U+002E "." */
    0x9, 0xf, 0xc3, 0xf4, 0xbc,

    /* U+002F "/" */
    0x0, 0x0, 0xb4, 0x0, 0x3, 0xc0, 0x0, 0x2e,
    0x0, 0x0, 0xf0, 0x0, 0x7, 0xc0, 0x0, 0x2d,
    0x0, 0x0, 0xf0, 0x0, 0x7, 0x80, 0x0, 0x3c,
    0x0, 0x1, 0xf0, 0x0, 0xb, 0x40, 0x0, 0x3c,
    0x0, 0x1, 0xe0, 0x0, 0xf, 0x40, 0x0, 0x3c,
    0x0, 0x2, 0xd0, 0x0, 0xf, 0x0, 0x0, 0x78,
    0x0, 0x3, 0xd0, 0x0, 0xf, 0x0, 0x0,

    /* U+0030 "0" */
    0x2, 0xfe, 0x0, 0x3f, 0xbf, 0x43, 0xe0, 0x1f,
    0xf, 0x0, 0x2d, 0x38, 0x0, 0xb4, 0xe0, 0x1,
    0xd3, 0x82, 0x47, 0x4e, 0x2f, 0x1d, 0x38, 0x78,
    0x74, 0xe0, 0x1, 0xd3, 0x80, 0x7, 0x4e, 0x0,
    0x2d, 0x3c, 0x0, 0xb4, 0xf8, 0x7, 0xc0, 0xfe,
    0xfd, 0x0, 0xbf, 0x80,

    /* U+0031 "1" */
    0x0, 0xfd, 0x0, 0x1f, 0xf4, 0x2, 0xf6, 0xd0,
    0xf, 0xb, 0x40, 0x20, 0x2d, 0x0, 0x0, 0xb4,
    0x0, 0x2, 0xd0, 0x0, 0xb, 0x40, 0x0, 0x2d,
    0x0, 0x0, 0xb4, 0x0, 0x2, 0xd0, 0x0, 0xb,
    0x40, 0x0, 0x2d, 0x0, 0x0, 0xb4, 0x3, 0xff,
    0xff, 0x8f, 0xff, 0xff,

    /* U+0032 "2" */
    0x2, 0xfe, 0x0, 0x3f, 0xbf, 0x43, 0xd0, 0x1f,
    0xf, 0x0, 0x3c, 0x24, 0x0, 0xb4, 0x0, 0x3,
    0xc0, 0x0, 0x1f, 0x0, 0x0, 0xf4, 0x0, 0xb,
    0x80, 0x0, 0xbc, 0x0, 0xb, 0xc0, 0x0, 0xbc,
    0x0, 0xb, 0xc0, 0x0, 0x7c, 0x0, 0x3, 0xff,
    0xff, 0x4f, 0xff, 0xfe,

    /* U+0033 "3" */
    0x3f, 0xff, 0xe0, 0xbf, 0xff, 0x80, 0x0, 0x3c,
    0x0, 0x3, 0xc0, 0x0, 0x3c, 0x0, 0x3, 0xc0,
    0x0, 0x1f, 0xe0, 0x0, 0x2b, 0xf0, 0x0, 0x2,
    0xf0, 0x0, 0x3, 0xc0, 0x0, 0xf, 0x5, 0x0,
    0x3c, 0x78, 0x0, 0xf0, 0xf4, 0xb, 0xc1, 0xff,
    0xfc, 0x0, 0xbf, 0x80,

    /* U+0034 "4" */
    0x0, 0x3, 0xc0, 0x0, 0xf4, 0x0, 0x2e, 0x0,
    0x3, 0xc0, 0x0, 0xf4, 0x0, 0x1e, 0x0, 0x3,
    0xc0, 0x0, 0xf4, 0xf, 0x1f, 0x0, 0xf3, 0xc0,
    0xf, 0x38, 0x0, 0xf3, 0xff, 0xff, 0x3f, 0xff,
    0xf0, 0x0, 0xf, 0x0, 0x0, 0xf0, 0x0, 0xf,

    /* U+0035 "5" */
    0x2f, 0xff, 0xf0, 0xbf, 0xff, 0x82, 0xc0, 0x0,
    0xb, 0x0, 0x0, 0x2c, 0x0, 0x0, 0xf1, 0xa8,
    0x3, 0xef, 0xfc, 0xf, 0xd0, 0xbc, 0x28, 0x0,
    0xf0, 0x0, 0x2, 0xd0, 0x0, 0xb, 0x40, 0x0,
    0x2d, 0x28, 0x0, 0xf0, 0xf4, 0x7, 0xc0, 0xff,
    0xfd, 0x0, 0xbf, 0x80,

    /* U+0036 "6" */
    0x0, 0x1f, 0x0, 0x0, 0xf0, 0x0, 0xb, 0x80,
    0x0, 0x7c, 0x0, 0x3, 0xc0, 0x0, 0x2e, 0x0,
    0x0, 0xfb, 0xf4, 0xb, 0xfa, 0xf8, 0x3d, 0x1,
    0xf1, 0xf0, 0x2, 0xe7, 0x80, 0x7, 0x9e, 0x0,
    0x1e, 0x7c, 0x0, 0xb4, 0xf8, 0x7, 0xc0, 0xff,
    0xfd, 0x0, 0xbf, 0x80,

    /* U+0037 "7" */
    0x3f, 0xff, 0xfc, 0xff, 0xff, 0xf3, 0x80, 0x7,
    0x8e, 0x0, 0x3c, 0x0, 0x1, 0xe0, 0x0, 0xb,
    0x40, 0x0, 0x3c, 0x0, 0x2, 0xe0, 0x0, 0xf,
    0x0, 0x0, 0x7c, 0x0, 0x2, 0xd0, 0x0, 0xf,
    0x0, 0x0, 0xb8, 0x0, 0x3, 0xc0, 0x0, 0x1f,
    0x0, 0x0, 0xb4, 0x0,

    /* U+0038 "8" */
    0x2, 0xfe, 0x0, 0x3f, 0xff, 0x42, 0xe0, 0x1f,
    0xf, 0x0, 0x3c, 0x3c, 0x0, 0xf0, 0x78, 0x7,
    0x80, 0xb8, 0xbc, 0x0, 0xbf, 0x80, 0x7, 0xff,
    0x80, 0x7c, 0xb, 0x83, 0xc0, 0xf, 0xe, 0x0,
    0x2d, 0x3c, 0x0, 0xb4, 0xf4, 0x7, 0xc1, 0xff,
    0xfd, 0x0, 0xbf, 0x90,

    /* U+0039 "9" */
    0x2, 0xfe, 0x0, 0x3f, 0xff, 0x43, 0xe0, 0x1f,
    0x1f, 0x0, 0x2d, 0x78, 0x0, 0x79, 0xe0, 0x1,
    0xe7, 0xc0, 0xb, 0x8f, 0x40, 0x7d, 0x1f, 0xeb,
    0xf0, 0x1f, 0xef, 0x40, 0x0, 0x7c, 0x0, 0x3,
    0xc0, 0x0, 0x2e, 0x0, 0x1, 0xf0, 0x0, 0xf,
    0x40, 0x0, 0xb8, 0x0,

    /* U+003A ":" */
    0x2f, 0xf, 0xd3, 0xf0, 0x0, 0x0, 0x0, 0x0,
    0x0, 0x0, 0x0, 0xf, 0xc3, 0xf4, 0xbc,

    /* U+003B ";" */
    0xb, 0xc0, 0xfd, 0xf, 0xc0, 0x0, 0x0, 0x0,
    0x0, 0x0, 0x0, 0x0, 0x0, 0x0, 0xbc, 0xf,
    0xc0, 0xf4, 0x1f, 0x2, 0xe0, 0x3c, 0x3, 0x80,

    /* U+003C "<" */
    0x0, 0x0, 0x10, 0x0, 0x7, 0xd0, 0x1, 0xfe,
    0x0, 0x7f, 0x40, 0x1f, 0xd0, 0x0, 0xf4, 0x0,
    0x3, 0xe0, 0x0, 0x7, 0xf8, 0x0, 0x1, 0xfe,
    0x0, 0x0, 0x6f, 0x80, 0x0, 0xb, 0x40, 0x0,
    0x0,

    /* U+003D "=" */
    0x3f, 0xff, 0xf4, 0xaa, 0xaa, 0x80, 0x0, 0x0,
    0x0, 0x0, 0x0, 0x0, 0x0, 0x0, 0xaa, 0xaa,
    0x83, 0xff, 0xff, 0x40,

    /* U+003E ">" */
    0x10, 0x0, 0x0, 0xf4, 0x0, 0x1, 0xfd, 0x0,
    0x0, 0x7f, 0x80, 0x0, 0x1f, 0xe0, 0x0, 0x7,
    0xd0, 0x0, 0x1f, 0x40, 0x7, 0xf4, 0x2, 0xfd,
    0x0, 0xbf, 0x40, 0x3, 0xd0, 0x0, 0x4, 0x0,
    0x0,

    /* U+003F "?" */
    0x3f, 0xe4, 0xf, 0xff, 0x80, 0x1, 0xf4, 0x0,
    0x1e, 0x0, 0x7, 0x80, 0x1, 0xe0, 0x0, 0xf4,
    0xa, 0xfc, 0x7, 0xf8, 0x1, 0xe0, 0x0, 0x78,
    0x0, 0x5, 0x0, 0x0, 0x0, 0x1, 0x90, 0x0,
    0xfc, 0x0, 0x2f, 0x0,

    /* U+0040 "@" */
    0x0, 0xbf, 0xd0, 0x0, 0xfa, 0xbf, 0x0, 0xf0,
    0x1, 0xe0, 0x74, 0x0, 0x3c, 0x3c, 0x0, 0xb,
    0xf, 0x0, 0x1, 0xd3, 0xc0, 0xbf, 0x74, 0xf0,
    0x78, 0x3d, 0x3c, 0x2c, 0xb, 0x4f, 0xb, 0x1,
    0xd3, 0xc2, 0xc0, 0x74, 0xf0, 0xb0, 0x1d, 0x3c,
    0x2c, 0xb, 0x4f, 0x7, 0x83, 0xd3, 0xc0, 0xbf,
    0x74, 0xf0, 0x0, 0x0, 0x1d, 0x0, 0x0, 0x3,
    0xd0, 0x0, 0x0, 0x3f, 0xa4, 0x0, 0x1, 0xfe,
    0x0,

    /* U+0041 "A" */
    0x0, 0xfc, 0x0, 0x0, 0xfd, 0x0, 0x1, 0xee,
    0x0, 0x2, 0xdf, 0x0, 0x3, 0xcf, 0x0, 0x3,
    0xcb, 0x40, 0x7, 0x87, 0x80, 0xb, 0x43, 0xc0,
    0xf, 0x3, 0xc0, 0xf, 0x2, 0xd0, 0x1f, 0xab,
    0xe0, 0x2f, 0xff, 0xf0, 0x3c, 0x0, 0xf0, 0x7c,
    0x0, 0xb4, 0xb8, 0x0, 0x78, 0xf4, 0x0, 0x3c,

    /* U+0042 "B" */
    0xff, 0xf9, 0xf, 0xab, 0xf4, 0xf0, 0x7, 0xcf,
    0x0, 0x3c, 0xf0, 0x2, 0xcf, 0x0, 0x3c, 0xf0,
    0xb, 0x4f, 0xff, 0xd0, 0xfa, 0xbf, 0x4f, 0x0,
    0x3c, 0xf0, 0x2, 0xef, 0x0, 0x1e, 0xf0, 0x1,
    0xef, 0x0, 0x3c, 0xfa, 0xbf, 0x8f, 0xff, 0xd0,

    /* U+0043 "C" */
    0x2, 0xfe, 0x0, 0x3f, 0xff, 0x42, 0xe0, 0x1f,
    0xf, 0x0, 0x3d, 0x3c, 0x0, 0x50, 0xf0, 0x0,
    0x3, 0xc0, 0x0, 0xf, 0x0, 0x0, 0x3c, 0x0,
    0x0, 0xf0, 0x0, 0x3, 0xc0, 0x0, 0xf, 0x0,
    0x14, 0x3c, 0x0, 0xf4, 0xb8, 0x7, 0xc0, 0xff,
    0xfd, 0x0, 0xbf, 0x80,

    /* U+0044 "D" */
    0xff, 0xf8, 0xf, 0xaf, 0xf0, 0xf0, 0xb, 0x8f,
    0x0, 0x3c, 0xf0, 0x3, 0xcf, 0x0, 0x2d, 0xf0,
    0x2, 0xdf, 0x0, 0x2d, 0xf0, 0x2, 0xdf, 0x0,
    0x2d, 0xf0, 0x2, 0xdf, 0x0, 0x3c, 0xf0, 0x3,
    0xcf, 0x0, 0xb8, 0xfa, 0xff, 0xf, 0xff, 0x80,

    /* U+0045 "E" */
    0xff, 0xff, 0xdf, 0xff, 0xfd, 0xf0, 0x0, 0xf,
    0x0, 0x0, 0xf0, 0x0, 0xf, 0x0, 0x0, 0xf0,
    0x0, 0xf, 0xff, 0xf8, 0xfe, 0xaa, 0x4f, 0x0,
    0x0, 0xf0, 0x0, 0xf, 0x0, 0x0, 0xf0, 0x0,
    0xf, 0x0, 0x0, 0xff, 0xff, 0xdf, 0xff, 0xfd,

    /* U+0046 "F" */
    0xff, 0xff, 0xef, 0xff, 0xfd, 0xf0, 0x0, 0xf,
    0x0, 0x0, 0xf0, 0x0, 0xf, 0x0, 0x0, 0xf0,
    0x0, 0xf, 0xff, 0xf8, 0xff, 0xff, 0xcf, 0x0,
    0x0, 0xf0, 0x0, 0xf, 0x0, 0x0, 0xf0, 0x0,
    0xf, 0x0, 0x0, 0xf0, 0x0, 0xf, 0x0, 0x0,

    /* U+0047 "G" */
    0x2, 0xfe, 0x0, 0x3f, 0xff, 0x42, 0xe0, 0x1f,
    0xf, 0x0, 0x3d, 0x3c, 0x0, 0x60, 0xf0, 0x0,
    0x3, 0xc0, 0x0, 0xf, 0x0, 0x0, 0x3c, 0x3f,
    0xf4, 0xf0, 0xbf, 0xd3, 0xc0, 0xb, 0x4f, 0x0,
    0x2d, 0x3c, 0x0, 0xb4, 0xb8, 0x7, 0xc0, 0xff,
    0xfd, 0x0, 0xbf, 0x90,

    /* U+0048 "H" */
    0xf0, 0x3, 0xcf, 0x0, 0x3c, 0xf0, 0x3, 0xcf,
    0x0, 0x3c, 0xf0, 0x3, 0xcf, 0x0, 0x3c, 0xf0,
    0x3, 0xcf, 0xff, 0xfc, 0xff, 0xff, 0xcf, 0x0,
    0x3c, 0xf0, 0x3, 0xcf, 0x0, 0x3c, 0xf0, 0x3,
    0xcf, 0x0, 0x3c, 0xf0, 0x3, 0xcf, 0x0, 0x3c,

    /* U+0049 "I" */
    0xbf, 0xff, 0xef, 0xff, 0xe0, 0x1e, 0x0, 0x7,
    0x80, 0x1, 0xe0, 0x0, 0x78, 0x0, 0x1e, 0x0,
    0x7, 0x80, 0x1, 0xe0, 0x0, 0x78, 0x0, 0x1e,
    0x0, 0x7, 0x80, 0x1, 0xe0, 0x0, 0x78, 0xb,
    0xff, 0xfa, 0xff, 0xff,

    /* U+004A "J" */
    0x0, 0x3f, 0xfc, 0x0, 0xbf, 0xf0, 0x0, 0x3,
    0xc0, 0x0, 0xf, 0x0, 0x0, 0x3c, 0x0, 0x0,
    0xf0, 0x0, 0x3, 0xc0, 0x0, 0xf, 0x0, 0x0,
    0x3c, 0x0, 0x0, 0xf0, 0x0, 0x3, 0xca, 0x0,
    0xf, 0x3c, 0x0, 0x78, 0xbc, 0x3, 0xd0, 0xff,
    0xfe, 0x0, 0xbf, 0xd0,

    /* U+004B "K" */
    0xf0, 0x1, 0xf3, 0xc0, 0xf, 0x4f, 0x0, 0x7c,
    0x3c, 0x3, 0xd0, 0xf0, 0x1f, 0x3, 0xc0, 0xf4,
    0xf, 0x7, 0xc0, 0x3f, 0xfd, 0x0, 0xfa, 0xf4,
    0x3, 0xc1, 0xf0, 0xf, 0x3, 0xd0, 0x3c, 0x7,
    0xc0, 0xf0, 0xb, 0x83, 0xc0, 0xf, 0xf, 0x0,
    0x2e, 0x3c, 0x0, 0x3c,

    /* U+004C "L" */
    0x78, 0x0, 0x7, 0x80, 0x0, 0x78, 0x0, 0x7,
    0x80, 0x0, 0x78, 0x0, 0x7, 0x80, 0x0, 0x78,
    0x0, 0x7, 0x80, 0x0, 0x78, 0x0, 0x7, 0x80,
    0x0, 0x78, 0x0, 0x7, 0x80, 0x0, 0x78, 0x0,
    0x7, 0x80, 0x0, 0x7f, 0xff, 0xe7, 0xff, 0xff,

    /* U+004D "M" */
    0x7d, 0x0, 0xf9, 0xf8, 0xb, 0xe7, 0xb0, 0x3f,
    0x9d, 0xd0, 0xde, 0x77, 0x87, 0x39, 0xdb, 0x3c,
    0xe7, 0x4d, 0xd3, 0x9e, 0x3f, 0x1e, 0x78, 0xbc,
    0x79, 0xe0, 0x1, 0xe7, 0x80, 0x7, 0x9e, 0x0,
    0x1e, 0x78, 0x0, 0x79, 0xe0, 0x1, 0xe7, 0x80,
    0x7, 0x9e, 0x0, 0x1e,

    /* U+004E "N" */
    0x3f, 0x0, 0xb0, 0xfc, 0x2, 0xc3, 0xf8, 0xb,
    0xf, 0xf0, 0x2c, 0x3e, 0xc0, 0xb0, 0xf3, 0x82,
    0xc3, 0xcf, 0xb, 0xf, 0x1d, 0x2c, 0x3c, 0x38,
    0xb0, 0xf0, 0xb2, 0xc3, 0xc1, 0xdb, 0xf, 0x3,
    0xac, 0x3c, 0xb, 0xb0, 0xf0, 0x1f, 0xc3, 0xc0,
    0x3f, 0xf, 0x0, 0xbc,

    /* U+004F "O" */
    0x2, 0xfe, 0x0, 0x3f, 0xff, 0x42, 0xe0, 0x1f,
    0xf, 0x0, 0x3c, 0x3c, 0x0, 0xb4, 0xf0, 0x2,
    0xd3, 0xc0, 0xb, 0x4f, 0x0, 0x2d, 0x3c, 0x0,
    0xb4, 0xf0, 0x2, 0xd3, 0xc0, 0xb, 0x4f, 0x0,
    0x2d, 0x3c, 0x0, 0xf0, 0xb8, 0x7, 0xc0, 0xff,
    0xfd, 0x0, 0xbf, 0x80,

    /* U+0050 "P" */
    0xff, 0xfd, 0x3, 0xea, 0xff, 0xf, 0x0, 0x3e,
    0x3c, 0x0, 0x3c, 0xf0, 0x0, 0xf3, 0xc0, 0x3,
    0xcf, 0x0, 0x1f, 0x3c, 0x1, 0xf4, 0xff, 0xff,
    0x83, 0xea, 0xa0, 0xf, 0x0, 0x0, 0x3c, 0x0,
    0x0, 0xf0, 0x0, 0x3, 0xc0, 0x0, 0xf, 0x0,
    0x0, 0x3c, 0x0, 0x0,

    /* U+0051 "Q" */
    0x2, 0xfe, 0x0, 0x3f, 0xbf, 0x43, 0xe0, 0x1f,
    0xf, 0x0, 0x3d, 0x3c, 0x0, 0xb4, 0xe0, 0x2,
    0xd3, 0x80, 0xb, 0x4e, 0x0, 0x2d, 0x38, 0x0,
    0xb4, 0xe0, 0x2, 0xd3, 0x80, 0xb, 0x4f, 0x0,
    0x2d, 0x3c, 0x0, 0xf4, 0xf8, 0x7, 0xc0, 0xff,
    0xfd, 0x0, 0xbf, 0xd0, 0x0, 0xb, 0x80, 0x0,
    0xf, 0x0, 0x0, 0x2e, 0x0, 0x0, 0x3d,

    /* U+0052 "R" */
    0xff, 0xfd, 0xf, 0xab, 0xf8, 0xf0, 0x3, 0xdf,
    0x0, 0x1e, 0xf0, 0x1, 0xef, 0x0, 0x1e, 0xf0,
    0x3, 0xdf, 0xff, 0xf8, 0xff, 0xfd, 0xf, 0x3,
    0xc0, 0xf0, 0x3d, 0xf, 0x1, 0xf0, 0xf0, 0xf,
    0x4f, 0x0, 0x7c, 0xf0, 0x3, 0xdf, 0x0, 0x2f,

    /* U+0053 "S" */
    0x2, 0xfe, 0x40, 0x3f, 0xff, 0x42, 0xe0, 0x1f,
    0xf, 0x0, 0x2d, 0x3c, 0x0, 0x0, 0xb4, 0x0,
    0x1, 0xf8, 0x0, 0x1, 0xff, 0x80, 0x0, 0x7f,
    0xd0, 0x0, 0xb, 0xc0, 0x0, 0xb, 0x44, 0x0,
    0x1e, 0x78, 0x0, 0xb8, 0xf4, 0x3, 0xc1, 0xff,
    0xfe, 0x0, 0xbf, 0x90,

    /* U+0054 "T" */
    0xff, 0xff, 0xfe, 0xff, 0xff, 0xe0, 0x7, 0x80,
    0x0, 0x1e, 0x0, 0x0, 0x78, 0x0, 0x1, 0xe0,
    0x0, 0x7, 0x80, 0x0, 0x1e, 0x0, 0x0, 0x78,
    0x0, 0x1, 0xe0, 0x0, 0x7, 0x80, 0x0, 0x1e,
    0x0, 0x0, 0x78, 0x0, 0x1, 0xe0, 0x0, 0x7,
    0x80, 0x0, 0x1e, 0x0,

    /* U+0055 "U" */
    0x3c, 0x0, 0xf0, 0xf0, 0x3, 0xc3, 0xc0, 0xf,
    0xf, 0x0, 0x3c, 0x3c, 0x0, 0xf0, 0xf0, 0x3,
    0xc3, 0xc0, 0xf, 0xf, 0x0, 0x3c, 0x3c, 0x0,
    0xf0, 0xf0, 0x3, 0xc3, 0xc0, 0xf, 0xf, 0x0,
    0x3c, 0x3c, 0x0, 0xf0, 0xb8, 0xb, 0xc0, 0xff,
    0xfd, 0x0, 0xbf, 0x80,

    /* U+0056 "V" */
    0xf4, 0x0, 0x3c, 0xb8, 0x0, 0x78, 0x7c, 0x0,
    0xb4, 0x3c, 0x0, 0xf0, 0x2d, 0x0, 0xf0, 0x1e,
    0x1, 0xe0, 0xf, 0x2, 0xd0, 0xf, 0x3, 0xc0,
    0xb, 0x43, 0xc0, 0x7, 0x87, 0x80, 0x3, 0xcb,
    0x40, 0x3, 0xcf, 0x0, 0x2, 0xdf, 0x0, 0x1,
    0xee, 0x0, 0x0, 0xfd, 0x0, 0x0, 0xfc, 0x0,

    /* U+0057 "W" */
    0x74, 0x1e, 0x3, 0x9e, 0xb, 0xc1, 0xd3, 0x82,
    0xf0, 0x74, 0xf0, 0xec, 0x2c, 0x3c, 0x37, 0xb,
    0xf, 0xc, 0xd2, 0xc2, 0xc3, 0x34, 0xf0, 0xb1,
    0xca, 0x3c, 0x1d, 0x72, 0x8e, 0x7, 0x68, 0x73,
    0x80, 0xea, 0x1d, 0xd0, 0x3b, 0x43, 0x74, 0xe,
    0xd0, 0xec, 0x3, 0xf0, 0x3f, 0x0, 0xfc, 0xf,
    0xc0, 0x2f, 0x3, 0xf0,

    /* U+0058 "X" */
    0x2e, 0x0, 0x1f, 0x3, 0xc0, 0xf, 0x0, 0x78,
    0x7, 0x80, 0xf, 0x3, 0xc0, 0x1, 0xf2, 0xe0,
    0x0, 0x3d, 0xf0, 0x0, 0x7, 0xf4, 0x0, 0x0,
    0xbc, 0x0, 0x0, 0x3f, 0x0, 0x0, 0x1f, 0xe0,
    0x0, 0xf, 0x3c, 0x0, 0xb, 0x87, 0xc0, 0x3,
    0xc0, 0xf4, 0x2, 0xd0, 0x1f, 0x1, 0xf0, 0x3,
    0xd0, 0xf4, 0x0, 0x3c,

    /* U+0059 "Y" */
    0x3c, 0x0, 0xf, 0xb, 0x80, 0x7, 0x80, 0xf0,
    0x3, 0xc0, 0x2e, 0x1, 0xe0, 0x3, 0xc0, 0xf4,
    0x0, 0xb4, 0x3c, 0x0, 0xf, 0x2d, 0x0, 0x2,
    0xef, 0x0, 0x0, 0x3f, 0x40, 0x0, 0xb, 0xc0,
    0x0, 0x1, 0xe0, 0x0, 0x0, 0x78, 0x0, 0x0,
    0x1e, 0x0, 0x0, 0x7, 0x80, 0x0, 0x1, 0xe0,
    0x0, 0x0, 0x78, 0x0,

    /* U+005A "Z" */
    0x3f, 0xff, 0xf0, 0xff, 0xff, 0xc0, 0x0, 0x1f,
    0x0, 0x0, 0xf0, 0x0, 0xb, 0x80, 0x0, 0x3c,
    0x0, 0x2, 0xd0, 0x0, 0x1f, 0x0, 0x0, 0xf0,
    0x0, 0x7, 0x80, 0x0, 0x3c, 0x0, 0x2, 0xd0,
    0x0, 0xf, 0x0, 0x0, 0xf4, 0x0, 0x3, 0xff,
    0xff, 0x4f, 0xff, 0xfd,

    /* U+005B "[" */
    0x7f, 0xf7, 0xea, 0x74, 0x7, 0x40, 0x74, 0x7,
    0x40, 0x74, 0x7, 0x40, 0x74, 0x7, 0x40, 0x74,
    0x7, 0x40, 0x74, 0x7, 0x40, 0x74, 0x7, 0x40,
    0x74, 0x7, 0x40, 0x7e, 0xa7, 0xff,

    /* U+005C "\\" */
    0x3c, 0x0, 0x0, 0xf4, 0x0, 0x1, 0xe0, 0x0,
    0x3, 0xc0, 0x0, 0xb, 0x40, 0x0, 0xf, 0x0,
    0x0, 0x3d, 0x0, 0x0, 0x78, 0x0, 0x0, 0xf0,
    0x0, 0x2, 0xd0, 0x0, 0x7, 0xc0, 0x0, 0xf,
    0x0, 0x0, 0x1e, 0x0, 0x0, 0x3c, 0x0, 0x0,
    0xb4, 0x0, 0x1, 0xf0, 0x0, 0x3, 0xc0, 0x0,
    0xb, 0x80, 0x0, 0xf, 0x0, 0x0, 0x2d,

    /* U+005D "]" */
    0xbf, 0xea, 0xbe, 0x1, 0xe0, 0x1e, 0x1, 0xe0,
    0x1e, 0x1, 0xe0, 0x1e, 0x1, 0xe0, 0x1e, 0x1,
    0xe0, 0x1e, 0x1, 0xe0, 0x1e, 0x1, 0xe0, 0x1e,
    0x1, 0xe0, 0x1e, 0xab, 0xeb, 0xfe,

    /* U+005E "^" */
    0x0, 0x24, 0x0, 0x3, 0xf0, 0x0, 0xe, 0xd0,
    0x0, 0xb3, 0xc0, 0x3, 0x87, 0x40, 0x2c, 0xf,
    0x0, 0xe0, 0x1d, 0xb, 0x0, 0x38, 0x3c, 0x0,
    0xb0,

    /* U+005F "_" */
    0x6a, 0xaa, 0xaa, 0xff, 0xff, 0xf0,

    /* U+0060 "`" */
    0xb8, 0xb, 0x40, 0xf0,

    /* U+0061 "a" */
    0x2, 0xfe, 0x40, 0x3f, 0xbf, 0x43, 0xd0, 0x1f,
    0x0, 0x0, 0x3c, 0x0, 0x0, 0xf0, 0x2f, 0xff,
    0xc3, 0xe5, 0x5f, 0x1e, 0x0, 0x3c, 0xb4, 0x0,
    0xf1, 0xf0, 0x7, 0xc3, 0xfa, 0xfb, 0x2, 0xfe,
    0x2c,

    /* U+0062 "b" */
    0xf0, 0x0, 0xf, 0x0, 0x0, 0xf0, 0x0, 0xf,
    0x0, 0x0, 0xf2, 0xfd, 0xf, 0xbb, 0xf4, 0xfc,
    0x7, 0xcf, 0x0, 0x3d, 0xf0, 0x2, 0xdf, 0x0,
    0x2d, 0xf0, 0x2, 0xdf, 0x0, 0x2d, 0xf0, 0x3,
    0xdf, 0x80, 0x7c, 0xfb, 0xbf, 0x4f, 0x2f, 0xd0,

    /* U+0063 "c" */
    0x2, 0xfe, 0x40, 0x3f, 0xbf, 0x42, 0xe0, 0x1f,
    0xf, 0x0, 0x2d, 0x3c, 0x0, 0x0, 0xf0, 0x0,
    0x3, 0xc0, 0x0, 0xf, 0x0, 0x0, 0x3c, 0x0,
    0xb4, 0xb8, 0x7, 0xc0, 0xff, 0xfd, 0x0, 0xbf,
    0x90,

    /* U+0064 "d" */
    0x0, 0x0, 0xf0, 0x0, 0x3, 0xc0, 0x0, 0xf,
    0x0, 0x0, 0x3c, 0x7, 0xf8, 0xf0, 0x7f, 0xbf,
    0xc3, 0xe0, 0x2f, 0xf, 0x0, 0x3c, 0x3c, 0x0,
    0xf0, 0xf0, 0x3, 0xc3, 0xc0, 0xf, 0xf, 0x0,
    0x3c, 0x3c, 0x0, 0xf0, 0xf8, 0xb, 0xc1, 0xfe,
    0xef, 0x1, 0xfe, 0x3c,

    /* U+0065 "e" */
    0x2, 0xfe, 0x0, 0x3f, 0xaf, 0x42, 0xd0, 0x1f,
    0xf, 0x0, 0x2c, 0x3c, 0x0, 0xb4, 0xff, 0xff,
    0xd3, 0xd5, 0x55, 0xf, 0x0, 0x0, 0x3c, 0x0,
    0x0, 0xb8, 0x3, 0xc0, 0xfe, 0xbd, 0x0, 0xbf,
    0x90,

    /* U+0066 "f" */
    0x0, 0x2f, 0xfc, 0x2, 0xff, 0xe0, 0xf, 0x0,
    0x0, 0x3c, 0x0, 0x0, 0xf0, 0x2, 0xff, 0xff,
    0xeb, 0xff, 0xff, 0xc0, 0x3c, 0x0, 0x0, 0xf0,
    0x0, 0x3, 0xc0, 0x0, 0xf, 0x0, 0x0, 0x3c,
    0x0, 0x0, 0xf0, 0x0, 0x3, 0xc0, 0x0, 0xf,
    0x0, 0x0, 0x3c, 0x0,

    /* U+0067 "g" */
    0x2, 0xf8, 0xf0, 0x3f, 0xbf, 0xc2, 0xe0, 0x2f,
    0xf, 0x0, 0x3c, 0x3c, 0x0, 0xf0, 0xf0, 0x3,
    0xc3, 0xc0, 0xf, 0xf, 0x0, 0x3c, 0x3c, 0x0,
    0xf0, 0xbc, 0xf, 0xc0, 0xff, 0xef, 0x0, 0x69,
    0x3c, 0x0, 0x0, 0xf0, 0x0, 0x3, 0xc0, 0x7f,
    0xfe, 0x1, 0xff, 0xd0,

    /* U+0068 "h" */
    0xf0, 0x0, 0xf, 0x0, 0x0, 0xf0, 0x0, 0xf,
    0x0, 0x0, 0xf2, 0xfd, 0xf, 0xbb, 0xf4, 0xf8,
    0x7, 0xcf, 0x0, 0x3c, 0xf0, 0x3, 0xcf, 0x0,
    0x3c, 0xf0, 0x3, 0xcf, 0x0, 0x3c, 0xf0, 0x3,
    0xcf, 0x0, 0x3c, 0xf0, 0x3, 0xcf, 0x0, 0x3c,

    /* U+0069 "i" */
    0x0, 0x28, 0x0, 0x0, 0xbd, 0x0, 0x0, 0x7c,
    0x0, 0x0, 0x0, 0x0, 0x0, 0x0, 0x0, 0x2f,
    0xfc, 0x0, 0x1f, 0xfc, 0x0, 0x0, 0x3c, 0x0,
    0x0, 0x3c, 0x0, 0x0, 0x3c, 0x0, 0x0, 0x3c,
    0x0, 0x0, 0x3c, 0x0, 0x0, 0x3c, 0x0, 0x0,
    0x3c, 0x0, 0x0, 0x3c, 0x0, 0x3f, 0xff, 0xfc,
    0x3f, 0xff, 0xfc,

    /* U+006A "j" */
    0x0, 0x6, 0x40, 0x0, 0xfc, 0x0, 0xb, 0x80,
    0x0, 0x0, 0x0, 0x0, 0x1, 0xff, 0xf8, 0x1f,
    0xff, 0x80, 0x0, 0x78, 0x0, 0x7, 0x80, 0x0,
    0x78, 0x0, 0x7, 0x80, 0x0, 0x78, 0x0, 0x7,
    0x80, 0x0, 0x78, 0x0, 0x7, 0x80, 0x0, 0x78,
    0x0, 0x7, 0x80, 0x0, 0xb4, 0x0, 0x1f, 0x3,
    0xff, 0xd0, 0x3f, 0xe4, 0x0,

    /* U+006B "k" */
    0xf0, 0x0, 0x3, 0xc0, 0x0, 0xf, 0x0, 0x0,
    0x3c, 0x0, 0x0, 0xf0, 0x1, 0xf3, 0xc0, 0xf,
    0xf, 0x0, 0xf4, 0x3c, 0xb, 0x80, 0xf0, 0x7c,
    0x3, 0xff, 0xd0, 0xf, 0xaf, 0x80, 0x3c, 0xf,
    0x40, 0xf0, 0x1f, 0x3, 0xc0, 0x2e, 0xf, 0x0,
    0x3d, 0x3c, 0x0, 0x7c,

    /* U+006C "l" */
    0x7f, 0xf8, 0x0, 0x1f, 0xfe, 0x0, 0x0, 0x7,
    0x80, 0x0, 0x1, 0xe0, 0x0, 0x0, 0x78, 0x0,
    0x0, 0x1e, 0x0, 0x0, 0x7, 0x80, 0x0, 0x1,
    0xe0, 0x0, 0x0, 0x78, 0x0, 0x0, 0x1e, 0x0,
    0x0, 0x7, 0x80, 0x0, 0x1, 0xe0, 0x0, 0x0,
    0x78, 0x0, 0x0, 0xf, 0x0, 0x0, 0x2, 0xff,
    0xf0, 0x0, 0x2f, 0xfc,

    /* U+006D "m" */
    0xb7, 0xe3, 0xe2, 0xe6, 0xf6, 0xdb, 0x43, 0x83,
    0xad, 0xd, 0xe, 0xb4, 0x34, 0x3e, 0xd0, 0xd0,
    0xfb, 0x43, 0x43, 0xed, 0xd, 0xf, 0xb4, 0x34,
    0x3e, 0xd0, 0xd0, 0xfb, 0x43, 0x43, 0xed, 0xd,
    0xf,

    /* U+006E "n" */
    0xf2, 0xfd, 0xf, 0xaa, 0xf4, 0xf8, 0x7, 0xcf,
    0x0, 0x3c, 0xf0, 0x3, 0xcf, 0x0, 0x3c, 0xf0,
    0x3, 0xcf, 0x0, 0x3c, 0xf0, 0x3, 0xcf, 0x0,
    0x3c, 0xf0, 0x3, 0xcf, 0x0, 0x3c,

    /* U+006F "o" */
    0x2, 0xfe, 0x0, 0x3f, 0xff, 0x42, 0xe0, 0x1f,
    0xf, 0x0, 0x3c, 0x3c, 0x0, 0xb4, 0xf0, 0x2,
    0xd3, 0xc0, 0xb, 0x4f, 0x0, 0x2d, 0x3c, 0x0,
    0xf0, 0xb8, 0x7, 0xc0, 0xff, 0xfd, 0x0, 0xbf,
    0x80,

    /* U+0070 "p" */
    0xf1, 0xfd, 0xf, 0xaa, 0xf4, 0xf8, 0x3, 0xcf,
    0x0, 0x3d, 0xf0, 0x2, 0xdf, 0x0, 0x2d, 0xf0,
    0x2, 0xdf, 0x0, 0x2d, 0xf0, 0x3, 0xcf, 0xc0,
    0x7c, 0xfb, 0xbf, 0x4f, 0x2f, 0xd0, 0xf0, 0x0,
    0xf, 0x0, 0x0, 0xf0, 0x0, 0xf, 0x0, 0x0,

    /* U+0071 "q" */
    0x7, 0xf8, 0xf0, 0x7f, 0xbb, 0xc3, 0xe0, 0x2f,
    0xf, 0x0, 0x3c, 0x3c, 0x0, 0xf0, 0xf0, 0x3,
    0xc3, 0xc0, 0xf, 0xf, 0x0, 0x3c, 0x3c, 0x0,
    0xf0, 0xf8, 0xb, 0xc1, 0xfe, 0xff, 0x1, 0xfe,
    0x3c, 0x0, 0x0, 0xf0, 0x0, 0x3, 0xc0, 0x0,
    0xf, 0x0, 0x0, 0x3c,

    /* U+0072 "r" */
    0xb5, 0xfe, 0xb, 0xb9, 0xfc, 0xbc, 0x3, 0xdb,
    0x80, 0x1e, 0xb4, 0x0, 0xeb, 0x40, 0x0, 0xb4,
    0x0, 0xb, 0x40, 0x0, 0xb4, 0x0, 0xb, 0x40,
    0x0, 0xb4, 0x0, 0xb, 0x40, 0x0,

    /* U+0073 "s" */
    0x6, 0xff, 0x40, 0x3f, 0xaf, 0x82, 0xe0, 0xf,
    0xb, 0x40, 0x0, 0x1f, 0x40, 0x0, 0x2f, 0xf9,
    0x0, 0xa, 0xfe, 0x0, 0x0, 0x3d, 0x0, 0x0,
    0xb4, 0xf4, 0x3, 0xd1, 0xfe, 0xff, 0x1, 0xbf,
    0xe0,

    /* U+0074 "t" */
    0x1, 0xe0, 0x0, 0x7, 0x80, 0x0, 0x1e, 0x0,
    0x3f, 0xff, 0xfd, 0xbf, 0xff, 0xf4, 0x7, 0x80,
    0x0, 0x1e, 0x0, 0x0, 0x78, 0x0, 0x1, 0xe0,
    0x0, 0x7, 0x80, 0x0, 0x1e, 0x0, 0x0, 0x78,
    0x0, 0x1, 0xe0, 0x0, 0x3, 0xff, 0xc0, 0x2,
    0xff, 0x0,

    /* U+0075 "u" */
    0x3c, 0x0, 0xf0, 0xf0, 0x3, 0xc3, 0xc0, 0xf,
    0xf, 0x0, 0x3c, 0x3c, 0x0, 0xf0, 0xf0, 0x3,
    0xc3, 0xc0, 0xf, 0xf, 0x0, 0x3c, 0x3c, 0x0,
    0xf0, 0xb8, 0xb, 0xc0, 0xfe, 0xfc, 0x0, 0xbf,
    0x80,

    /* U+0076 "v" */
    0xb4, 0x0, 0x3d, 0xe0, 0x2, 0xd3, 0xc0, 0xf,
    0xb, 0x40, 0x3c, 0x1e, 0x1, 0xd0, 0x3c, 0xf,
    0x0, 0xb4, 0x3c, 0x1, 0xe1, 0xd0, 0x3, 0xcf,
    0x0, 0xb, 0x7c, 0x0, 0xf, 0xd0, 0x0, 0x3f,
    0x0,

    /* U+0077 "w" */
    0x38, 0x1e, 0x7, 0x4e, 0xb, 0xc1, 0xc3, 0xc2,
    0xb0, 0xb0, 0xb0, 0xdc, 0x3c, 0x2c, 0x33, 0x4e,
    0x7, 0x4c, 0xd3, 0x80, 0xd7, 0x28, 0xd0, 0x3a,
    0x86, 0x70, 0xe, 0x91, 0xec, 0x2, 0xf4, 0x3b,
    0x0, 0xbc, 0xf, 0x80, 0x1f, 0x3, 0xd0,

    /* U+0078 "x" */
    0x7c, 0x0, 0xf8, 0x2e, 0x1, 0xf0, 0xf, 0x43,
    0xc0, 0x3, 0xcb, 0x40, 0x2, 0xfe, 0x0, 0x0,
    0xfc, 0x0, 0x0, 0xfd, 0x0, 0x3, 0xef, 0x0,
    0x7, 0x8b, 0x80, 0xf, 0x3, 0xd0, 0x3d, 0x0,
    0xf0, 0xb8, 0x0, 0xb8,

    /* U+0079 "y" */
    0xb8, 0x0, 0x7c, 0xf0, 0x2, 0xd3, 0xd0, 0xf,
    0x7, 0x80, 0x78, 0xf, 0x2, 0xd0, 0x2d, 0xf,
    0x0, 0x3c, 0x78, 0x0, 0xf3, 0xc0, 0x1, 0xef,
    0x0, 0x3, 0xf4, 0x0, 0xb, 0xc0, 0x0, 0x1e,
    0x0, 0x0, 0xf4, 0x0, 0x3, 0xc0, 0x0, 0x2e,
    0x0, 0x0, 0xf0, 0x0,

    /* U+007A "z" */
    0x3f, 0xff, 0xf0, 0xbf, 0xff, 0xc0, 0x0, 0x3e,
    0x0, 0x2, 0xe0, 0x0, 0x1f, 0x0, 0x1, 0xf0,
    0x0, 0xf, 0x0, 0x0, 0xf4, 0x0, 0xb, 0x80,
    0x0, 0xb8, 0x0, 0x3, 0xff, 0xff, 0xf, 0xff,
    0xfc,

    /* U+007B "{" */
    0x0, 0x2, 0xf4, 0x0, 0x3f, 0x80, 0x2, 0xe0,
    0x0, 0xb, 0x40, 0x0, 0x2d, 0x0, 0x0, 0xb4,
    0x0, 0x2, 0xd0, 0x0, 0xb, 0x40, 0x0, 0x3c,
    0x0, 0xff, 0xd0, 0x2, 0xaf, 0x80, 0x0, 0xf,
    0x0, 0x0, 0x2d, 0x0, 0x0, 0xb4, 0x0, 0x2,
    0xd0, 0x0, 0xb, 0x40, 0x0, 0x2d, 0x0, 0x0,
    0xb8, 0x0, 0x0, 0xfe, 0x0, 0x0, 0xbd,

    /* U+007C "|" */
    0x79, 0xe7, 0x9e, 0x79, 0xe7, 0x9e, 0x79, 0xe7,
    0x9e, 0x79, 0xe7, 0x9e, 0x79, 0xe7, 0x9e,

    /* U+007D "}" */
    0x3f, 0x40, 0x0, 0xbf, 0x40, 0x0, 0x1f, 0x0,
    0x0, 0x3c, 0x0, 0x0, 0xf0, 0x0, 0x3, 0xc0,
    0x0, 0xe, 0x0, 0x0, 0x38, 0x0, 0x0, 0xf4,
    0x0, 0x0, 0xbf, 0xd0, 0x7, 0xfa, 0x0, 0x3c,
    0x0, 0x0, 0xe0, 0x0, 0x3, 0x80, 0x0, 0xf,
    0x0, 0x0, 0x3c, 0x0, 0x0, 0xf0, 0x0, 0x7,
    0xc0, 0x2, 0xfd, 0x0, 0xf, 0xd0, 0x0,

    /* U+007E "~" */
    0x6, 0x40, 0x24, 0xff, 0x80, 0xf7, 0x8b, 0x83,
    0xad, 0xf, 0xbd, 0xb4, 0xb, 0xe0,

    /* U+00AB "«" */
    0x0, 0x14, 0x5, 0x0, 0x2e, 0x7, 0xc0, 0x1f,
    0x7, 0xc0, 0x1f, 0x3, 0xc0, 0xf, 0x3, 0xc0,
    0xf, 0x3, 0xd0, 0x3, 0xd0, 0xb8, 0x0, 0x3d,
    0xf, 0x40, 0x3, 0xc0, 0xf4, 0x0, 0x3c, 0xf,
    0x40, 0x7, 0xc0, 0xf0,

    /* U+00B0 "°" */
    0x1b, 0xd0, 0xd1, 0xda, 0x2, 0xe8, 0x7, 0x74,
    0x38, 0x7f, 0x80, 0x0, 0x0,

    /* U+00BB "»" */
    0x14, 0x5, 0x0, 0xb, 0x82, 0xf0, 0x0, 0xf8,
    0x2e, 0x0, 0xf, 0x43, 0xe0, 0x0, 0xf4, 0x3d,
    0x0, 0xf, 0x3, 0xc0, 0x7, 0xc1, 0xf0, 0x7,
    0xc0, 0xf0, 0x3, 0xc0, 0xf4, 0x3, 0xd0, 0xf4,
    0x3, 0xd0, 0xb8, 0x0,

    /* U+0401 "Ё" */
    0x1e, 0xb, 0x83, 0xf0, 0xfc, 0x19, 0x6, 0x40,
    0x0, 0x0, 0xff, 0xff, 0xdf, 0xff, 0xfd, 0xf0,
    0x0, 0xf, 0x0, 0x0, 0xf0, 0x0, 0xf, 0x0,
    0x0, 0xf0, 0x0, 0xf, 0xff, 0xf8, 0xfe, 0xaa,
    0x4f, 0x0, 0x0, 0xf0, 0x0, 0xf, 0x0, 0x0,
    0xf0, 0x0, 0xf, 0x0, 0x0, 0xff, 0xff, 0xdf,
    0xff, 0xfd,

    /* U+0410 "А" */
    0x0, 0xfc, 0x0, 0x0, 0xfd, 0x0, 0x1, 0xee,
    0x0, 0x2, 0xdf, 0x0, 0x3, 0xcf, 0x0, 0x3,
    0xcb, 0x40, 0x7, 0x87, 0x80, 0xb, 0x43, 0xc0,
    0xf, 0x3, 0xc0, 0xf, 0x2, 0xd0, 0x1f, 0xab,
    0xe0, 0x2f, 0xff, 0xf0, 0x3c, 0x0, 0xf0, 0x7c,
    0x0, 0xb4, 0xb8, 0x0, 0x78, 0xf4, 0x0, 0x3c,

    /* U+0411 "Б" */
    0xff, 0xff, 0xcf, 0xff, 0xfc, 0xf0, 0x0, 0xf,
    0x0, 0x0, 0xf0, 0x0, 0xf, 0x0, 0x0, 0xf0,
    0x0, 0xf, 0xff, 0x90, 0xff, 0xff, 0x8f, 0x0,
    0x7c, 0xf0, 0x2, 0xef, 0x0, 0x1e, 0xf0, 0x2,
    0xef, 0x0, 0x7c, 0xff, 0xff, 0x8f, 0xff, 0x90,

    /* U+0412 "В" */
    0xff, 0xf9, 0xf, 0xab, 0xf4, 0xf0, 0x7, 0xcf,
    0x0, 0x3c, 0xf0, 0x2, 0xcf, 0x0, 0x3c, 0xf0,
    0xb, 0x4f, 0xff, 0xd0, 0xfa, 0xbf, 0x4f, 0x0,
    0x3c, 0xf0, 0x2, 0xef, 0x0, 0x1e, 0xf0, 0x1,
    0xef, 0x0, 0x3c, 0xfa, 0xbf, 0x8f, 0xff, 0xd0,

    /* U+0413 "Г" */
    0xbf, 0xff, 0xfb, 0xff, 0xfe, 0xb4, 0x0, 0xb,
    0x40, 0x0, 0xb4, 0x0, 0xb, 0x40, 0x0, 0xb4,
    0x0, 0xb, 0x40, 0x0, 0xb4, 0x0, 0xb, 0x40,
    0x0, 0xb4, 0x0, 0xb, 0x40, 0x0, 0xb4, 0x0,
    0xb, 0x40, 0x0, 0xb4, 0x0, 0xb, 0x40, 0x0,

    /* U+0414 "Д" */
    0x3, 0xff, 0xfc, 0x0, 0xfa, 0xaf, 0x0, 0x3c,
    0x3, 0xc0, 0xf, 0x0, 0xf0, 0x3, 0x80, 0x3c,
    0x0, 0xe0, 0xf, 0x0, 0x38, 0x3, 0xc0, 0xe,
    0x0, 0xf0, 0x7, 0x80, 0x3c, 0x1, 0xe0, 0xf,
    0x0, 0x78, 0x3, 0xc0, 0x2d, 0x0, 0xf0, 0xf,
    0x40, 0x3c, 0x3, 0xc0, 0xf, 0x7, 0xfa, 0xab,
    0xe5, 0xff, 0xff, 0xfe, 0x74, 0x0, 0x3, 0x9d,
    0x0, 0x0, 0xe7, 0x40, 0x0, 0x38,

    /* U+0415 "Е" */
    0xff, 0xff, 0xdf, 0xff, 0xfd, 0xf0, 0x0, 0xf,
    0x0, 0x0, 0xf0, 0x0, 0xf, 0x0, 0x0, 0xf0,
    0x0, 0xf, 0xff, 0xf8, 0xfe, 0xaa, 0x4f, 0x0,
    0x0, 0xf0, 0x0, 0xf, 0x0, 0x0, 0xf0, 0x0,
    0xf, 0x0, 0x0, 0xff, 0xff, 0xdf, 0xff, 0xfd,

    /* U+0416 "Ж" */
    0x78, 0xd, 0xb, 0x8f, 0x3, 0x43, 0xc2, 0xd0,
    0xd0, 0xf0, 0x78, 0x34, 0xb4, 0xf, 0xd, 0x3c,
    0x2, 0xd3, 0x4f, 0x0, 0x39, 0xdb, 0x40, 0xf,
    0xff, 0xc0, 0x3, 0xde, 0xb4, 0x2, 0xd3, 0x4e,
    0x0, 0xf0, 0xd3, 0xc0, 0x38, 0x34, 0xb4, 0x2d,
    0xd, 0xe, 0xf, 0x3, 0x43, 0xc3, 0xc0, 0xd0,
    0xb6, 0xd0, 0x34, 0x1f,

    /* U+0417 "З" */
    0x6, 0xfe, 0x40, 0x7f, 0xbf, 0x43, 0xd0, 0x1f,
    0x1e, 0x0, 0x3d, 0x10, 0x0, 0xb4, 0x0, 0x3,
    0xc0, 0x0, 0x3d, 0x0, 0xbf, 0xd0, 0x1, 0xff,
    0xe0, 0x0, 0x7, 0xd0, 0x0, 0xb, 0x80, 0x0,
    0x1e, 0xb4, 0x0, 0xb9, 0xf0, 0x7, 0xc2, 0xff,
    0xfd, 0x1, 0xbf, 0x80,

    /* U+0418 "И" */
    0x3c, 0x2, 0xf0, 0xf0, 0xf, 0xc3, 0xc0, 0x7f,
    0xf, 0x2, 0xec, 0x3c, 0xe, 0xb0, 0xf0, 0x76,
    0xc3, 0xc2, 0xcb, 0xf, 0xe, 0x2c, 0x3c, 0x74,
    0xb0, 0xf3, 0xc2, 0xc3, 0xce, 0xb, 0xf, 0xb0,
    0x2c, 0x3f, 0xc0, 0xb0, 0xfe, 0x2, 0xc3, 0xf0,
    0xb, 0xf, 0xc0, 0x2c,

    /* U+0419 "Й" */
    0x5, 0x0, 0x80, 0x3c, 0xb, 0x0, 0x74, 0x78,
    0x0, 0xbf, 0x80, 0x0, 0x0, 0x0, 0xf0, 0xb,
    0xc3, 0xc0, 0x3f, 0xf, 0x1, 0xfc, 0x3c, 0xb,
    0xb0, 0xf0, 0x3a, 0xc3, 0xc1, 0xdb, 0xf, 0xb,
    0x2c, 0x3c, 0x38, 0xb0, 0xf1, 0xd2, 0xc3, 0xcf,
    0xb, 0xf, 0x38, 0x2c, 0x3e, 0xc0, 0xb0, 0xff,
    0x2, 0xc3, 0xf8, 0xb, 0xf, 0xc0, 0x2c, 0x3f,
    0x0, 0xb0,

    /* U+041A "К" */
    0xf0, 0x1, 0xf3, 0xc0, 0xf, 0x4f, 0x0, 0x7c,
    0x3c, 0x3, 0xd0, 0xf0, 0x1f, 0x3, 0xc0, 0xf4,
    0xf, 0x7, 0xc0, 0x3f, 0xfd, 0x0, 0xfa, 0xf4,
    0x3, 0xc1, 0xf0, 0xf, 0x3, 0xd0, 0x3c, 0x7,
    0xc0, 0xf0, 0xb, 0x83, 0xc0, 0xf, 0xf, 0x0,
    0x2e, 0x3c, 0x0, 0x3c,

    /* U+041B "Л" */
    0x3, 0xff, 0xfc, 0x3, 0xff, 0xfc, 0x3, 0xc0,
    0x3c, 0x3, 0xc0, 0x3c, 0x3, 0xc0, 0x3c, 0x3,
    0x80, 0x3c, 0x7, 0x80, 0x3c, 0x7, 0x80, 0x3c,
    0x7, 0x80, 0x3c, 0x7, 0x80, 0x3c, 0x7, 0x80,
    0x3c, 0x7, 0x80, 0x3c, 0xb, 0x40, 0x3c, 0xf,
    0x0, 0x3c, 0x7f, 0x0, 0x3c, 0xb8, 0x0, 0x3c,

    /* U+041C "М" */
    0x7d, 0x0, 0xf9, 0xf8, 0xb, 0xe7, 0xb0, 0x3f,
    0x9d, 0xd0, 0xde, 0x77, 0x87, 0x39, 0xdb, 0x3c,
    0xe7, 0x4d, 0xd3, 0x9e, 0x3f, 0x1e, 0x78, 0xbc,
    0x79, 0xe0, 0x1, 0xe7, 0x80, 0x7, 0x9e, 0x0,
    0x1e, 0x78, 0x0, 0x79, 0xe0, 0x1, 0xe7, 0x80,
    0x7, 0x9e, 0x0, 0x1e,

    /* U+041D "Н" */
    0xf0, 0x3, 0xcf, 0x0, 0x3c, 0xf0, 0x3, 0xcf,
    0x0, 0x3c, 0xf0, 0x3, 0xcf, 0x0, 0x3c, 0xf0,
    0x3, 0xcf, 0xff, 0xfc, 0xff, 0xff, 0xcf, 0x0,
    0x3c, 0xf0, 0x3, 0xcf, 0x0, 0x3c, 0xf0, 0x3,
    0xcf, 0x0, 0x3c, 0xf0, 0x3, 0xcf, 0x0, 0x3c,

    /* U+041E "О" */
    0x2, 0xfe, 0x0, 0x3f, 0xff, 0x42, 0xe0, 0x1f,
    0xf, 0x0, 0x3c, 0x3c, 0x0, 0xb4, 0xf0, 0x2,
    0xd3, 0xc0, 0xb, 0x4f, 0x0, 0x2d, 0x3c, 0x0,
    0xb4, 0xf0, 0x2, 0xd3, 0xc0, 0xb, 0x4f, 0x0,
    0x2d, 0x3c, 0x0, 0xf0, 0xb8, 0x7, 0xc0, 0xff,
    0xfd, 0x0, 0xbf, 0x80,

    /* U+041F "П" */
    0xff, 0xff, 0xcf, 0xff, 0xfc, 0xf0, 0x3, 0xcf,
    0x0, 0x3c, 0xf0, 0x3, 0xcf, 0x0, 0x3c, 0xf0,
    0x3, 0xcf, 0x0, 0x3c, 0xf0, 0x3, 0xcf, 0x0,
    0x3c, 0xf0, 0x3, 0xcf, 0x0, 0x3c, 0xf0, 0x3,
    0xcf, 0x0, 0x3c, 0xf0, 0x3, 0xcf, 0x0, 0x3c,

    /* U+0420 "Р" */
    0xff, 0xfd, 0x3, 0xea, 0xff, 0xf, 0x0, 0x3e,
    0x3c, 0x0, 0x3c, 0xf0, 0x0, 0xf3, 0xc0, 0x3,
    0xcf, 0x0, 0x1f, 0x3c, 0x1, 0xf4, 0xff, 0xff,
    0x83, 0xea, 0xa0, 0xf, 0x0, 0x0, 0x3c, 0x0,
    0x0, 0xf0, 0x0, 0x3, 0xc0, 0x0, 0xf, 0x0,
    0x0, 0x3c, 0x0, 0x0,

    /* U+0421 "С" */
    0x2, 0xfe, 0x0, 0x3f, 0xff, 0x42, 0xe0, 0x1f,
    0xf, 0x0, 0x3d, 0x3c, 0x0, 0x50, 0xf0, 0x0,
    0x3, 0xc0, 0x0, 0xf, 0x0, 0x0, 0x3c, 0x0,
    0x0, 0xf0, 0x0, 0x3, 0xc0, 0x0, 0xf, 0x0,
    0x14, 0x3c, 0x0, 0xf4, 0xb8, 0x7, 0xc0, 0xff,
    0xfd, 0x0, 0xbf, 0x80,

    /* U+0422 "Т" */
    0xff, 0xff, 0xfe, 0xff, 0xff, 0xe0, 0x7, 0x80,
    0x0, 0x1e, 0x0, 0x0, 0x78, 0x0, 0x1, 0xe0,
    0x0, 0x7, 0x80, 0x0, 0x1e, 0x0, 0x0, 0x78,
    0x0, 0x1, 0xe0, 0x0, 0x7, 0x80, 0x0, 0x1e,
    0x0, 0x0, 0x78, 0x0, 0x1, 0xe0, 0x0, 0x7,
    0x80, 0x0, 0x1e, 0x0,

    /* U+0423 "У" */
    0xb4, 0x0, 0x3c, 0x7c, 0x0, 0xb8, 0x3c, 0x0,
    0xf0, 0x2e, 0x0, 0xf0, 0xf, 0x2, 0xd0, 0xb,
    0x43, 0xc0, 0x7, 0x83, 0x80, 0x3, 0xc7, 0x40,
    0x2, 0xdf, 0x0, 0x0, 0xee, 0x0, 0x0, 0xbd,
    0x0, 0x0, 0x7c, 0x0, 0x0, 0x78, 0x0, 0x0,
    0xf0, 0x0, 0x0, 0xf0, 0x0, 0x2, 0xd0, 0x0,

    /* U+0424 "Ф" */
    0x0, 0x0, 0x0, 0x0, 0x78, 0x0, 0x1, 0xbe,
    0x0, 0x1f, 0xff, 0xe0, 0x3d, 0x78, 0xf4, 0xb4,
    0x78, 0x3c, 0xf0, 0x78, 0x3c, 0xf0, 0x78, 0x3c,
    0xf0, 0x78, 0x3c, 0xf0, 0x78, 0x3c, 0xf0, 0x78,
    0x3c, 0xf0, 0x78, 0x3c, 0xf0, 0x78, 0x3c, 0xb4,
    0x78, 0x3c, 0x3d, 0x78, 0xf4, 0x1f, 0xff, 0xe0,
    0x1, 0xbe, 0x0, 0x0, 0x78, 0x0,

    /* U+0425 "Х" */
    0x2e, 0x0, 0x1f, 0x3, 0xc0, 0xf, 0x0, 0x78,
    0x7, 0x80, 0xf, 0x3, 0xc0, 0x1, 0xf2, 0xe0,
    0x0, 0x3d, 0xf0, 0x0, 0x7, 0xf4, 0x0, 0x0,
    0xbc, 0x0, 0x0, 0x3f, 0x0, 0x0, 0x1f, 0xe0,
    0x0, 0xf, 0x3c, 0x0, 0xb, 0x87, 0xc0, 0x3,
    0xc0, 0xf4, 0x2, 0xd0, 0x1f, 0x1, 0xf0, 0x3,
    0xd0, 0xf4, 0x0, 0x3c,

    /* U+0426 "Ц" */
    0xf0, 0x3, 0xc3, 0xc0, 0xf, 0xf, 0x0, 0x3c,
    0x3c, 0x0, 0xf0, 0xf0, 0x3, 0xc3, 0xc0, 0xf,
    0xf, 0x0, 0x3c, 0x3c, 0x0, 0xf0, 0xf0, 0x3,
    0xc3, 0xc0, 0xf, 0xf, 0x0, 0x3c, 0x3c, 0x0,
    0xf0, 0xf0, 0x3, 0xc3, 0xc0, 0xf, 0xf, 0xaa,
    0xfe, 0x7f, 0xff, 0xfd, 0x0, 0x0, 0x74, 0x0,
    0x1, 0xd0, 0x0, 0x7, 0x40,

    /* U+0427 "Ч" */
    0x78, 0x0, 0xf1, 0xe0, 0x3, 0xc7, 0x80, 0xf,
    0x1e, 0x0, 0x3c, 0x78, 0x0, 0xf1, 0xe0, 0x3,
    0xc3, 0xc0, 0xf, 0xf, 0x40, 0x3c, 0x1f, 0xeb,
    0xf0, 0x1b, 0xff, 0xc0, 0x0, 0xf, 0x0, 0x0,
    0x3c, 0x0, 0x0, 0xf0, 0x0, 0x3, 0xc0, 0x0,
    0xf, 0x0, 0x0, 0x3c,

    /* U+0428 "Ш" */
    0xb4, 0x34, 0x3e, 0xd0, 0xd0, 0xfb, 0x43, 0x43,
    0xed, 0xd, 0xf, 0xb4, 0x34, 0x3e, 0xd0, 0xd0,
    0xfb, 0x43, 0x43, 0xed, 0xd, 0xf, 0xb4, 0x34,
    0x3e, 0xd0, 0xd0, 0xfb, 0x43, 0x43, 0xed, 0xd,
    0xf, 0xb4, 0x34, 0x3e, 0xd0, 0xd0, 0xfb, 0x9b,
    0x97, 0xef, 0xff, 0xff,

    /* U+0429 "Щ" */
    0xb0, 0x74, 0x38, 0xb0, 0x74, 0x38, 0xb0, 0x74,
    0x38, 0xb0, 0x74, 0x38, 0xb0, 0x74, 0x38, 0xb0,
    0x74, 0x38, 0xb0, 0x74, 0x38, 0xb0, 0x74, 0x38,
    0xb0, 0x74, 0x38, 0xb0, 0x74, 0x38, 0xb0, 0x74,
    0x38, 0xb0, 0x74, 0x38, 0xb0, 0x74, 0x38, 0xb0,
    0x74, 0x38, 0xba, 0xba, 0xbd, 0xbf, 0xff, 0xfe,
    0x0, 0x0, 0xe, 0x0, 0x0, 0xe, 0x0, 0x0,
    0xe,

    /* U+042A "Ъ" */
    0x3f, 0xf0, 0x0, 0x3, 0xff, 0x0, 0x0, 0x0,
    0xf0, 0x0, 0x0, 0xf, 0x0, 0x0, 0x0, 0xf0,
    0x0, 0x0, 0xf, 0x0, 0x0, 0x0, 0xf0, 0x0,
    0x0, 0xf, 0xff, 0x80, 0x0, 0xff, 0xff, 0x0,
    0xf, 0x0, 0xf8, 0x0, 0xf0, 0x3, 0xc0, 0xf,
    0x0, 0x3c, 0x0, 0xf0, 0x3, 0xc0, 0xf, 0x0,
    0xf8, 0x0, 0xff, 0xff, 0x0, 0xf, 0xff, 0x80,

    /* U+042B "Ы" */
    0xb4, 0x0, 0x3e, 0xd0, 0x0, 0xfb, 0x40, 0x3,
    0xed, 0x0, 0xf, 0xb4, 0x0, 0x3e, 0xd0, 0x0,
    0xfb, 0x40, 0x3, 0xef, 0xf4, 0xf, 0xbe, 0xf8,
    0x3e, 0xd0, 0xf0, 0xfb, 0x41, 0xd3, 0xed, 0x7,
    0x4f, 0xb4, 0x1d, 0x3e, 0xd0, 0xf0, 0xfb, 0xef,
    0x83, 0xef, 0xf4, 0xf,

    /* U+042C "Ь" */
    0xf0, 0x0, 0x3, 0xc0, 0x0, 0xf, 0x0, 0x0,
    0x3c, 0x0, 0x0, 0xf0, 0x0, 0x3, 0xc0, 0x0,
    0xf, 0x0, 0x0, 0x3f, 0xff, 0x80, 0xff, 0xff,
    0xc3, 0xc0, 0xf, 0x8f, 0x0, 0xf, 0x3c, 0x0,
    0x3c, 0xf0, 0x0, 0xf3, 0xc0, 0xf, 0x8f, 0xff,
    0xfc, 0x3f, 0xff, 0x80,

    /* U+042D "Э" */
    0x2, 0xfe, 0x0, 0x3f, 0xbf, 0x3, 0xe0, 0x2f,
    0xf, 0x0, 0x3c, 0x14, 0x0, 0xf0, 0x0, 0x3,
    0xc0, 0x0, 0xf, 0x0, 0xbf, 0xfc, 0x2, 0xff,
    0xf0, 0x0, 0x3, 0xc0, 0x0, 0xf, 0x9, 0x0,
    0x3c, 0x3c, 0x0, 0xf0, 0xb8, 0xb, 0xc0, 0xff,
    0xfc, 0x0, 0xbf, 0x80,

    /* U+042E "Ю" */
    0xb0, 0x1f, 0xe0, 0xb0, 0x7e, 0xb8, 0xb0, 0xf0,
    0x3c, 0xb0, 0xe0, 0x2c, 0xb0, 0xe0, 0x2d, 0xb0,
    0xe0, 0x2d, 0xb0, 0xe0, 0x2d, 0xbf, 0xe0, 0x2d,
    0xba, 0xe0, 0x2d, 0xb0, 0xe0, 0x2d, 0xb0, 0xe0,
    0x2d, 0xb0, 0xe0, 0x2d, 0xb0, 0xe0, 0x2c, 0xb0,
    0xf0, 0x3c, 0xb0, 0x7e, 0xf8, 0xb0, 0x1f, 0xe0,

    /* U+042F "Я" */
    0x2, 0xff, 0xf0, 0x7f, 0xab, 0xc3, 0xd0, 0xf,
    0x1e, 0x0, 0x3c, 0xb8, 0x0, 0xf2, 0xe0, 0x3,
    0xc7, 0xc0, 0xf, 0xf, 0x80, 0x3c, 0xf, 0xff,
    0xf0, 0xb, 0xeb, 0xc0, 0x3c, 0xf, 0x1, 0xe0,
    0x3c, 0xf, 0x0, 0xf0, 0xb8, 0x3, 0xc3, 0xc0,
    0xf, 0x2f, 0x0, 0x3c,

    /* U+0430 "а" */
    0x2, 0xfe, 0x40, 0x3f, 0xbf, 0x43, 0xd0, 0x1f,
    0x0, 0x0, 0x3c, 0x0, 0x0, 0xf0, 0x2f, 0xff,
    0xc3, 0xe5, 0x5f, 0x1e, 0x0, 0x3c, 0xb4, 0x0,
    0xf1, 0xf0, 0x7, 0xc3, 0xfa, 0xfb, 0x2, 0xfe,
    0x2c,

    /* U+0431 "б" */
    0x1, 0xbf, 0xe0, 0x1f, 0xff, 0x80, 0xf4, 0x0,
    0xb, 0x80, 0x0, 0x3c, 0x0, 0x0, 0xf2, 0xfd,
    0x3, 0xee, 0xfd, 0xf, 0x80, 0x7c, 0x3c, 0x0,
    0xf0, 0xf0, 0x3, 0xc3, 0xc0, 0xf, 0xf, 0x0,
    0x3c, 0x3c, 0x0, 0xf0, 0xb8, 0xb, 0xc0, 0xff,
    0xfc, 0x0, 0xbf, 0x80,

    /* U+0432 "в" */
    0xff, 0xfe, 0xf, 0xaa, 0xf8, 0xf0, 0x3, 0xcf,
    0x0, 0x2c, 0xf0, 0x3, 0xcf, 0xaa, 0xf4, 0xff,
    0xff, 0x4f, 0x0, 0x3c, 0xf0, 0x1, 0xdf, 0x0,
    0x2d, 0xfa, 0xaf, 0xcf, 0xff, 0xe0,

    /* U+0433 "г" */
    0x3f, 0xff, 0xe3, 0xff, 0xfd, 0x3c, 0x0, 0x3,
    0xc0, 0x0, 0x3c, 0x0, 0x3, 0xc0, 0x0, 0x3c,
    0x0, 0x3, 0xc0, 0x0, 0x3c, 0x0, 0x3, 0xc0,
    0x0, 0x3c, 0x0, 0x3, 0xc0, 0x0,

    /* U+0434 "д" */
    0x3, 0xff, 0xfc, 0x0, 0xfa, 0xaf, 0x0, 0x3c,
    0x3, 0xc0, 0xf, 0x0, 0xf0, 0x3, 0xc0, 0x3c,
    0x0, 0xf0, 0xf, 0x0, 0x3c, 0x3, 0xc0, 0x1e,
    0x0, 0xf0, 0x7, 0x40, 0x3c, 0x3, 0xc0, 0xf,
    0x2, 0xfa, 0xab, 0xe5, 0xff, 0xff, 0xfd, 0x74,
    0x0, 0x7, 0x5d, 0x0, 0x1, 0xd7, 0x40, 0x0,
    0x74,

    /* U+0435 "е" */
    0x2, 0xfe, 0x0, 0x3f, 0xaf, 0x42, 0xd0, 0x1f,
    0xf, 0x0, 0x2c, 0x3c, 0x0, 0xb4, 0xff, 0xff,
    0xd3, 0xd5, 0x55, 0xf, 0x0, 0x0, 0x3c, 0x0,
    0x0, 0xb8, 0x3, 0xc0, 0xfe, 0xbd, 0x0, 0xbf,
    0x90,

    /* U+0436 "ж" */
    0x38, 0xd, 0x7, 0x4f, 0x3, 0x43, 0xc1, 0xe0,
    0xd1, 0xd0, 0x3c, 0x34, 0xf0, 0x7, 0x5d, 0x78,
    0x0, 0xff, 0xfd, 0x0, 0x79, 0xe7, 0x80, 0x3c,
    0x34, 0xf0, 0xe, 0xd, 0x2d, 0xb, 0x43, 0x43,
    0xc3, 0xc0, 0xd0, 0xb1, 0xe0, 0x34, 0x1e,

    /* U+0437 "з" */
    0x7, 0xff, 0x40, 0xbf, 0xbf, 0x87, 0xc0, 0x1f,
    0x0, 0x0, 0x3c, 0x0, 0x2, 0xf0, 0xb, 0xfe,
    0x0, 0x1a, 0xbe, 0x0, 0x0, 0x3c, 0x0, 0x0,
    0xb5, 0xf0, 0x3, 0xd3, 0xfe, 0xff, 0x1, 0xff,
    0xd0,

    /* U+0438 "и" */
    0xf0, 0xb, 0xcf, 0x0, 0xfc, 0xf0, 0x2e, 0xcf,
    0x3, 0xac, 0xf0, 0xb2, 0xcf, 0xe, 0x3c, 0xf1,
    0xc3, 0xcf, 0x38, 0x3c, 0xf7, 0x43, 0xcf, 0xf0,
    0x3c, 0xfd, 0x3, 0xcf, 0xc0, 0x3c,

    /* U+0439 "й" */
    0x2c, 0x7, 0x1, 0xd0, 0xf0, 0xb, 0xfc, 0x0,
    0x0, 0x0, 0x0, 0x0, 0xf, 0x0, 0xbc, 0xf0,
    0xf, 0xcf, 0x2, 0xec, 0xf0, 0x3a, 0xcf, 0xb,
    0x2c, 0xf0, 0xe3, 0xcf, 0x1c, 0x3c, 0xf3, 0x83,
    0xcf, 0x74, 0x3c, 0xff, 0x3, 0xcf, 0xd0, 0x3c,
    0xfc, 0x3, 0xc0,

    /* U+043A "к" */
    0xf0, 0x2, 0xe3, 0xc0, 0x1f, 0xf, 0x0, 0xf0,
    0x3c, 0xf, 0x40, 0xf0, 0x7c, 0x3, 0xff, 0xc0,
    0xf, 0xaf, 0x40, 0x3c, 0x1f, 0x0, 0xf0, 0x2e,
    0x3, 0xc0, 0x3d, 0xf, 0x0, 0x7c, 0x3c, 0x0,
    0xb8,

    /* U+043B "л" */
    0x3, 0xff, 0xfc, 0x3, 0xff, 0xfc, 0x3, 0xc0,
    0x3c, 0x3, 0xc0, 0x3c, 0x3, 0xc0, 0x3c, 0x3,
    0xc0, 0x3c, 0x3, 0xc0, 0x3c, 0x3, 0x80, 0x3c,
    0x7, 0x80, 0x3c, 0xb, 0x40, 0x3c, 0x7f, 0x0,
    0x3c, 0x78, 0x0, 0x3c,

    /* U+043C "м" */
    0x7e, 0x1, 0xf9, 0xfc, 0xb, 0xe7, 0xb0, 0x3b,
    0x9e, 0xe1, 0xde, 0x76, 0xcb, 0x79, 0xe7, 0x39,
    0xe7, 0x8e, 0xd7, 0x9e, 0x2f, 0x1e, 0x78, 0x14,
    0x79, 0xe0, 0x1, 0xe7, 0x80, 0x7, 0x9e, 0x0,
    0x1e,

    /* U+043D "н" */
    0xf0, 0x3, 0xcf, 0x0, 0x3c, 0xf0, 0x3, 0xcf,
    0x0, 0x3c, 0xf0, 0x3, 0xcf, 0xff, 0xfc, 0xff,
    0xff, 0xcf, 0x0, 0x3c, 0xf0, 0x3, 0xcf, 0x0,
    0x3c, 0xf0, 0x3, 0xcf, 0x0, 0x3c,

    /* U+043E "о" */
    0x2, 0xfe, 0x0, 0x3f, 0xff, 0x42, 0xe0, 0x1f,
    0xf, 0x0, 0x3c, 0x3c, 0x0, 0xb4, 0xf0, 0x2,
    0xd3, 0xc0, 0xb, 0x4f, 0x0, 0x2d, 0x3c, 0x0,
    0xf0, 0xb8, 0x7, 0xc0, 0xff, 0xfd, 0x0, 0xbf,
    0x80,

    /* U+043F "п" */
    0xff, 0xff, 0xcf, 0xff, 0xfc, 0xf0, 0x3, 0xcf,
    0x0, 0x3c, 0xf0, 0x3, 0xcf, 0x0, 0x3c, 0xf0,
    0x3, 0xcf, 0x0, 0x3c, 0xf0, 0x3, 0xcf, 0x0,
    0x3c, 0xf0, 0x3, 0xcf, 0x0, 0x3c,

    /* U+0440 "р" */
    0xf1, 0xfd, 0xf, 0xaa, 0xf4, 0xf8, 0x3, 0xcf,
    0x0, 0x3d, 0xf0, 0x2, 0xdf, 0x0, 0x2d, 0xf0,
    0x2, 0xdf, 0x0, 0x2d, 0xf0, 0x3, 0xcf, 0xc0,
    0x7c, 0xfb, 0xbf, 0x4f, 0x2f, 0xd0, 0xf0, 0x0,
    0xf, 0x0, 0x0, 0xf0, 0x0, 0xf, 0x0, 0x0,

    /* U+0441 "с" */
    0x2, 0xfe, 0x40, 0x3f, 0xbf, 0x43, 0xe0, 0x1f,
    0xf, 0x0, 0x2d, 0x3c, 0x0, 0x0, 0xf0, 0x0,
    0x3, 0xc0, 0x0, 0xf, 0x0, 0x0, 0x3c, 0x0,
    0xb4, 0xf8, 0x7, 0xc0, 0xff, 0xfd, 0x0, 0xbf,
    0x90,

    /* U+0442 "т" */
    0xff, 0xff, 0xfe, 0xab, 0xfa, 0xa0, 0x7, 0x80,
    0x0, 0x1e, 0x0, 0x0, 0x78, 0x0, 0x1, 0xe0,
    0x0, 0x7, 0x80, 0x0, 0x1e, 0x0, 0x0, 0x78,
    0x0, 0x1, 0xe0, 0x0, 0x7, 0x80, 0x0, 0x1e,
    0x0,

    /* U+0443 "у" */
    0xb8, 0x0, 0x7c, 0xf0, 0x2, 0xd3, 0xd0, 0xf,
    0x7, 0x80, 0x78, 0xf, 0x2, 0xd0, 0x2d, 0xf,
    0x0, 0x3c, 0x78, 0x0, 0xf3, 0xc0, 0x1, 0xef,
    0x0, 0x3, 0xf4, 0x0, 0xb, 0xc0, 0x0, 0x1e,
    0x0, 0x0, 0xf4, 0x0, 0x3, 0xc0, 0x0, 0x2e,
    0x0, 0x0, 0xf0, 0x0,

    /* U+0444 "ф" */
    0x0, 0x74, 0x0, 0x0, 0x74, 0x0, 0x0, 0x74,
    0x0, 0x0, 0x74, 0x0, 0xb, 0xff, 0x80, 0x3f,
    0xbe, 0xf0, 0x78, 0x34, 0x78, 0xb0, 0x34, 0x3c,
    0xf0, 0x34, 0x3c, 0xf0, 0x34, 0x3c, 0xf0, 0x34,
    0x3c, 0xf0, 0x34, 0x3c, 0xb0, 0x34, 0x3c, 0x78,
    0x34, 0x78, 0x3f, 0xbe, 0xf0, 0xb, 0xff, 0x80,
    0x0, 0x74, 0x0, 0x0, 0x74, 0x0, 0x0, 0x74,
    0x0, 0x0, 0x74, 0x0,

    /* U+0445 "х" */
    0x7c, 0x0, 0xf8, 0x2e, 0x1, 0xf0, 0xf, 0x43,
    0xc0, 0x3, 0xcb, 0x40, 0x2, 0xfe, 0x0, 0x0,
    0xfc, 0x0, 0x0, 0xfd, 0x0, 0x3, 0xef, 0x0,
    0x7, 0x8b, 0x80, 0xf, 0x3, 0xd0, 0x3d, 0x0,
    0xf0, 0xb8, 0x0, 0xb8,

    /* U+0446 "ц" */
    0xf0, 0x3, 0xc3, 0xc0, 0xf, 0xf, 0x0, 0x3c,
    0x3c, 0x0, 0xf0, 0xf0, 0x3, 0xc3, 0xc0, 0xf,
    0xf, 0x0, 0x3c, 0x3c, 0x0, 0xf0, 0xf0, 0x3,
    0xc3, 0xc0, 0xf, 0xf, 0xaa, 0xfe, 0x7f, 0xff,
    0xfd, 0x0, 0x0, 0x74, 0x0, 0x1, 0xd0, 0x0,
    0x7, 0x40,

    /* U+0447 "ч" */
    0x78, 0x0, 0xf7, 0x80, 0xf, 0x78, 0x0, 0xf7,
    0x80, 0xf, 0x3c, 0x0, 0xf3, 0xd0, 0xf, 0x1f,
    0xff, 0xf0, 0x6f, 0xff, 0x0, 0x0, 0xf0, 0x0,
    0xf, 0x0, 0x0, 0xf0, 0x0, 0xf,

    /* U+0448 "ш" */
    0xb4, 0x34, 0x3e, 0xd0, 0xd0, 0xfb, 0x43, 0x43,
    0xed, 0xd, 0xf, 0xb4, 0x34, 0x3e, 0xd0, 0xd0,
    0xfb, 0x43, 0x43, 0xed, 0xd, 0xf, 0xb4, 0x34,
    0x3e, 0xd0, 0xd0, 0xfb, 0x9b, 0x97, 0xef, 0xff,
    0xff,

    /* U+0449 "щ" */
    0xb0, 0x74, 0x38, 0xb0, 0x74, 0x38, 0xb0, 0x74,
    0x38, 0xb0, 0x74, 0x38, 0xb0, 0x74, 0x38, 0xb0,
    0x74, 0x38, 0xb0, 0x74, 0x38, 0xb0, 0x74, 0x38,
    0xb0, 0x74, 0x38, 0xb0, 0x74, 0x38, 0xba, 0xba,
    0xbd, 0xbf, 0xff, 0xfe, 0x0, 0x0, 0xe, 0x0,
    0x0, 0xe, 0x0, 0x0, 0xe,

    /* U+044A "ъ" */
    0xff, 0xc0, 0x0, 0x2a, 0xf0, 0x0, 0x0, 0x3c,
    0x0, 0x0, 0xf, 0x0, 0x0, 0x3, 0xff, 0x90,
    0x0, 0xff, 0xff, 0x0, 0x3c, 0x2, 0xf0, 0xf,
    0x0, 0x3c, 0x3, 0xc0, 0xf, 0x0, 0xf0, 0x7,
    0xc0, 0x3f, 0xff, 0xd0, 0xf, 0xff, 0x80,

    /* U+044B "ы" */
    0xb4, 0x0, 0x3e, 0xd0, 0x0, 0xfb, 0x40, 0x3,
    0xed, 0x0, 0xf, 0xba, 0x40, 0x3e, 0xff, 0xd0,
    0xfb, 0x47, 0xc3, 0xed, 0x7, 0x4f, 0xb4, 0x1d,
    0x3e, 0xd0, 0xb4, 0xfb, 0xaf, 0xc3, 0xef, 0xf4,
    0xf,

    /* U+044C "ь" */
    0xf0, 0x0, 0x3, 0xc0, 0x0, 0xf, 0x0, 0x0,
    0x3c, 0x0, 0x0, 0xff, 0xf9, 0x3, 0xff, 0xff,
    0xf, 0x0, 0x2f, 0x3c, 0x0, 0x3c, 0xf0, 0x0,
    0xf3, 0xc0, 0x7, 0xcf, 0xff, 0xfd, 0x3f, 0xff,
    0x80,

    /* U+044D "э" */
    0x2, 0xfe, 0x0, 0x7f, 0xbf, 0x3, 0xd0, 0x1f,
    0xf, 0x0, 0x3c, 0x0, 0x0, 0xf0, 0x3, 0xff,
    0xc0, 0xa, 0xaf, 0x0, 0x0, 0x3c, 0x3c, 0x0,
    0xf0, 0xf8, 0xb, 0xc0, 0xff, 0xfc, 0x0, 0xbf,
    0x80,

    /* U+044E "ю" */
    0xb0, 0x1f, 0xd0, 0xb0, 0x79, 0xb4, 0xb0, 0xb0,
    0x3c, 0xb0, 0xf0, 0x2c, 0xb0, 0xf0, 0x2c, 0xbf,
    0xf0, 0x2c, 0xba, 0xf0, 0x2c, 0xb0, 0xf0, 0x2c,
    0xb0, 0xf0, 0x2c, 0xb0, 0xb0, 0x3c, 0xb0, 0x3e,
    0xf4, 0xb0, 0x1f, 0xd0,

    /* U+044F "я" */
    0x7, 0xff, 0xf0, 0xbf, 0xab, 0xc7, 0xc0, 0xf,
    0x1e, 0x0, 0x3c, 0x78, 0x0, 0xf0, 0xf4, 0x3,
    0xc1, 0xff, 0xff, 0x0, 0xfe, 0xbc, 0x3, 0xc0,
    0xf0, 0x3d, 0x3, 0xc2, 0xe0, 0xf, 0x1f, 0x0,
    0x3c,

    /* U+0451 "ё" */
    0xf, 0x3, 0xc0, 0x3e, 0x1f, 0x40, 0xa0, 0x28,
    0x0, 0x0, 0x0, 0x0, 0x0, 0x0, 0xb, 0xf8,
    0x0, 0xfe, 0xbd, 0xb, 0x40, 0x7c, 0x3c, 0x0,
    0xb0, 0xf0, 0x2, 0xd3, 0xff, 0xff, 0x4f, 0x55,
    0x54, 0x3c, 0x0, 0x0, 0xf0, 0x0, 0x2, 0xe0,
    0xf, 0x3, 0xfa, 0xf4, 0x2, 0xfe, 0x40,

    /* U+2014 "—" */
    0xaa, 0xaa, 0xaa, 0x8f, 0xff, 0xff, 0xfc,

    /* U+2026 "…" */
    0x70, 0x34, 0x36, 0xe1, 0xe1, 0xfb, 0x87, 0x87,
    0xdd, 0x1d, 0xe,

    /* U+2116 "№" */
    0x0, 0x0, 0x0, 0x1f, 0x3, 0x8b, 0xd7, 0xc0,
    0xe3, 0x5d, 0xf4, 0x38, 0xc7, 0x7a, 0xe, 0x31,
    0xde, 0xc3, 0x8c, 0x77, 0x70, 0xe3, 0x1d, 0xcd,
    0x38, 0xc7, 0x72, 0x8e, 0x31, 0xdc, 0x73, 0x8b,
    0xe7, 0xc, 0xe0, 0x51, 0xc3, 0x78, 0x0, 0x70,
    0xae, 0x0, 0x1c, 0x1f, 0x80, 0x7, 0x3, 0xe0,
    0x1, 0xc0, 0xf8, 0x0, 0x70, 0x2e, 0x0, 0x0,

    /* U+2500 "─" */
    0x0, 0x0, 0x0, 0x0, 0xff, 0xff, 0xff, 0xf3,
    0xff, 0xff, 0xff, 0xc0,

    /* U+2501 "━" */
    0x15, 0x55, 0x55, 0x54, 0xff, 0xff, 0xff, 0xf3,
    0xff, 0xff, 0xff, 0xcf, 0xff, 0xff, 0xff, 0x3f,
    0xff, 0xff, 0xfc, 0x0, 0x0, 0x0, 0x0,

    /* U+2502 "│" */
    0x1, 0xf7, 0xdf, 0x7d, 0xf7, 0xdf, 0x7d, 0xf7,
    0xdf, 0x7d, 0xf7, 0xdf, 0x7d, 0xf7, 0xdf, 0x7d,
    0xf7, 0xdf, 0x7d, 0xf7, 0xdf, 0x7c, 0xe0,

    /* U+2503 "┃" */
    0x0, 0x1f, 0xf7, 0xfd, 0xff, 0x7f, 0xdf, 0xf7,
    0xfd, 0xff, 0x7f, 0xdf, 0xf7, 0xfd, 0xff, 0x7f,
    0xdf, 0xf7, 0xfd, 0xff, 0x7f, 0xdf, 0xf7, 0xfd,
    0xff, 0x7f, 0xdf, 0xf7, 0xfd, 0xff, 0x7f, 0xdf,
    0xf7, 0xfd, 0xff, 0x7f, 0xdf, 0xe0,

    /* U+2504 "┄" */
    0x0, 0x0, 0x0, 0xf, 0x8b, 0xc7, 0xd3, 0xe2,
    0xf1, 0xf4,

    /* U+2505 "┅" */
    0x14, 0x5, 0x5, 0xf, 0x8b, 0xc7, 0xd3, 0xe2,
    0xf1, 0xf4, 0xf8, 0xbc, 0x7d, 0x3e, 0x2f, 0x1f,
    0x40, 0x0, 0x0, 0x0,

    /* U+2506 "┆" */
    0x15, 0xf7, 0xdf, 0x7d, 0xf7, 0xdf, 0x0, 0x57,
    0xdf, 0x7d, 0xf7, 0xdf, 0x7c, 0x1, 0x5f, 0x7d,
    0xf7, 0xdf, 0x7d, 0xf0,

    /* U+2507 "┇" */
    0x7f, 0xdf, 0xf7, 0xfd, 0xff, 0x7f, 0xdf, 0xf7,
    0xfc, 0x55, 0x0, 0x1f, 0xf7, 0xfd, 0xff, 0x7f,
    0xdf, 0xf7, 0xfd, 0xff, 0x7f, 0xc0, 0x0, 0x1,
    0xff, 0x7f, 0xdf, 0xf7, 0xfd, 0xff, 0x7f, 0xdf,
    0xf0,

    /* U+2508 "┈" */
    0x0, 0x0, 0x0, 0x1f, 0x3c, 0xf5, 0xf7, 0xcf,
    0x3d, 0x7c,

    /* U+2509 "┉" */
    0x14, 0x51, 0x41, 0x5f, 0x3c, 0xf5, 0xf7, 0xcf,
    0x3d, 0x7d, 0xf3, 0xcf, 0x5f, 0x7c, 0xf3, 0xd7,
    0xc0, 0x0, 0x0, 0x0,

    /* U+250A "┊" */
    0x29, 0xf7, 0xdf, 0x7c, 0x0, 0xe, 0x7d, 0xf7,
    0xdf, 0x0, 0x7, 0xdf, 0x7d, 0xf2, 0x80, 0x29,
    0xf7, 0xdf, 0x7c, 0x0,

    /* U+250B "┋" */
    0x6a, 0x9f, 0xf7, 0xfd, 0xff, 0x7f, 0xc0, 0x0,
    0x1, 0xfe, 0x7f, 0xdf, 0xf7, 0xfd, 0xff, 0x0,
    0x0, 0x7, 0xfd, 0xff, 0x7f, 0xdf, 0xf6, 0xa8,
    0x0, 0x6a, 0x9f, 0xf7, 0xfd, 0xff, 0x7f, 0xc0,
    0x0,

    /* U+250C "┌" */
    0x0, 0x0, 0x1f, 0xff, 0xf7, 0xff, 0xfd, 0xf0,
    0x0, 0x7c, 0x0, 0x1f, 0x0, 0x7, 0xc0, 0x1,
    0xf0, 0x0, 0x7c, 0x0, 0x1f, 0x0, 0x7, 0xc0,
    0x1, 0xf0, 0x0, 0x7c, 0x0, 0x1f, 0x0, 0x7,
    0xc0, 0x1, 0xf0, 0x0, 0x28, 0x0, 0x0,

    /* U+250D "┍" */
    0x15, 0x55, 0x5f, 0xff, 0xf7, 0xff, 0xfd, 0xff,
    0xff, 0x7f, 0xff, 0xdf, 0x0, 0x7, 0xc0, 0x1,
    0xf0, 0x0, 0x7c, 0x0, 0x1f, 0x0, 0x7, 0xc0,
    0x1, 0xf0, 0x0, 0x7c, 0x0, 0x1f, 0x0, 0x7,
    0xc0, 0x1, 0xf0, 0x0, 0x7c, 0x0, 0xa, 0x0,
    0x0,

    /* U+250E "┎" */
    0x0, 0x0, 0x7, 0xff, 0xff, 0x7f, 0xff, 0xe7,
    0xfc, 0x0, 0x7f, 0xc0, 0x7, 0xfc, 0x0, 0x7f,
    0xc0, 0x7, 0xfc, 0x0, 0x7f, 0xc0, 0x7, 0xfc,
    0x0, 0x7f, 0xc0, 0x7, 0xfc, 0x0, 0x7f, 0xc0,
    0x7, 0xfc, 0x0, 0x7f, 0xc0, 0x7, 0xfc, 0x0,
    0x6a, 0x80, 0x0,

    /* U+250F "┏" */
    0x15, 0x55, 0x57, 0xff, 0xff, 0x7f, 0xff, 0xf7,
    0xff, 0xff, 0x7f, 0xff, 0xf7, 0xfc, 0x0, 0x7f,
    0xc0, 0x7, 0xfc, 0x0, 0x7f, 0xc0, 0x7, 0xfc,
    0x0, 0x7f, 0xc0, 0x7, 0xfc, 0x0, 0x7f, 0xc0,
    0x7, 0xfc, 0x0, 0x7f, 0xc0, 0x7, 0xfc, 0x0,
    0x7f, 0xc0, 0x6, 0xa8, 0x0,

    /* U+2510 "┐" */
    0x0, 0x0, 0xf, 0xff, 0xf3, 0xff, 0xfc, 0x0,
    0x1f, 0x0, 0x7, 0xc0, 0x1, 0xf0, 0x0, 0x7c,
    0x0, 0x1f, 0x0, 0x7, 0xc0, 0x1, 0xf0, 0x0,
    0x7c, 0x0, 0x1f, 0x0, 0x7, 0xc0, 0x1, 0xf0,
    0x0, 0x7c, 0x0, 0x1f, 0x0, 0x2, 0x80,

    /* U+2511 "┑" */
    0x15, 0x55, 0x4f, 0xff, 0xf3, 0xff, 0xfc, 0xff,
    0xff, 0x3f, 0xff, 0xc0, 0x1, 0xf0, 0x0, 0x7c,
    0x0, 0x1f, 0x0, 0x7, 0xc0, 0x1, 0xf0, 0x0,
    0x7c, 0x0, 0x1f, 0x0, 0x7, 0xc0, 0x1, 0xf0,
    0x0, 0x7c, 0x0, 0x1f, 0x0, 0x7, 0xc0, 0x0,
    0xa0,

    /* U+2512 "┒" */
    0x0, 0x0, 0x7, 0xff, 0xff, 0x7f, 0xff, 0xf0,
    0x1, 0xff, 0x0, 0x1f, 0xf0, 0x1, 0xff, 0x0,
    0x1f, 0xf0, 0x1, 0xff, 0x0, 0x1f, 0xf0, 0x1,
    0xff, 0x0, 0x1f, 0xf0, 0x1, 0xff, 0x0, 0x1f,
    0xf0, 0x1, 0xff, 0x0, 0x1f, 0xf0, 0x1, 0xff,
    0x0, 0x1a, 0xa0,

    /* U+2513 "┓" */
    0x15, 0x55, 0x57, 0xff, 0xff, 0x7f, 0xff, 0xf7,
    0xff, 0xff, 0x7f, 0xff, 0xf0, 0x2, 0xff, 0x0,
    0x1f, 0xf0, 0x1, 0xff, 0x0, 0x1f, 0xf0, 0x1,
    0xff, 0x0, 0x1f, 0xf0, 0x1, 0xff, 0x0, 0x1f,
    0xf0, 0x1, 0xff, 0x0, 0x1f, 0xf0, 0x1, 0xff,
    0x0, 0x1f, 0xf0, 0x1, 0xaa,

    /* U+2514 "└" */
    0x14, 0x0, 0x1f, 0x0, 0x7, 0xc0, 0x1, 0xf0,
    0x0, 0x7c, 0x0, 0x1f, 0x0, 0x7, 0xc0, 0x1,
    0xf0, 0x0, 0x7c, 0x0, 0x1f, 0x0, 0x7, 0xc0,
    0x1, 0xf0, 0x0, 0x7c, 0x0, 0x1f, 0x0, 0x7,
    0xff, 0xfd, 0xff, 0xff,

    /* U+2515 "┕" */
    0x14, 0x0, 0x1f, 0x0, 0x7, 0xc0, 0x1, 0xf0,
    0x0, 0x7c, 0x0, 0x1f, 0x0, 0x7, 0xc0, 0x1,
    0xf0, 0x0, 0x7c, 0x0, 0x1f, 0x0, 0x7, 0xc0,
    0x1, 0xf0, 0x0, 0x7d, 0x55, 0x5f, 0xff, 0xf7,
    0xff, 0xfd, 0xff, 0xff, 0x7f, 0xff, 0xc0, 0x0,
    0x0,

    /* U+2516 "┖" */
    0x15, 0x40, 0x7, 0xfc, 0x0, 0x7f, 0xc0, 0x7,
    0xfc, 0x0, 0x7f, 0xc0, 0x7, 0xfc, 0x0, 0x7f,
    0xc0, 0x7, 0xfc, 0x0, 0x7f, 0xc0, 0x7, 0xfc,
    0x0, 0x7f, 0xc0, 0x7, 0xfc, 0x0, 0x7f, 0xc0,
    0x7, 0xfc, 0x0, 0x7f, 0xff, 0xf7, 0xff, 0xfe,

    /* U+2517 "┗" */
    0x15, 0x40, 0x7, 0xfc, 0x0, 0x7f, 0xc0, 0x7,
    0xfc, 0x0, 0x7f, 0xc0, 0x7, 0xfc, 0x0, 0x7f,
    0xc0, 0x7, 0xfc, 0x0, 0x7f, 0xc0, 0x7, 0xfc,
    0x0, 0x7f, 0xc0, 0x7, 0xfc, 0x0, 0x7f, 0xd5,
    0x57, 0xff, 0xff, 0x7f, 0xff, 0xf7, 0xff, 0xff,
    0x7f, 0xff, 0xf0, 0x0, 0x0,

    /* U+2518 "┘" */
    0x0, 0x1, 0x40, 0x1, 0xf0, 0x0, 0x7c, 0x0,
    0x1f, 0x0, 0x7, 0xc0, 0x1, 0xf0, 0x0, 0x7c,
    0x0, 0x1f, 0x0, 0x7, 0xc0, 0x1, 0xf0, 0x0,
    0x7c, 0x0, 0x1f, 0x0, 0x7, 0xc0, 0x1, 0xf3,
    0xff, 0xfc, 0xff, 0xff,

    /* U+2519 "┙" */
    0x0, 0x1, 0x40, 0x1, 0xf0, 0x0, 0x7c, 0x0,
    0x1f, 0x0, 0x7, 0xc0, 0x1, 0xf0, 0x0, 0x7c,
    0x0, 0x1f, 0x0, 0x7, 0xc0, 0x1, 0xf0, 0x0,
    0x7c, 0x0, 0x1f, 0x15, 0x5b, 0xcf, 0xff, 0xf3,
    0xff, 0xfc, 0xff, 0xff, 0x3f, 0xff, 0xc0, 0x0,
    0x0,

    /* U+251A "┚" */
    0x0, 0x5, 0x50, 0x1, 0xff, 0x0, 0x1f, 0xf0,
    0x1, 0xff, 0x0, 0x1f, 0xf0, 0x1, 0xff, 0x0,
    0x1f, 0xf0, 0x1, 0xff, 0x0, 0x1f, 0xf0, 0x1,
    0xff, 0x0, 0x1f, 0xf0, 0x1, 0xff, 0x0, 0x1f,
    0xf0, 0x2, 0xff, 0x7f, 0xff, 0xf7, 0xff, 0xff,

    /* U+251B "┛" */
    0x0, 0x5, 0x50, 0x1, 0xff, 0x0, 0x1f, 0xf0,
    0x1, 0xff, 0x0, 0x1f, 0xf0, 0x1, 0xff, 0x0,
    0x1f, 0xf0, 0x1, 0xff, 0x0, 0x1f, 0xf0, 0x1,
    0xff, 0x0, 0x1f, 0xf0, 0x1, 0xff, 0x15, 0x6f,
    0xf7, 0xff, 0xff, 0x7f, 0xff, 0xf7, 0xff, 0xff,
    0x7f, 0xff, 0xf0, 0x0, 0x0,

    /* U+251C "├" */
    0x0, 0x0, 0x1f, 0x0, 0x7, 0xc0, 0x1, 0xf0,
    0x0, 0x7c, 0x0, 0x1f, 0x0, 0x7, 0xc0, 0x1,
    0xf0, 0x0, 0x7c, 0x0, 0x1f, 0x0, 0x7, 0xc0,
    0x1, 0xf0, 0x0, 0x7c, 0x0, 0x1f, 0x0, 0x7,
    0xff, 0xfd, 0xff, 0xff, 0x7c, 0x0, 0x1f, 0x0,
    0x7, 0xc0, 0x1, 0xf0, 0x0, 0x7c, 0x0, 0x1f,
    0x0, 0x7, 0xc0, 0x1, 0xf0, 0x0, 0x7c, 0x0,
    0x1f, 0x0, 0x7, 0xc0, 0x1, 0xf0, 0x0, 0x7c,
    0x0, 0xe, 0x0, 0x0,

    /* U+251D "┝" */
    0x0, 0x0, 0x1f, 0x0, 0x7, 0xc0, 0x1, 0xf0,
    0x0, 0x7c, 0x0, 0x1f, 0x0, 0x7, 0xc0, 0x1,
    0xf0, 0x0, 0x7c, 0x0, 0x1f, 0x0, 0x7, 0xc0,
    0x1, 0xf0, 0x0, 0x7c, 0x0, 0x1f, 0xff, 0xf7,
    0xff, 0xfd, 0xff, 0xff, 0x7f, 0xff, 0xdf, 0x55,
    0x47, 0xc0, 0x1, 0xf0, 0x0, 0x7c, 0x0, 0x1f,
    0x0, 0x7, 0xc0, 0x1, 0xf0, 0x0, 0x7c, 0x0,
    0x1f, 0x0, 0x7, 0xc0, 0x1, 0xf0, 0x0, 0x7c,
    0x0, 0xe, 0x0, 0x0,

    /* U+251E "┞" */
    0x15, 0x40, 0x7, 0xfc, 0x0, 0x7f, 0xc0, 0x7,
    0xfc, 0x0, 0x7f, 0xc0, 0x7, 0xfc, 0x0, 0x7f,
    0xc0, 0x7, 0xfc, 0x0, 0x7f, 0xc0, 0x7, 0xfc,
    0x0, 0x7f, 0xc0, 0x7, 0xfc, 0x0, 0x7f, 0xc0,
    0x7, 0xfd, 0x54, 0x7f, 0xff, 0xf7, 0xff, 0xfe,
    0x1f, 0x0, 0x1, 0xf0, 0x0, 0x1f, 0x0, 0x1,
    0xf0, 0x0, 0x1f, 0x0, 0x1, 0xf0, 0x0, 0x1f,
    0x0, 0x1, 0xf0, 0x0, 0x1f, 0x0, 0x1, 0xf0,
    0x0, 0x1f, 0x0, 0x1, 0xf0, 0x0, 0x1f, 0x0,
    0x0, 0x90, 0x0,

    /* U+251F "┟" */
    0x4, 0x0, 0x1, 0xf0, 0x0, 0x1f, 0x0, 0x1,
    0xf0, 0x0, 0x1f, 0x0, 0x1, 0xf0, 0x0, 0x1f,
    0x0, 0x1, 0xf0, 0x0, 0x1f, 0x0, 0x1, 0xf0,
    0x0, 0x1f, 0x0, 0x1, 0xf0, 0x0, 0x1f, 0x0,
    0x1, 0xf0, 0x0, 0x7f, 0xff, 0xf7, 0xff, 0xff,
    0x7f, 0xc0, 0x7, 0xfc, 0x0, 0x7f, 0xc0, 0x7,
    0xfc, 0x0, 0x7f, 0xc0, 0x7, 0xfc, 0x0, 0x7f,
    0xc0, 0x7, 0xfc, 0x0, 0x7f, 0xc0, 0x7, 0xfc,
    0x0, 0x7f, 0xc0, 0x7, 0xfc, 0x0, 0x7f, 0xc0,
    0x7, 0xf8, 0x0,

    /* U+2520 "┠" */
    0x0, 0x0, 0x7, 0xfc, 0x0, 0x7f, 0xc0, 0x7,
    0xfc, 0x0, 0x7f, 0xc0, 0x7, 0xfc, 0x0, 0x7f,
    0xc0, 0x7, 0xfc, 0x0, 0x7f, 0xc0, 0x7, 0xfc,
    0x0, 0x7f, 0xc0, 0x7, 0xfc, 0x0, 0x7f, 0xc0,
    0x7, 0xfc, 0x0, 0x7f, 0xff, 0xf7, 0xff, 0xff,
    0x7f, 0xc0, 0x7, 0xfc, 0x0, 0x7f, 0xc0, 0x7,
    0xfc, 0x0, 0x7f, 0xc0, 0x7, 0xfc, 0x0, 0x7f,
    0xc0, 0x7, 0xfc, 0x0, 0x7f, 0xc0, 0x7, 0xfc,
    0x0, 0x7f, 0xc0, 0x7, 0xfc, 0x0, 0x7f, 0xc0,
    0x7, 0xf8, 0x0,

    /* U+2521 "┡" */
    0x15, 0x40, 0x7, 0xfc, 0x0, 0x7f, 0xc0, 0x7,
    0xfc, 0x0, 0x7f, 0xc0, 0x7, 0xfc, 0x0, 0x7f,
    0xc0, 0x7, 0xfc, 0x0, 0x7f, 0xc0, 0x7, 0xfc,
    0x0, 0x7f, 0xc0, 0x7, 0xfc, 0x0, 0x7f, 0xd5,
    0x57, 0xff, 0xff, 0x7f, 0xff, 0xf7, 0xff, 0xff,
    0x7f, 0xff, 0xf1, 0xf0, 0x0, 0x1f, 0x0, 0x1,
    0xf0, 0x0, 0x1f, 0x0, 0x1, 0xf0, 0x0, 0x1f,
    0x0, 0x1, 0xf0, 0x0, 0x1f, 0x0, 0x1, 0xf0,
    0x0, 0x1f, 0x0, 0x1, 0xf0, 0x0, 0x1f, 0x0,
    0x0, 0x90, 0x0,

    /* U+2522 "┢" */
    0x0, 0x0, 0x1, 0xf0, 0x0, 0x1f, 0x0, 0x1,
    0xf0, 0x0, 0x1f, 0x0, 0x1, 0xf0, 0x0, 0x1f,
    0x0, 0x1, 0xf0, 0x0, 0x1f, 0x0, 0x1, 0xf0,
    0x0, 0x1f, 0x0, 0x1, 0xf0, 0x0, 0x1f, 0x0,
    0x7, 0xff, 0xff, 0x7f, 0xff, 0xf7, 0xff, 0xff,
    0x7f, 0xff, 0xf7, 0xfd, 0x54, 0x7f, 0xc0, 0x7,
    0xfc, 0x0, 0x7f, 0xc0, 0x7, 0xfc, 0x0, 0x7f,
    0xc0, 0x7, 0xfc, 0x0, 0x7f, 0xc0, 0x7, 0xfc,
    0x0, 0x7f, 0xc0, 0x7, 0xfc, 0x0, 0x7f, 0xc0,
    0x7, 0xf8, 0x0,

    /* U+2523 "┣" */
    0x0, 0x0, 0x7, 0xfc, 0x0, 0x7f, 0xc0, 0x7,
    0xfc, 0x0, 0x7f, 0xc0, 0x7, 0xfc, 0x0, 0x7f,
    0xc0, 0x7, 0xfc, 0x0, 0x7f, 0xc0, 0x7, 0xfc,
    0x0, 0x7f, 0xc0, 0x7, 0xfc, 0x0, 0x7f, 0xc0,
    0x7, 0xff, 0xff, 0x7f, 0xff, 0xf7, 0xff, 0xff,
    0x7f, 0xff, 0xf7, 0xfd, 0x54, 0x7f, 0xc0, 0x7,
    0xfc, 0x0, 0x7f, 0xc0, 0x7, 0xfc, 0x0, 0x7f,
    0xc0, 0x7, 0xfc, 0x0, 0x7f, 0xc0, 0x7, 0xfc,
    0x0, 0x7f, 0xc0, 0x7, 0xfc, 0x0, 0x7f, 0xc0,
    0x7, 0xf8, 0x0,

    /* U+2524 "┤" */
    0x0, 0x0, 0x0, 0x1, 0xf0, 0x0, 0x7c, 0x0,
    0x1f, 0x0, 0x7, 0xc0, 0x1, 0xf0, 0x0, 0x7c,
    0x0, 0x1f, 0x0, 0x7, 0xc0, 0x1, 0xf0, 0x0,
    0x7c, 0x0, 0x1f, 0x0, 0x7, 0xc0, 0x1, 0xf3,
    0xff, 0xfc, 0xff, 0xff, 0x0, 0x7, 0xc0, 0x1,
    0xf0, 0x0, 0x7c, 0x0, 0x1f, 0x0, 0x7, 0xc0,
    0x1, 0xf0, 0x0, 0x7c, 0x0, 0x1f, 0x0, 0x7,
    0xc0, 0x1, 0xf0, 0x0, 0x7c, 0x0, 0x1f, 0x0,
    0x7, 0xc0, 0x0, 0xe0,

    /* U+2525 "┥" */
    0x0, 0x0, 0x0, 0x1, 0xf0, 0x0, 0x7c, 0x0,
    0x1f, 0x0, 0x7, 0xc0, 0x1, 0xf0, 0x0, 0x7c,
    0x0, 0x1f, 0x0, 0x7, 0xc0, 0x1, 0xf0, 0x0,
    0x7c, 0x0, 0x1f, 0x0, 0x7, 0xcf, 0xff, 0xf3,
    0xff, 0xfc, 0xff, 0xff, 0x3f, 0xff, 0xc5, 0x55,
    0xf0, 0x0, 0x7c, 0x0, 0x1f, 0x0, 0x7, 0xc0,
    0x1, 0xf0, 0x0, 0x7c, 0x0, 0x1f, 0x0, 0x7,
    0xc0, 0x1, 0xf0, 0x0, 0x7c, 0x0, 0x1f, 0x0,
    0x7, 0xc0, 0x0, 0xe0,

    /* U+2526 "┦" */
    0x0, 0x5, 0x50, 0x1, 0xff, 0x0, 0x1f, 0xf0,
    0x1, 0xff, 0x0, 0x1f, 0xf0, 0x1, 0xff, 0x0,
    0x1f, 0xf0, 0x1, 0xff, 0x0, 0x1f, 0xf0, 0x1,
    0xff, 0x0, 0x1f, 0xf0, 0x1, 0xff, 0x0, 0x1f,
    0xf0, 0x2, 0xff, 0x7f, 0xff, 0xf7, 0xff, 0xff,
    0x0, 0x7, 0xc0, 0x0, 0x7c, 0x0, 0x7, 0xc0,
    0x0, 0x7c, 0x0, 0x7, 0xc0, 0x0, 0x7c, 0x0,
    0x7, 0xc0, 0x0, 0x7c, 0x0, 0x7, 0xc0, 0x0,
    0x7c, 0x0, 0x7, 0xc0, 0x0, 0x7c, 0x0, 0x7,
    0xc0, 0x0, 0x24,

    /* U+2527 "┧" */
    0x0, 0x1, 0x40, 0x0, 0x7c, 0x0, 0x7, 0xc0,
    0x0, 0x7c, 0x0, 0x7, 0xc0, 0x0, 0x7c, 0x0,
    0x7, 0xc0, 0x0, 0x7c, 0x0, 0x7, 0xc0, 0x0,
    0x7c, 0x0, 0x7, 0xc0, 0x0, 0x7c, 0x0, 0x7,
    0xc0, 0x0, 0xbc, 0x7f, 0xff, 0xf7, 0xff, 0xff,
    0x0, 0x1f, 0xf0, 0x1, 0xff, 0x0, 0x1f, 0xf0,
    0x1, 0xff, 0x0, 0x1f, 0xf0, 0x1, 0xff, 0x0,
    0x1f, 0xf0, 0x1, 0xff, 0x0, 0x1f, 0xf0, 0x1,
    0xff, 0x0, 0x1f, 0xf0, 0x1, 0xff, 0x0, 0x1f,
    0xf0, 0x1, 0xaa,

    /* U+2528 "┨" */
    0x0, 0x0, 0x0, 0x1, 0xff, 0x0, 0x1f, 0xf0,
    0x1, 0xff, 0x0, 0x1f, 0xf0, 0x1, 0xff, 0x0,
    0x1f, 0xf0, 0x1, 0xff, 0x0, 0x1f, 0xf0, 0x1,
    0xff, 0x0, 0x1f, 0xf0, 0x1, 0xff, 0x0, 0x1f,
    0xf0, 0x1, 0xff, 0x7f, 0xff, 0xf7, 0xff, 0xff,
    0x0, 0x2f, 0xf0, 0x1, 0xff, 0x0, 0x1f, 0xf0,
    0x1, 0xff, 0x0, 0x1f, 0xf0, 0x1, 0xff, 0x0,
    0x1f, 0xf0, 0x1, 0xff, 0x0, 0x1f, 0xf0, 0x1,
    0xff, 0x0, 0x1f, 0xf0, 0x1, 0xff, 0x0, 0x1f,
    0xf0, 0x1, 0xfe,

    /* U+2529 "┩" */
    0x0, 0x5, 0x50, 0x1, 0xff, 0x0, 0x1f, 0xf0,
    0x1, 0xff, 0x0, 0x1f, 0xf0, 0x1, 0xff, 0x0,
    0x1f, 0xf0, 0x1, 0xff, 0x0, 0x1f, 0xf0, 0x1,
    0xff, 0x0, 0x1f, 0xf0, 0x1, 0xff, 0x15, 0x6f,
    0xf7, 0xff, 0xff, 0x7f, 0xff, 0xf7, 0xff, 0xff,
    0x7f, 0xff, 0xf0, 0x0, 0x7c, 0x0, 0x7, 0xc0,
    0x0, 0x7c, 0x0, 0x7, 0xc0, 0x0, 0x7c, 0x0,
    0x7, 0xc0, 0x0, 0x7c, 0x0, 0x7, 0xc0, 0x0,
    0x7c, 0x0, 0x7, 0xc0, 0x0, 0x7c, 0x0, 0x7,
    0xc0, 0x0, 0x24,

    /* U+252A "┪" */
    0x0, 0x1, 0x40, 0x0, 0x7c, 0x0, 0x7, 0xc0,
    0x0, 0x7c, 0x0, 0x7, 0xc0, 0x0, 0x7c, 0x0,
    0x7, 0xc0, 0x0, 0x7c, 0x0, 0x7, 0xc0, 0x0,
    0x7c, 0x0, 0x7, 0xc0, 0x0, 0x7c, 0x15, 0x5b,
    0xd7, 0xff, 0xff, 0x7f, 0xff, 0xf7, 0xff, 0xff,
    0x7f, 0xff, 0xf0, 0x2, 0xff, 0x0, 0x1f, 0xf0,
    0x1, 0xff, 0x0, 0x1f, 0xf0, 0x1, 0xff, 0x0,
    0x1f, 0xf0, 0x1, 0xff, 0x0, 0x1f, 0xf0, 0x1,
    0xff, 0x0, 0x1f, 0xf0, 0x1, 0xff, 0x0, 0x1f,
    0xf0, 0x1, 0xaa,

    /* U+252B "┫" */
    0x0, 0x0, 0x0, 0x1, 0xff, 0x0, 0x1f, 0xf0,
    0x1, 0xff, 0x0, 0x1f, 0xf0, 0x1, 0xff, 0x0,
    0x1f, 0xf0, 0x1, 0xff, 0x0, 0x1f, 0xf0, 0x1,
    0xff, 0x0, 0x1f, 0xf0, 0x1, 0xff, 0x0, 0x2f,
    0xf7, 0xff, 0xff, 0x7f, 0xff, 0xf7, 0xff, 0xff,
    0x7f, 0xff, 0xf1, 0x56, 0xff, 0x0, 0x1f, 0xf0,
    0x1, 0xff, 0x0, 0x1f, 0xf0, 0x1, 0xff, 0x0,
    0x1f, 0xf0, 0x1, 0xff, 0x0, 0x1f, 0xf0, 0x1,
    0xff, 0x0, 0x1f, 0xf0, 0x1, 0xff, 0x0, 0x1f,
    0xf0, 0x1, 0xfe,

    /* U+252C "┬" */
    0x0, 0x0, 0x0, 0x0, 0xff, 0xff, 0xff, 0xf3,
    0xff, 0xff, 0xff, 0xc0, 0x1, 0xf0, 0x0, 0x0,
    0x7, 0xc0, 0x0, 0x0, 0x1f, 0x0, 0x0, 0x0,
    0x7c, 0x0, 0x0, 0x1, 0xf0, 0x0, 0x0, 0x7,
    0xc0, 0x0, 0x0, 0x1f, 0x0, 0x0, 0x0, 0x7c,
    0x0, 0x0, 0x1, 0xf0, 0x0, 0x0, 0x7, 0xc0,
    0x0, 0x0, 0x1f, 0x0, 0x0, 0x0, 0x7c, 0x0,
    0x0, 0x1, 0xf0, 0x0, 0x0, 0x2, 0x80, 0x0,

    /* U+252D "┭" */
    0x15, 0x55, 0x40, 0x0, 0xff, 0xff, 0x55, 0x43,
    0xff, 0xff, 0xff, 0xcf, 0xff, 0xff, 0xff, 0x3f,
    0xff, 0xc0, 0x0, 0x0, 0x1f, 0x0, 0x0, 0x0,
    0x7c, 0x0, 0x0, 0x1, 0xf0, 0x0, 0x0, 0x7,
    0xc0, 0x0, 0x0, 0x1f, 0x0, 0x0, 0x0, 0x7c,
    0x0, 0x0, 0x1, 0xf0, 0x0, 0x0, 0x7, 0xc0,
    0x0, 0x0, 0x1f, 0x0, 0x0, 0x0, 0x7c, 0x0,
    0x0, 0x1, 0xf0, 0x0, 0x0, 0x7, 0xc0, 0x0,
    0x0, 0xa, 0x0, 0x0,

    /* U+252E "┮" */
    0x0, 0x1, 0x55, 0x54, 0x55, 0x5f, 0xff, 0xf3,
    0xff, 0xff, 0xff, 0xcf, 0xff, 0xff, 0xff, 0x0,
    0x7, 0xff, 0xfc, 0x0, 0x1f, 0x0, 0x0, 0x0,
    0x7c, 0x0, 0x0, 0x1, 0xf0, 0x0, 0x0, 0x7,
    0xc0, 0x0, 0x0, 0x1f, 0x0, 0x0, 0x0, 0x7c,
    0x0, 0x0, 0x1, 0xf0, 0x0, 0x0, 0x7, 0xc0,
    0x0, 0x0, 0x1f, 0x0, 0x0, 0x0, 0x7c, 0x0,
    0x0, 0x1, 0xf0, 0x0, 0x0, 0x7, 0xc0, 0x0,
    0x0, 0xa, 0x0, 0x0,

    /* U+252F "┯" */
    0x15, 0x55, 0x55, 0x54, 0xff, 0xff, 0xff, 0xf3,
    0xff, 0xff, 0xff, 0xcf, 0xff, 0xff, 0xff, 0x3f,
    0xff, 0xff, 0xfc, 0x0, 0x1f, 0x0, 0x0, 0x0,
    0x7c, 0x0, 0x0, 0x1, 0xf0, 0x0, 0x0, 0x7,
    0xc0, 0x0, 0x0, 0x1f, 0x0, 0x0, 0x0, 0x7c,
    0x0, 0x0, 0x1, 0xf0, 0x0, 0x0, 0x7, 0xc0,
    0x0, 0x0, 0x1f, 0x0, 0x0, 0x0, 0x7c, 0x0,
    0x0, 0x1, 0xf0, 0x0, 0x0, 0x7, 0xc0, 0x0,
    0x0, 0xa, 0x0, 0x0,

    /* U+2530 "┰" */
    0x0, 0x0, 0x0, 0x0, 0xff, 0xff, 0xff, 0xf3,
    0xff, 0xff, 0xff, 0xc0, 0x7, 0xfc, 0x0, 0x0,
    0x1f, 0xf0, 0x0, 0x0, 0x7f, 0xc0, 0x0, 0x1,
    0xff, 0x0, 0x0, 0x7, 0xfc, 0x0, 0x0, 0x1f,
    0xf0, 0x0, 0x0, 0x7f, 0xc0, 0x0, 0x1, 0xff,
    0x0, 0x0, 0x7, 0xfc, 0x0, 0x0, 0x1f, 0xf0,
    0x0, 0x0, 0x7f, 0xc0, 0x0, 0x1, 0xff, 0x0,
    0x0, 0x7, 0xfc, 0x0, 0x0, 0xa, 0xa0, 0x0,

    /* U+2531 "┱" */
    0x15, 0x55, 0x50, 0x1, 0xff, 0xff, 0xd5, 0x47,
    0xff, 0xff, 0xff, 0xdf, 0xff, 0xff, 0xfe, 0x7f,
    0xff, 0xf0, 0x0, 0x0, 0xbf, 0xc0, 0x0, 0x1,
    0xff, 0x0, 0x0, 0x7, 0xfc, 0x0, 0x0, 0x1f,
    0xf0, 0x0, 0x0, 0x7f, 0xc0, 0x0, 0x1, 0xff,
    0x0, 0x0, 0x7, 0xfc, 0x0, 0x0, 0x1f, 0xf0,
    0x0, 0x0, 0x7f, 0xc0, 0x0, 0x1, 0xff, 0x0,
    0x0, 0x7, 0xfc, 0x0, 0x0, 0x1f, 0xf0, 0x0,
    0x0, 0x6a, 0x80, 0x0,

    /* U+2532 "┲" */
    0x0, 0x5, 0x55, 0x54, 0x55, 0xbf, 0xff, 0xf7,
    0xff, 0xff, 0xff, 0xdf, 0xff, 0xff, 0xff, 0x0,
    0x1f, 0xff, 0xfc, 0x0, 0x7f, 0xc0, 0x0, 0x1,
    0xff, 0x0, 0x0, 0x7, 0xfc, 0x0, 0x0, 0x1f,
    0xf0, 0x0, 0x0, 0x7f, 0xc0, 0x0, 0x1, 0xff,
    0x0, 0x0, 0x7, 0xfc, 0x0, 0x0, 0x1f, 0xf0,
    0x0, 0x0, 0x7f, 0xc0, 0x0, 0x1, 0xff, 0x0,
    0x0, 0x7, 0xfc, 0x0, 0x0, 0x1f, 0xf0, 0x0,
    0x0, 0x6a, 0x80, 0x0,

    /* U+2533 "┳" */
    0x15, 0x55, 0x55, 0x54, 0xff, 0xff, 0xff, 0xf3,
    0xff, 0xff, 0xff, 0xcf, 0xff, 0xff, 0xff, 0x3f,
    0xff, 0xff, 0xfc, 0x0, 0x7f, 0xc0, 0x0, 0x1,
    0xff, 0x0, 0x0, 0x7, 0xfc, 0x0, 0x0, 0x1f,
    0xf0, 0x0, 0x0, 0x7f, 0xc0, 0x0, 0x1, 0xff,
    0x0, 0x0, 0x7, 0xfc, 0x0, 0x0, 0x1f, 0xf0,
    0x0, 0x0, 0x7f, 0xc0, 0x0, 0x1, 0xff, 0x0,
    0x0, 0x7, 0xfc, 0x0, 0x0, 0x1f, 0xf0, 0x0,
    0x0, 0x2a, 0x80, 0x0,

    /* U+2534 "┴" */
    0x0, 0x1, 0x40, 0x0, 0x0, 0x1f, 0x0, 0x0,
    0x0, 0x7c, 0x0, 0x0, 0x1, 0xf0, 0x0, 0x0,
    0x7, 0xc0, 0x0, 0x0, 0x1f, 0x0, 0x0, 0x0,
    0x7c, 0x0, 0x0, 0x1, 0xf0, 0x0, 0x0, 0x7,
    0xc0, 0x0, 0x0, 0x1f, 0x0, 0x0, 0x0, 0x7c,
    0x0, 0x0, 0x1, 0xf0, 0x0, 0x0, 0x7, 0xc0,
    0x0, 0x0, 0x1f, 0x0, 0x3, 0xff, 0xff, 0xff,
    0xcf, 0xff, 0xff, 0xff,

    /* U+2535 "┵" */
    0x0, 0x1, 0x40, 0x0, 0x0, 0x1f, 0x0, 0x0,
    0x0, 0x7c, 0x0, 0x0, 0x1, 0xf0, 0x0, 0x0,
    0x7, 0xc0, 0x0, 0x0, 0x1f, 0x0, 0x0, 0x0,
    0x7c, 0x0, 0x0, 0x1, 0xf0, 0x0, 0x0, 0x7,
    0xc0, 0x0, 0x0, 0x1f, 0x0, 0x0, 0x0, 0x7c,
    0x0, 0x0, 0x1, 0xf0, 0x0, 0x15, 0x5b, 0xc0,
    0x0, 0xff, 0xff, 0x55, 0x43, 0xff, 0xff, 0xff,
    0xcf, 0xff, 0xff, 0xff, 0x3f, 0xff, 0xc0, 0x0,
    0x0, 0x0, 0x0, 0x0,

    /* U+2536 "┶" */
    0x0, 0x1, 0x40, 0x0, 0x0, 0x1f, 0x0, 0x0,
    0x0, 0x7c, 0x0, 0x0, 0x1, 0xf0, 0x0, 0x0,
    0x7, 0xc0, 0x0, 0x0, 0x1f, 0x0, 0x0, 0x0,
    0x7c, 0x0, 0x0, 0x1, 0xf0, 0x0, 0x0, 0x7,
    0xc0, 0x0, 0x0, 0x1f, 0x0, 0x0, 0x0, 0x7c,
    0x0, 0x0, 0x1, 0xf0, 0x0, 0x0, 0x7, 0xd5,
    0x54, 0x55, 0x5f, 0xff, 0xf3, 0xff, 0xff, 0xff,
    0xcf, 0xff, 0xff, 0xff, 0x0, 0x7, 0xff, 0xfc,
    0x0, 0x0, 0x0, 0x0,

    /* U+2537 "┷" */
    0x0, 0x1, 0x40, 0x0, 0x0, 0x1f, 0x0, 0x0,
    0x0, 0x7c, 0x0, 0x0, 0x1, 0xf0, 0x0, 0x0,
    0x7, 0xc0, 0x0, 0x0, 0x1f, 0x0, 0x0, 0x0,
    0x7c, 0x0, 0x0, 0x1, 0xf0, 0x0, 0x0, 0x7,
    0xc0, 0x0, 0x0, 0x1f, 0x0, 0x0, 0x0, 0x7c,
    0x0, 0x0, 0x1, 0xf0, 0x0, 0x15, 0x5b, 0xd5,
    0x54, 0xff, 0xff, 0xff, 0xf3, 0xff, 0xff, 0xff,
    0xcf, 0xff, 0xff, 0xff, 0x3f, 0xff, 0xff, 0xfc,
    0x0, 0x0, 0x0, 0x0,

    /* U+2538 "┸" */
    0x0, 0x5, 0x50, 0x0, 0x0, 0x7f, 0xc0, 0x0,
    0x1, 0xff, 0x0, 0x0, 0x7, 0xfc, 0x0, 0x0,
    0x1f, 0xf0, 0x0, 0x0, 0x7f, 0xc0, 0x0, 0x1,
    0xff, 0x0, 0x0, 0x7, 0xfc, 0x0, 0x0, 0x1f,
    0xf0, 0x0, 0x0, 0x7f, 0xc0, 0x0, 0x1, 0xff,
    0x0, 0x0, 0x7, 0xfc, 0x0, 0x0, 0x1f, 0xf0,
    0x0, 0x0, 0xbf, 0xc0, 0x3, 0xff, 0xff, 0xff,
    0xcf, 0xff, 0xff, 0xff,

    /* U+2539 "┹" */
    0x0, 0x5, 0x50, 0x0, 0x0, 0x7f, 0xc0, 0x0,
    0x1, 0xff, 0x0, 0x0, 0x7, 0xfc, 0x0, 0x0,
    0x1f, 0xf0, 0x0, 0x0, 0x7f, 0xc0, 0x0, 0x1,
    0xff, 0x0, 0x0, 0x7, 0xfc, 0x0, 0x0, 0x1f,
    0xf0, 0x0, 0x0, 0x7f, 0xc0, 0x0, 0x1, 0xff,
    0x0, 0x0, 0x7, 0xfc, 0x0, 0x15, 0x6f, 0xf0,
    0x1, 0xff, 0xff, 0xd5, 0x47, 0xff, 0xff, 0xff,
    0xdf, 0xff, 0xff, 0xfe, 0x7f, 0xff, 0xf0, 0x0,
    0x0, 0x0, 0x0, 0x0,

    /* U+253A "┺" */
    0x0, 0x5, 0x50, 0x0, 0x0, 0x7f, 0xc0, 0x0,
    0x1, 0xff, 0x0, 0x0, 0x7, 0xfc, 0x0, 0x0,
    0x1f, 0xf0, 0x0, 0x0, 0x7f, 0xc0, 0x0, 0x1,
    0xff, 0x0, 0x0, 0x7, 0xfc, 0x0, 0x0, 0x1f,
    0xf0, 0x0, 0x0, 0x7f, 0xc0, 0x0, 0x1, 0xff,
    0x0, 0x0, 0x7, 0xfc, 0x0, 0x0, 0x1f, 0xf5,
    0x54, 0x55, 0xbf, 0xff, 0xf3, 0xff, 0xff, 0xff,
    0xcf, 0xff, 0xff, 0xff, 0x0, 0x1f, 0xff, 0xfc,
    0x0, 0x0, 0x0, 0x0,

    /* U+253B "┻" */
    0x0, 0x5, 0x50, 0x0, 0x0, 0x7f, 0xc0, 0x0,
    0x1, 0xff, 0x0, 0x0, 0x7, 0xfc, 0x0, 0x0,
    0x1f, 0xf0, 0x0, 0x0, 0x7f, 0xc0, 0x0, 0x1,
    0xff, 0x0, 0x0, 0x7, 0xfc, 0x0, 0x0, 0x1f,
    0xf0, 0x0, 0x0, 0x7f, 0xc0, 0x0, 0x1, 0xff,
    0x0, 0x0, 0x7, 0xfc, 0x0, 0x15, 0x6f, 0xf5,
    0x54, 0xff, 0xff, 0xff, 0xf3, 0xff, 0xff, 0xff,
    0xcf, 0xff, 0xff, 0xff, 0x3f, 0xff, 0xff, 0xfc,
    0x0, 0x0, 0x0, 0x0,

    /* U+253C "┼" */
    0x0, 0x0, 0x0, 0x0, 0x0, 0x1f, 0x0, 0x0,
    0x0, 0x7c, 0x0, 0x0, 0x1, 0xf0, 0x0, 0x0,
    0x7, 0xc0, 0x0, 0x0, 0x1f, 0x0, 0x0, 0x0,
    0x7c, 0x0, 0x0, 0x1, 0xf0, 0x0, 0x0, 0x7,
    0xc0, 0x0, 0x0, 0x1f, 0x0, 0x0, 0x0, 0x7c,
    0x0, 0x0, 0x1, 0xf0, 0x0, 0x0, 0x7, 0xc0,
    0x0, 0x0, 0x1f, 0x0, 0x3, 0xff, 0xff, 0xff,
    0xcf, 0xff, 0xff, 0xff, 0x0, 0x7, 0xc0, 0x0,
    0x0, 0x1f, 0x0, 0x0, 0x0, 0x7c, 0x0, 0x0,
    0x1, 0xf0, 0x0, 0x0, 0x7, 0xc0, 0x0, 0x0,
    0x1f, 0x0, 0x0, 0x0, 0x7c, 0x0, 0x0, 0x1,
    0xf0, 0x0, 0x0, 0x7, 0xc0, 0x0, 0x0, 0x1f,
    0x0, 0x0, 0x0, 0x7c, 0x0, 0x0, 0x1, 0xf0,
    0x0, 0x0, 0x7, 0xc0, 0x0, 0x0, 0xe, 0x0,
    0x0,

    /* U+253D "┽" */
    0x0, 0x0, 0x0, 0x0, 0x0, 0x1f, 0x0, 0x0,
    0x0, 0x7c, 0x0, 0x0, 0x1, 0xf0, 0x0, 0x0,
    0x7, 0xc0, 0x0, 0x0, 0x1f, 0x0, 0x0, 0x0,
    0x7c, 0x0, 0x0, 0x1, 0xf0, 0x0, 0x0, 0x7,
    0xc0, 0x0, 0x0, 0x1f, 0x0, 0x0, 0x0, 0x7c,
    0x0, 0x0, 0x1, 0xf0, 0x0, 0x0, 0x7, 0xc0,
    0x0, 0xff, 0xff, 0x0, 0x3, 0xff, 0xff, 0xff,
    0xcf, 0xff, 0xff, 0xff, 0x3f, 0xff, 0xc0, 0x0,
    0x55, 0x5f, 0x0, 0x0, 0x0, 0x7c, 0x0, 0x0,
    0x1, 0xf0, 0x0, 0x0, 0x7, 0xc0, 0x0, 0x0,
    0x1f, 0x0, 0x0, 0x0, 0x7c, 0x0, 0x0, 0x1,
    0xf0, 0x0, 0x0, 0x7, 0xc0, 0x0, 0x0, 0x1f,
    0x0, 0x0, 0x0, 0x7c, 0x0, 0x0, 0x1, 0xf0,
    0x0, 0x0, 0x7, 0xc0, 0x0, 0x0, 0xe, 0x0,
    0x0,

    /* U+253E "┾" */
    0x0, 0x0, 0x0, 0x0, 0x0, 0x1f, 0x0, 0x0,
    0x0, 0x7c, 0x0, 0x0, 0x1, 0xf0, 0x0, 0x0,
    0x7, 0xc0, 0x0, 0x0, 0x1f, 0x0, 0x0, 0x0,
    0x7c, 0x0, 0x0, 0x1, 0xf0, 0x0, 0x0, 0x7,
    0xc0, 0x0, 0x0, 0x1f, 0x0, 0x0, 0x0, 0x7c,
    0x0, 0x0, 0x1, 0xf0, 0x0, 0x0, 0x7, 0xc0,
    0x0, 0x0, 0x1f, 0xff, 0xf3, 0xff, 0xff, 0xff,
    0xcf, 0xff, 0xff, 0xff, 0x0, 0x7, 0xff, 0xfc,
    0x0, 0x1f, 0x55, 0x40, 0x0, 0x7c, 0x0, 0x0,
    0x1, 0xf0, 0x0, 0x0, 0x7, 0xc0, 0x0, 0x0,
    0x1f, 0x0, 0x0, 0x0, 0x7c, 0x0, 0x0, 0x1,
    0xf0, 0x0, 0x0, 0x7, 0xc0, 0x0, 0x0, 0x1f,
    0x0, 0x0, 0x0, 0x7c, 0x0, 0x0, 0x1, 0xf0,
    0x0, 0x0, 0x7, 0xc0, 0x0, 0x0, 0xe, 0x0,
    0x0,

    /* U+253F "┿" */
    0x0, 0x0, 0x0, 0x0, 0x0, 0x1f, 0x0, 0x0,
    0x0, 0x7c, 0x0, 0x0, 0x1, 0xf0, 0x0, 0x0,
    0x7, 0xc0, 0x0, 0x0, 0x1f, 0x0, 0x0, 0x0,
    0x7c, 0x0, 0x0, 0x1, 0xf0, 0x0, 0x0, 0x7,
    0xc0, 0x0, 0x0, 0x1f, 0x0, 0x0, 0x0, 0x7c,
    0x0, 0x0, 0x1, 0xf0, 0x0, 0x0, 0x7, 0xc0,
    0x0, 0xff, 0xff, 0xff, 0xf3, 0xff, 0xff, 0xff,
    0xcf, 0xff, 0xff, 0xff, 0x3f, 0xff, 0xff, 0xfc,
    0x55, 0x5f, 0x55, 0x40, 0x0, 0x7c, 0x0, 0x0,
    0x1, 0xf0, 0x0, 0x0, 0x7, 0xc0, 0x0, 0x0,
    0x1f, 0x0, 0x0, 0x0, 0x7c, 0x0, 0x0, 0x1,
    0xf0, 0x0, 0x0, 0x7, 0xc0, 0x0, 0x0, 0x1f,
    0x0, 0x0, 0x0, 0x7c, 0x0, 0x0, 0x1, 0xf0,
    0x0, 0x0, 0x7, 0xc0, 0x0, 0x0, 0xe, 0x0,
    0x0,

    /* U+2540 "╀" */
    0x0, 0x5, 0x50, 0x0, 0x0, 0x7f, 0xc0, 0x0,
    0x1, 0xff, 0x0, 0x0, 0x7, 0xfc, 0x0, 0x0,
    0x1f, 0xf0, 0x0, 0x0, 0x7f, 0xc0, 0x0, 0x1,
    0xff, 0x0, 0x0, 0x7, 0xfc, 0x0, 0x0, 0x1f,
    0xf0, 0x0, 0x0, 0x7f, 0xc0, 0x0, 0x1, 0xff,
    0x0, 0x0, 0x7, 0xfc, 0x0, 0x0, 0x1f, 0xf0,
    0x0, 0x0, 0xbf, 0xc0, 0x3, 0xff, 0xff, 0xff,
    0xcf, 0xff, 0xff, 0xff, 0x0, 0x7, 0xc0, 0x0,
    0x0, 0x1f, 0x0, 0x0, 0x0, 0x7c, 0x0, 0x0,
    0x1, 0xf0, 0x0, 0x0, 0x7, 0xc0, 0x0, 0x0,
    0x1f, 0x0, 0x0, 0x0, 0x7c, 0x0, 0x0, 0x1,
    0xf0, 0x0, 0x0, 0x7, 0xc0, 0x0, 0x0, 0x1f,
    0x0, 0x0, 0x0, 0x7c, 0x0, 0x0, 0x1, 0xf0,
    0x0, 0x0, 0x7, 0xc0, 0x0, 0x0, 0xa, 0x0,
    0x0,

    /* U+2541 "╁" */
    0x0, 0x1, 0x40, 0x0, 0x0, 0x1f, 0x0, 0x0,
    0x0, 0x7c, 0x0, 0x0, 0x1, 0xf0, 0x0, 0x0,
    0x7, 0xc0, 0x0, 0x0, 0x1f, 0x0, 0x0, 0x0,
    0x7c, 0x0, 0x0, 0x1, 0xf0, 0x0, 0x0, 0x7,
    0xc0, 0x0, 0x0, 0x1f, 0x0, 0x0, 0x0, 0x7c,
    0x0, 0x0, 0x1, 0xf0, 0x0, 0x0, 0x7, 0xc0,
    0x0, 0x0, 0x1f, 0x0, 0x3, 0xff, 0xff, 0xff,
    0xcf, 0xff, 0xff, 0xff, 0x0, 0x1f, 0xf0, 0x0,
    0x0, 0x7f, 0xc0, 0x0, 0x1, 0xff, 0x0, 0x0,
    0x7, 0xfc, 0x0, 0x0, 0x1f, 0xf0, 0x0, 0x0,
    0x7f, 0xc0, 0x0, 0x1, 0xff, 0x0, 0x0, 0x7,
    0xfc, 0x0, 0x0, 0x1f, 0xf0, 0x0, 0x0, 0x7f,
    0xc0, 0x0, 0x1, 0xff, 0x0, 0x0, 0x7, 0xfc,
    0x0, 0x0, 0x1f, 0xf0, 0x0, 0x0, 0x2a, 0x80,
    0x0,

    /* U+2542 "╂" */
    0x0, 0x0, 0x0, 0x0, 0x0, 0x7f, 0xc0, 0x0,
    0x1, 0xff, 0x0, 0x0, 0x7, 0xfc, 0x0, 0x0,
    0x1f, 0xf0, 0x0, 0x0, 0x7f, 0xc0, 0x0, 0x1,
    0xff, 0x0, 0x0, 0x7, 0xfc, 0x0, 0x0, 0x1f,
    0xf0, 0x0, 0x0, 0x7f, 0xc0, 0x0, 0x1, 0xff,
    0x0, 0x0, 0x7, 0xfc, 0x0, 0x0, 0x1f, 0xf0,
    0x0, 0x0, 0x7f, 0xc0, 0x3, 0xff, 0xff, 0xff,
    0xcf, 0xff, 0xff, 0xff, 0x0, 0x1f, 0xf0, 0x0,
    0x0, 0x7f, 0xc0, 0x0, 0x1, 0xff, 0x0, 0x0,
    0x7, 0xfc, 0x0, 0x0, 0x1f, 0xf0, 0x0, 0x0,
    0x7f, 0xc0, 0x0, 0x1, 0xff, 0x0, 0x0, 0x7,
    0xfc, 0x0, 0x0, 0x1f, 0xf0, 0x0, 0x0, 0x7f,
    0xc0, 0x0, 0x1, 0xff, 0x0, 0x0, 0x7, 0xfc,
    0x0, 0x0, 0x1f, 0xf0, 0x0, 0x0, 0x7f, 0xc0,
    0x0,

    /* U+2543 "╃" */
    0x0, 0x5, 0x50, 0x0, 0x0, 0x7f, 0xc0, 0x0,
    0x1, 0xff, 0x0, 0x0, 0x7, 0xfc, 0x0, 0x0,
    0x1f, 0xf0, 0x0, 0x0, 0x7f, 0xc0, 0x0, 0x1,
    0xff, 0x0, 0x0, 0x7, 0xfc, 0x0, 0x0, 0x1f,
    0xf0, 0x0, 0x0, 0x7f, 0xc0, 0x0, 0x1, 0xff,
    0x0, 0x0, 0x7, 0xfc, 0x0, 0x15, 0x6f, 0xf0,
    0x1, 0xff, 0xff, 0xd5, 0x47, 0xff, 0xff, 0xff,
    0xdf, 0xff, 0xff, 0xfe, 0x7f, 0xff, 0xf0, 0x0,
    0x0, 0x1f, 0x0, 0x0, 0x0, 0x7c, 0x0, 0x0,
    0x1, 0xf0, 0x0, 0x0, 0x7, 0xc0, 0x0, 0x0,
    0x1f, 0x0, 0x0, 0x0, 0x7c, 0x0, 0x0, 0x1,
    0xf0, 0x0, 0x0, 0x7, 0xc0, 0x0, 0x0, 0x1f,
    0x0, 0x0, 0x0, 0x7c, 0x0, 0x0, 0x1, 0xf0,
    0x0, 0x0, 0x7, 0xc0, 0x0, 0x0, 0x9, 0x0,
    0x0,

    /* U+2544 "╄" */
    0x0, 0x5, 0x50, 0x0, 0x0, 0x7f, 0xc0, 0x0,
    0x1, 0xff, 0x0, 0x0, 0x7, 0xfc, 0x0, 0x0,
    0x1f, 0xf0, 0x0, 0x0, 0x7f, 0xc0, 0x0, 0x1,
    0xff, 0x0, 0x0, 0x7, 0xfc, 0x0, 0x0, 0x1f,
    0xf0, 0x0, 0x0, 0x7f, 0xc0, 0x0, 0x1, 0xff,
    0x0, 0x0, 0x7, 0xfc, 0x0, 0x0, 0x1f, 0xf5,
    0x54, 0x55, 0xbf, 0xff, 0xf3, 0xff, 0xff, 0xff,
    0xcf, 0xff, 0xff, 0xff, 0x0, 0x1f, 0xff, 0xfc,
    0x0, 0x1f, 0x0, 0x0, 0x0, 0x7c, 0x0, 0x0,
    0x1, 0xf0, 0x0, 0x0, 0x7, 0xc0, 0x0, 0x0,
    0x1f, 0x0, 0x0, 0x0, 0x7c, 0x0, 0x0, 0x1,
    0xf0, 0x0, 0x0, 0x7, 0xc0, 0x0, 0x0, 0x1f,
    0x0, 0x0, 0x0, 0x7c, 0x0, 0x0, 0x1, 0xf0,
    0x0, 0x0, 0x7, 0xc0, 0x0, 0x0, 0xa, 0x0,
    0x0,

    /* U+2545 "╅" */
    0x0, 0x1, 0x40, 0x0, 0x0, 0x1f, 0x0, 0x0,
    0x0, 0x7c, 0x0, 0x0, 0x1, 0xf0, 0x0, 0x0,
    0x7, 0xc0, 0x0, 0x0, 0x1f, 0x0, 0x0, 0x0,
    0x7c, 0x0, 0x0, 0x1, 0xf0, 0x0, 0x0, 0x7,
    0xc0, 0x0, 0x0, 0x1f, 0x0, 0x0, 0x0, 0x7c,
    0x0, 0x0, 0x1, 0xf0, 0x0, 0x15, 0x5b, 0xd0,
    0x1, 0xff, 0xff, 0xd5, 0x47, 0xff, 0xff, 0xff,
    0xdf, 0xff, 0xff, 0xfe, 0x7f, 0xff, 0xf0, 0x0,
    0x0, 0xbf, 0xc0, 0x0, 0x1, 0xff, 0x0, 0x0,
    0x7, 0xfc, 0x0, 0x0, 0x1f, 0xf0, 0x0, 0x0,
    0x7f, 0xc0, 0x0, 0x1, 0xff, 0x0, 0x0, 0x7,
    0xfc, 0x0, 0x0, 0x1f, 0xf0, 0x0, 0x0, 0x7f,
    0xc0, 0x0, 0x1, 0xff, 0x0, 0x0, 0x7, 0xfc,
    0x0, 0x0, 0x1f, 0xf0, 0x0, 0x0, 0x6a, 0x80,
    0x0,

    /* U+2546 "╆" */
    0x0, 0x0, 0x0, 0x0, 0x0, 0x1f, 0x0, 0x0,
    0x0, 0x7c, 0x0, 0x0, 0x1, 0xf0, 0x0, 0x0,
    0x7, 0xc0, 0x0, 0x0, 0x1f, 0x0, 0x0, 0x0,
    0x7c, 0x0, 0x0, 0x1, 0xf0, 0x0, 0x0, 0x7,
    0xc0, 0x0, 0x0, 0x1f, 0x0, 0x0, 0x0, 0x7c,
    0x0, 0x0, 0x1, 0xf0, 0x0, 0x0, 0x7, 0xc0,
    0x0, 0x0, 0x7f, 0xff, 0xf7, 0xff, 0xff, 0xff,
    0xdf, 0xff, 0xff, 0xff, 0x0, 0x2f, 0xff, 0xfc,
    0x0, 0x7f, 0xd5, 0x40, 0x1, 0xff, 0x0, 0x0,
    0x7, 0xfc, 0x0, 0x0, 0x1f, 0xf0, 0x0, 0x0,
    0x7f, 0xc0, 0x0, 0x1, 0xff, 0x0, 0x0, 0x7,
    0xfc, 0x0, 0x0, 0x1f, 0xf0, 0x0, 0x0, 0x7f,
    0xc0, 0x0, 0x1, 0xff, 0x0, 0x0, 0x7, 0xfc,
    0x0, 0x0, 0x1f, 0xf0, 0x0, 0x0, 0x7f, 0x80,
    0x0,

    /* U+2547 "╇" */
    0x0, 0x5, 0x50, 0x0, 0x0, 0x7f, 0xc0, 0x0,
    0x1, 0xff, 0x0, 0x0, 0x7, 0xfc, 0x0, 0x0,
    0x1f, 0xf0, 0x0, 0x0, 0x7f, 0xc0, 0x0, 0x1,
    0xff, 0x0, 0x0, 0x7, 0xfc, 0x0, 0x0, 0x1f,
    0xf0, 0x0, 0x0, 0x7f, 0xc0, 0x0, 0x1, 0xff,
    0x0, 0x0, 0x7, 0xfc, 0x0, 0x15, 0x6f, 0xf5,
    0x54, 0xff, 0xff, 0xff, 0xf3, 0xff, 0xff, 0xff,
    0xcf, 0xff, 0xff, 0xff, 0x3f, 0xff, 0xff, 0xfc,
    0x0, 0x1f, 0x0, 0x0, 0x0, 0x7c, 0x0, 0x0,
    0x1, 0xf0, 0x0, 0x0, 0x7, 0xc0, 0x0, 0x0,
    0x1f, 0x0, 0x0, 0x0, 0x7c, 0x0, 0x0, 0x1,
    0xf0, 0x0, 0x0, 0x7, 0xc0, 0x0, 0x0, 0x1f,
    0x0, 0x0, 0x0, 0x7c, 0x0, 0x0, 0x1, 0xf0,
    0x0, 0x0, 0x7, 0xc0, 0x0, 0x0, 0xa, 0x0,
    0x0,

    /* U+2548 "╈" */
    0x0, 0x1, 0x40, 0x0, 0x0, 0x1f, 0x0, 0x0,
    0x0, 0x7c, 0x0, 0x0, 0x1, 0xf0, 0x0, 0x0,
    0x7, 0xc0, 0x0, 0x0, 0x1f, 0x0, 0x0, 0x0,
    0x7c, 0x0, 0x0, 0x1, 0xf0, 0x0, 0x0, 0x7,
    0xc0, 0x0, 0x0, 0x1f, 0x0, 0x0, 0x0, 0x7c,
    0x0, 0x0, 0x1, 0xf0, 0x0, 0x15, 0x5b, 0xd5,
    0x54, 0xff, 0xff, 0xff, 0xf3, 0xff, 0xff, 0xff,
    0xcf, 0xff, 0xff, 0xff, 0x3f, 0xff, 0xff, 0xfc,
    0x0, 0x7f, 0xc0, 0x0, 0x1, 0xff, 0x0, 0x0,
    0x7, 0xfc, 0x0, 0x0, 0x1f, 0xf0, 0x0, 0x0,
    0x7f, 0xc0, 0x0, 0x1, 0xff, 0x0, 0x0, 0x7,
    0xfc, 0x0, 0x0, 0x1f, 0xf0, 0x0, 0x0, 0x7f,
    0xc0, 0x0, 0x1, 0xff, 0x0, 0x0, 0x7, 0xfc,
    0x0, 0x0, 0x1f, 0xf0, 0x0, 0x0, 0x2a, 0x80,
    0x0,

    /* U+2549 "╉" */
    0x0, 0x0, 0x0, 0x0, 0x0, 0x7f, 0xc0, 0x0,
    0x1, 0xff, 0x0, 0x0, 0x7, 0xfc, 0x0, 0x0,
    0x1f, 0xf0, 0x0, 0x0, 0x7f, 0xc0, 0x0, 0x1,
    0xff, 0x0, 0x0, 0x7, 0xfc, 0x0, 0x0, 0x1f,
    0xf0, 0x0, 0x0, 0x7f, 0xc0, 0x0, 0x1, 0xff,
    0x0, 0x0, 0x7, 0xfc, 0x0, 0x0, 0x2f, 0xf0,
    0x1, 0xff, 0xff, 0xc0, 0x7, 0xff, 0xff, 0xff,
    0xdf, 0xff, 0xff, 0xff, 0x7f, 0xff, 0xf0, 0x0,
    0x55, 0xbf, 0xc0, 0x0, 0x1, 0xff, 0x0, 0x0,
    0x7, 0xfc, 0x0, 0x0, 0x1f, 0xf0, 0x0, 0x0,
    0x7f, 0xc0, 0x0, 0x1, 0xff, 0x0, 0x0, 0x7,
    0xfc, 0x0, 0x0, 0x1f, 0xf0, 0x0, 0x0, 0x7f,
    0xc0, 0x0, 0x1, 0xff, 0x0, 0x0, 0x7, 0xfc,
    0x0, 0x0, 0x1f, 0xf0, 0x0, 0x0, 0x7f, 0x80,
    0x0,

    /* U+254A "╊" */
    0x0, 0x0, 0x0, 0x0, 0x0, 0x7f, 0xc0, 0x0,
    0x1, 0xff, 0x0, 0x0, 0x7, 0xfc, 0x0, 0x0,
    0x1f, 0xf0, 0x0, 0x0, 0x7f, 0xc0, 0x0, 0x1,
    0xff, 0x0, 0x0, 0x7, 0xfc, 0x0, 0x0, 0x1f,
    0xf0, 0x0, 0x0, 0x7f, 0xc0, 0x0, 0x1, 0xff,
    0x0, 0x0, 0x7, 0xfc, 0x0, 0x0, 0x1f, 0xf0,
    0x0, 0x0, 0x7f, 0xff, 0xf7, 0xff, 0xff, 0xff,
    0xdf, 0xff, 0xff, 0xff, 0x0, 0x2f, 0xff, 0xfc,
    0x0, 0x7f, 0xd5, 0x40, 0x1, 0xff, 0x0, 0x0,
    0x7, 0xfc, 0x0, 0x0, 0x1f, 0xf0, 0x0, 0x0,
    0x7f, 0xc0, 0x0, 0x1, 0xff, 0x0, 0x0, 0x7,
    0xfc, 0x0, 0x0, 0x1f, 0xf0, 0x0, 0x0, 0x7f,
    0xc0, 0x0, 0x1, 0xff, 0x0, 0x0, 0x7, 0xfc,
    0x0, 0x0, 0x1f, 0xf0, 0x0, 0x0, 0x7f, 0x80,
    0x0,

    /* U+254B "╋" */
    0x0, 0x0, 0x0, 0x0, 0x0, 0x7f, 0xc0, 0x0,
    0x1, 0xff, 0x0, 0x0, 0x7, 0xfc, 0x0, 0x0,
    0x1f, 0xf0, 0x0, 0x0, 0x7f, 0xc0, 0x0, 0x1,
    0xff, 0x0, 0x0, 0x7, 0xfc, 0x0, 0x0, 0x1f,
    0xf0, 0x0, 0x0, 0x7f, 0xc0, 0x0, 0x1, 0xff,
    0x0, 0x0, 0x7, 0xfc, 0x0, 0x0, 0x1f, 0xf0,
    0x0, 0xff, 0xff, 0xff, 0xf3, 0xff, 0xff, 0xff,
    0xcf, 0xff, 0xff, 0xff, 0x3f, 0xff, 0xff, 0xfc,
    0x55, 0xbf, 0xd5, 0x40, 0x1, 0xff, 0x0, 0x0,
    0x7, 0xfc, 0x0, 0x0, 0x1f, 0xf0, 0x0, 0x0,
    0x7f, 0xc0, 0x0, 0x1, 0xff, 0x0, 0x0, 0x7,
    0xfc, 0x0, 0x0, 0x1f, 0xf0, 0x0, 0x0, 0x7f,
    0xc0, 0x0, 0x1, 0xff, 0x0, 0x0, 0x7, 0xfc,
    0x0, 0x0, 0x1f, 0xf0, 0x0, 0x0, 0x7f, 0xc0,
    0x0,

    /* U+254C "╌" */
    0x0, 0x0, 0x1, 0xfc, 0xf, 0xe7, 0xf0, 0x3f,
    0x80,

    /* U+254D "╍" */
    0x15, 0x1, 0x51, 0xfc, 0xf, 0xd7, 0xf0, 0x3f,
    0x5f, 0xc0, 0xfd, 0x7f, 0x3, 0xf4, 0x0, 0x0,
    0x0,

    /* U+254E "╎" */
    0x3d, 0xf7, 0xdf, 0x7d, 0xf7, 0xdf, 0x7d, 0xf0,
    0x0, 0x0, 0x7, 0xdf, 0x7d, 0xf7, 0xdf, 0x7d,
    0xf7, 0xcf,

    /* U+254F "╏" */
    0x0, 0x1f, 0xf7, 0xfd, 0xff, 0x7f, 0xdf, 0xf7,
    0xfd, 0xff, 0x7f, 0xdf, 0xf0, 0x0, 0x0, 0x0,
    0x0, 0x7, 0xfd, 0xff, 0x7f, 0xdf, 0xf7, 0xfd,
    0xff, 0x7f, 0xdf, 0xf7, 0xfc, 0x0,

    /* U+2550 "═" */
    0x15, 0x55, 0x55, 0x50, 0xff, 0xff, 0xff, 0xf3,
    0xff, 0xff, 0xff, 0xc0, 0x0, 0x0, 0x0, 0x0,
    0x0, 0x0, 0x0, 0xff, 0xff, 0xff, 0xf3, 0xff,
    0xff, 0xff, 0xc0, 0x0, 0x0, 0x0,

    /* U+2551 "║" */
    0x0, 0x3, 0xd1, 0xff, 0x47, 0xfd, 0x1f, 0xf4,
    0x7f, 0xd1, 0xff, 0x47, 0xfd, 0x1f, 0xf4, 0x7f,
    0xd1, 0xff, 0x47, 0xfd, 0x1f, 0xf4, 0x7f, 0xd1,
    0xff, 0x47, 0xfd, 0x1f, 0xf4, 0x7f, 0xd1, 0xff,
    0x47, 0xfd, 0x1f, 0xf4, 0x7f, 0xd1, 0xff, 0x47,
    0xfd, 0x1f, 0xf4, 0x7f, 0xd1, 0xff, 0x47, 0xfd,
    0x1f, 0xf4, 0x7e, 0xc0, 0xe0,

    /* U+2552 "╒" */
    0x15, 0x55, 0x1f, 0xff, 0xf7, 0xff, 0xfd, 0xf0,
    0x0, 0x7c, 0x0, 0x1f, 0xff, 0xf7, 0xff, 0xfd,
    0xf0, 0x0, 0x7c, 0x0, 0x1f, 0x0, 0x7, 0xc0,
    0x1, 0xf0, 0x0, 0x7c, 0x0, 0x1f, 0x0, 0x7,
    0xc0, 0x1, 0xf0, 0x0, 0x7c, 0x0, 0x1f, 0x0,
    0x3, 0x80, 0x0,

    /* U+2553 "╓" */
    0x0, 0x0, 0x3, 0xff, 0xff, 0xdf, 0xff, 0xff,
    0x7d, 0x1f, 0x0, 0xf4, 0x7c, 0x3, 0xd1, 0xf0,
    0xf, 0x47, 0xc0, 0x3d, 0x1f, 0x0, 0xf4, 0x7c,
    0x3, 0xd1, 0xf0, 0xf, 0x47, 0xc0, 0x3d, 0x1f,
    0x0, 0xf4, 0x7c, 0x3, 0xd1, 0xf0, 0xf, 0x47,
    0xc0, 0x3d, 0x1f, 0x0, 0xa0, 0x28, 0x0,

    /* U+2554 "╔" */
    0x15, 0x55, 0x53, 0xff, 0xff, 0xef, 0xff, 0xff,
    0xbd, 0x0, 0x0, 0xf4, 0x0, 0x3, 0xd1, 0xff,
    0xef, 0x47, 0xff, 0xbd, 0x1f, 0x0, 0xf4, 0x7c,
    0x3, 0xd1, 0xf0, 0xf, 0x47, 0xc0, 0x3d, 0x1f,
    0x0, 0xf4, 0x7c, 0x3, 0xd1, 0xf0, 0xf, 0x47,
    0xc0, 0x3d, 0x1f, 0x0, 0xf4, 0x7c, 0x3, 0xd1,
    0xf0, 0xa, 0x2, 0x80, 0x0,

    /* U+2555 "╕" */
    0x15, 0x55, 0xf, 0xff, 0xf3, 0xff, 0xfc, 0x0,
    0x1f, 0x0, 0x7, 0xcf, 0xff, 0xf3, 0xff, 0xfc,
    0x0, 0x1f, 0x0, 0x7, 0xc0, 0x1, 0xf0, 0x0,
    0x7c, 0x0, 0x1f, 0x0, 0x7, 0xc0, 0x1, 0xf0,
    0x0, 0x7c, 0x0, 0x1f, 0x0, 0x7, 0xc0, 0x1,
    0xf0, 0x0, 0x38,

    /* U+2556 "╖" */
    0x0, 0x0, 0x1, 0xff, 0xff, 0xf7, 0xff, 0xff,
    0xc0, 0x3d, 0x1f, 0x0, 0xf4, 0x7c, 0x3, 0xd1,
    0xf0, 0xf, 0x47, 0xc0, 0x3d, 0x1f, 0x0, 0xf4,
    0x7c, 0x3, 0xd1, 0xf0, 0xf, 0x47, 0xc0, 0x3d,
    0x1f, 0x0, 0xf4, 0x7c, 0x3, 0xd1, 0xf0, 0xf,
    0x47, 0xc0, 0x3d, 0x1f, 0x0, 0xa0, 0x28,

    /* U+2557 "╗" */
    0x15, 0x55, 0x52, 0xff, 0xff, 0xfb, 0xff, 0xff,
    0xc0, 0x0, 0x1f, 0x0, 0x0, 0x7e, 0xff, 0xd1,
    0xfb, 0xff, 0x47, 0xc0, 0x3d, 0x1f, 0x0, 0xf4,
    0x7c, 0x3, 0xd1, 0xf0, 0xf, 0x47, 0xc0, 0x3d,
    0x1f, 0x0, 0xf4, 0x7c, 0x3, 0xd1, 0xf0, 0xf,
    0x47, 0xc0, 0x3d, 0x1f, 0x0, 0xf4, 0x7c, 0x3,
    0xd1, 0xf0, 0xa, 0x2, 0x80,

    /* U+2558 "╘" */
    0x14, 0x0, 0x1f, 0x0, 0x7, 0xc0, 0x1, 0xf0,
    0x0, 0x7c, 0x0, 0x1f, 0x0, 0x7, 0xc0, 0x1,
    0xf0, 0x0, 0x7c, 0x0, 0x1f, 0x0, 0x7, 0xc0,
    0x1, 0xf5, 0x54, 0x7f, 0xff, 0xdf, 0xff, 0xf7,
    0xc0, 0x1, 0xf0, 0x0, 0x7f, 0xff, 0xdf, 0xff,
    0xf0, 0x0, 0x0,

    /* U+2559 "╙" */
    0x50, 0x14, 0x3, 0xd1, 0xf0, 0xf, 0x47, 0xc0,
    0x3d, 0x1f, 0x0, 0xf4, 0x7c, 0x3, 0xd1, 0xf0,
    0xf, 0x47, 0xc0, 0x3d, 0x1f, 0x0, 0xf4, 0x7c,
    0x3, 0xd1, 0xf0, 0xf, 0x47, 0xc0, 0x3d, 0x1f,
    0x0, 0xf4, 0x7c, 0x3, 0xd1, 0xf0, 0xf, 0xff,
    0xff, 0x7f, 0xff, 0xfd,

    /* U+255A "╚" */
    0x10, 0x10, 0x3, 0xd1, 0xf0, 0xf, 0x47, 0xc0,
    0x3d, 0x1f, 0x0, 0xf4, 0x7c, 0x3, 0xd1, 0xf0,
    0xf, 0x47, 0xc0, 0x3d, 0x1f, 0x0, 0xf4, 0x7c,
    0x3, 0xd1, 0xf0, 0xf, 0x47, 0xc0, 0x3d, 0x1f,
    0x54, 0xf4, 0x7f, 0xfb, 0xd1, 0xff, 0xef, 0x40,
    0x0, 0x3d, 0x0, 0x0, 0xff, 0xff, 0xfb, 0xff,
    0xff, 0xe0, 0x0, 0x0, 0x0,

    /* U+255B "╛" */
    0x0, 0x1, 0x40, 0x1, 0xf0, 0x0, 0x7c, 0x0,
    0x1f, 0x0, 0x7, 0xc0, 0x1, 0xf0, 0x0, 0x7c,
    0x0, 0x1f, 0x0, 0x7, 0xc0, 0x1, 0xf0, 0x0,
    0x7c, 0x55, 0x5f, 0x3f, 0xff, 0xcf, 0xff, 0xf0,
    0x0, 0x7c, 0x0, 0x1f, 0x3f, 0xff, 0xcf, 0xff,
    0xf0, 0x0, 0x0,

    /* U+255C "╜" */
    0x0, 0x50, 0x14, 0x3, 0xd1, 0xf0, 0xf, 0x47,
    0xc0, 0x3d, 0x1f, 0x0, 0xf4, 0x7c, 0x3, 0xd1,
    0xf0, 0xf, 0x47, 0xc0, 0x3d, 0x1f, 0x0, 0xf4,
    0x7c, 0x3, 0xd1, 0xf0, 0xf, 0x47, 0xc0, 0x3d,
    0x1f, 0x0, 0xf4, 0x7c, 0x3, 0xd1, 0xf7, 0xff,
    0xff, 0xdf, 0xff, 0xff,

    /* U+255D "╝" */
    0x0, 0x10, 0x10, 0x3, 0xd1, 0xf0, 0xf, 0x47,
    0xc0, 0x3d, 0x1f, 0x0, 0xf4, 0x7c, 0x3, 0xd1,
    0xf0, 0xf, 0x47, 0xc0, 0x3d, 0x1f, 0x0, 0xf4,
    0x7c, 0x3, 0xd1, 0xf0, 0xf, 0x47, 0xc5, 0x7d,
    0x1f, 0xbf, 0xf4, 0x7e, 0xff, 0xd1, 0xf0, 0x0,
    0x7, 0xc0, 0x0, 0x1f, 0xbf, 0xff, 0xfe, 0xff,
    0xff, 0xf0, 0x0, 0x0, 0x0,

    /* U+255E "╞" */
    0x0, 0x0, 0x1f, 0x0, 0x7, 0xc0, 0x1, 0xf0,
    0x0, 0x7c, 0x0, 0x1f, 0x0, 0x7, 0xc0, 0x1,
    0xf0, 0x0, 0x7c, 0x0, 0x1f, 0x0, 0x7, 0xc0,
    0x1, 0xf0, 0x0, 0x7f, 0xff, 0xdf, 0xff, 0xf7,
    0xc0, 0x1, 0xf0, 0x0, 0x7f, 0xff, 0x9f, 0xff,
    0xf7, 0xd5, 0x55, 0xf0, 0x0, 0x7c, 0x0, 0x1f,
    0x0, 0x7, 0xc0, 0x1, 0xf0, 0x0, 0x7c, 0x0,
    0x1f, 0x0, 0x7, 0xc0, 0x1, 0xf0, 0x0, 0x7c,
    0x0, 0xe, 0x0, 0x0,

    /* U+255F "╟" */
    0x0, 0x0, 0x3, 0xd1, 0xf0, 0xf, 0x47, 0xc0,
    0x3d, 0x1f, 0x0, 0xf4, 0x7c, 0x3, 0xd1, 0xf0,
    0xf, 0x47, 0xc0, 0x3d, 0x1f, 0x0, 0xf4, 0x7c,
    0x3, 0xd1, 0xf0, 0xf, 0x47, 0xc0, 0x3d, 0x1f,
    0x0, 0xf4, 0x7c, 0x3, 0xd1, 0xf0, 0xf, 0x47,
    0xff, 0xbd, 0x1f, 0xfe, 0xf4, 0x7c, 0x3, 0xd1,
    0xf0, 0xf, 0x47, 0xc0, 0x3d, 0x1f, 0x0, 0xf4,
    0x7c, 0x3, 0xd1, 0xf0, 0xf, 0x47, 0xc0, 0x3d,
    0x1f, 0x0, 0xf4, 0x7c, 0x3, 0xd1, 0xf0, 0xf,
    0x47, 0xc0, 0x3d, 0x1f, 0x0, 0xf4, 0x7c, 0x2,
    0xc0, 0xe0, 0x0,

    /* U+2560 "╠" */
    0x0, 0x0, 0x3, 0xd1, 0xf0, 0xf, 0x47, 0xc0,
    0x3d, 0x1f, 0x0, 0xf4, 0x7c, 0x3, 0xd1, 0xf0,
    0xf, 0x47, 0xc0, 0x3d, 0x1f, 0x0, 0xf4, 0x7c,
    0x3, 0xd1, 0xf0, 0xf, 0x47, 0xc0, 0x3d, 0x1f,
    0x0, 0xf4, 0x7f, 0xfb, 0xd1, 0xff, 0xef, 0x40,
    0x0, 0x3d, 0x0, 0x0, 0xf4, 0x3f, 0xfb, 0xd1,
    0xff, 0xef, 0x47, 0xd5, 0x3d, 0x1f, 0x0, 0xf4,
    0x7c, 0x3, 0xd1, 0xf0, 0xf, 0x47, 0xc0, 0x3d,
    0x1f, 0x0, 0xf4, 0x7c, 0x3, 0xd1, 0xf0, 0xf,
    0x47, 0xc0, 0x3d, 0x1f, 0x0, 0xf4, 0x7c, 0x2,
    0xc0, 0xe0, 0x0,

    /* U+2561 "╡" */
    0x0, 0x0, 0x0, 0x1, 0xf0, 0x0, 0x7c, 0x0,
    0x1f, 0x0, 0x7, 0xc0, 0x1, 0xf0, 0x0, 0x7c,
    0x0, 0x1f, 0x0, 0x7, 0xc0, 0x1, 0xf0, 0x0,
    0x7c, 0x0, 0x1f, 0x3f, 0xff, 0xcf, 0xff, 0xf0,
    0x0, 0x7c, 0x0, 0x1f, 0x3f, 0xff, 0xcf, 0xff,
    0xf1, 0x55, 0xbc, 0x0, 0x1f, 0x0, 0x7, 0xc0,
    0x1, 0xf0, 0x0, 0x7c, 0x0, 0x1f, 0x0, 0x7,
    0xc0, 0x1, 0xf0, 0x0, 0x7c, 0x0, 0x1f, 0x0,
    0x7, 0xc0, 0x0, 0xe0,

    /* U+2562 "╢" */
    0x0, 0x0, 0x0, 0x3, 0xd1, 0xf0, 0xf, 0x47,
    0xc0, 0x3d, 0x1f, 0x0, 0xf4, 0x7c, 0x3, 0xd1,
    0xf0, 0xf, 0x47, 0xc0, 0x3d, 0x1f, 0x0, 0xf4,
    0x7c, 0x3, 0xd1, 0xf0, 0xf, 0x47, 0xc0, 0x3d,
    0x1f, 0x0, 0xf4, 0x7c, 0x3, 0xd1, 0xfb, 0xff,
    0x47, 0xef, 0xfd, 0x1f, 0x0, 0xf4, 0x7c, 0x3,
    0xd1, 0xf0, 0xf, 0x47, 0xc0, 0x3d, 0x1f, 0x0,
    0xf4, 0x7c, 0x3, 0xd1, 0xf0, 0xf, 0x47, 0xc0,
    0x3d, 0x1f, 0x0, 0xf4, 0x7c, 0x3, 0xd1, 0xf0,
    0xf, 0x47, 0xc0, 0x3d, 0x1f, 0x0, 0xf4, 0x7c,
    0x2, 0xc0, 0xe0,

    /* U+2563 "╣" */
    0x0, 0x0, 0x0, 0x3, 0xd1, 0xf0, 0xf, 0x47,
    0xc0, 0x3d, 0x1f, 0x0, 0xf4, 0x7c, 0x3, 0xd1,
    0xf0, 0xf, 0x47, 0xc0, 0x3d, 0x1f, 0x0, 0xf4,
    0x7c, 0x3, 0xd1, 0xf0, 0xf, 0x47, 0xc0, 0x3d,
    0x1f, 0xbf, 0xf4, 0x7e, 0xff, 0xd1, 0xf0, 0x0,
    0x7, 0xc0, 0x0, 0x1f, 0xbf, 0xf0, 0x7e, 0xff,
    0xd1, 0xf1, 0x5f, 0x47, 0xc0, 0x3d, 0x1f, 0x0,
    0xf4, 0x7c, 0x3, 0xd1, 0xf0, 0xf, 0x47, 0xc0,
    0x3d, 0x1f, 0x0, 0xf4, 0x7c, 0x3, 0xd1, 0xf0,
    0xf, 0x47, 0xc0, 0x3d, 0x1f, 0x0, 0xf4, 0x7c,
    0x2, 0xc0, 0xe0,

    /* U+2564 "╤" */
    0x15, 0x55, 0x55, 0x50, 0xff, 0xff, 0xff, 0xf3,
    0xff, 0xff, 0xff, 0xc0, 0x0, 0x0, 0x0, 0x0,
    0x0, 0x0, 0x0, 0xff, 0xff, 0xff, 0xf3, 0xff,
    0xff, 0xff, 0xc0, 0x1, 0xf0, 0x0, 0x0, 0x7,
    0xc0, 0x0, 0x0, 0x1f, 0x0, 0x0, 0x0, 0x7c,
    0x0, 0x0, 0x1, 0xf0, 0x0, 0x0, 0x7, 0xc0,
    0x0, 0x0, 0x1f, 0x0, 0x0, 0x0, 0x7c, 0x0,
    0x0, 0x1, 0xf0, 0x0, 0x0, 0x7, 0xc0, 0x0,
    0x0, 0x1f, 0x0, 0x0, 0x0, 0x28, 0x0, 0x0,

    /* U+2565 "╥" */
    0x0, 0x0, 0x0, 0x0, 0xff, 0xff, 0xff, 0xf3,
    0xff, 0xff, 0xff, 0xc0, 0x1e, 0xf, 0x0, 0x0,
    0x78, 0x3c, 0x0, 0x1, 0xe0, 0xf0, 0x0, 0x7,
    0x83, 0xc0, 0x0, 0x1e, 0xf, 0x0, 0x0, 0x78,
    0x3c, 0x0, 0x1, 0xe0, 0xf0, 0x0, 0x7, 0x83,
    0xc0, 0x0, 0x1e, 0xf, 0x0, 0x0, 0x78, 0x3c,
    0x0, 0x1, 0xe0, 0xf0, 0x0, 0x7, 0x83, 0xc0,
    0x0, 0x1e, 0xf, 0x0, 0x0, 0x64, 0x28, 0x0,

    /* U+2566 "╦" */
    0x15, 0x55, 0x55, 0x50, 0xff, 0xff, 0xff, 0xf3,
    0xff, 0xff, 0xff, 0xc0, 0x0, 0x0, 0x0, 0x0,
    0x0, 0x0, 0x0, 0xff, 0xe0, 0xff, 0xf3, 0xff,
    0x83, 0xff, 0xc0, 0x2e, 0xf, 0x40, 0x0, 0x78,
    0x3c, 0x0, 0x1, 0xe0, 0xf0, 0x0, 0x7, 0x83,
    0xc0, 0x0, 0x1e, 0xf, 0x0, 0x0, 0x78, 0x3c,
    0x0, 0x1, 0xe0, 0xf0, 0x0, 0x7, 0x83, 0xc0,
    0x0, 0x1e, 0xf, 0x0, 0x0, 0x78, 0x3c, 0x0,
    0x1, 0xe0, 0xf0, 0x0, 0x6, 0x42, 0x80, 0x0,

    /* U+2567 "╧" */
    0x0, 0x1, 0x0, 0x0, 0x0, 0x1f, 0x0, 0x0,
    0x0, 0x7c, 0x0, 0x0, 0x1, 0xf0, 0x0, 0x0,
    0x7, 0xc0, 0x0, 0x0, 0x1f, 0x0, 0x0, 0x0,
    0x7c, 0x0, 0x0, 0x1, 0xf0, 0x0, 0x0, 0x7,
    0xc0, 0x0, 0x0, 0x1f, 0x0, 0x0, 0x0, 0x7c,
    0x0, 0x5, 0x55, 0xf5, 0x54, 0x3f, 0xff, 0xff,
    0xfc, 0xff, 0xff, 0xff, 0xf0, 0x0, 0x0, 0x0,
    0x0, 0x0, 0x0, 0x0, 0x3f, 0xff, 0xff, 0xfc,
    0xff, 0xff, 0xff, 0xf0, 0x0, 0x0, 0x0, 0x0,

    /* U+2568 "╨" */
    0x0, 0x14, 0x14, 0x0, 0x1, 0xe0, 0xf0, 0x0,
    0x7, 0x83, 0xc0, 0x0, 0x1e, 0xf, 0x0, 0x0,
    0x78, 0x3c, 0x0, 0x1, 0xe0, 0xf0, 0x0, 0x7,
    0x83, 0xc0, 0x0, 0x1e, 0xf, 0x0, 0x0, 0x78,
    0x3c, 0x0, 0x1, 0xe0, 0xf0, 0x0, 0x7, 0x83,
    0xc0, 0x0, 0x1e, 0xf, 0x0, 0x0, 0x78, 0x3c,
    0x0, 0x2, 0xf1, 0xf4, 0x3, 0xff, 0xff, 0xff,
    0xcf, 0xff, 0xff, 0xff,

    /* U+2569 "╩" */
    0x0, 0x10, 0x14, 0x0, 0x1, 0xe0, 0xf0, 0x0,
    0x7, 0x83, 0xc0, 0x0, 0x1e, 0xf, 0x0, 0x0,
    0x78, 0x3c, 0x0, 0x1, 0xe0, 0xf0, 0x0, 0x7,
    0x83, 0xc0, 0x0, 0x1e, 0xf, 0x0, 0x0, 0x78,
    0x3c, 0x0, 0x1, 0xe0, 0xf0, 0x0, 0x7, 0x83,
    0xc0, 0x5, 0x6e, 0xf, 0x54, 0x3f, 0xf8, 0x3f,
    0xfc, 0xff, 0xe0, 0xff, 0xf0, 0x0, 0x0, 0x0,
    0x0, 0x0, 0x0, 0x0, 0x3f, 0xff, 0xff, 0xfc,
    0xff, 0xff, 0xff, 0xf0, 0x0, 0x0, 0x0, 0x0,

    /* U+256A "╪" */
    0x0, 0x0, 0x0, 0x0, 0x0, 0x1f, 0x0, 0x0,
    0x0, 0x7c, 0x0, 0x0, 0x1, 0xf0, 0x0, 0x0,
    0x7, 0xc0, 0x0, 0x0, 0x1f, 0x0, 0x0, 0x0,
    0x7c, 0x0, 0x0, 0x1, 0xf0, 0x0, 0x0, 0x7,
    0xc0, 0x0, 0x0, 0x1f, 0x0, 0x0, 0x0, 0x7c,
    0x0, 0x0, 0x1, 0xf0, 0x0, 0x3f, 0xff, 0xff,
    0xfc, 0xff, 0xff, 0xff, 0xf0, 0x0, 0x7c, 0x0,
    0x0, 0x1, 0xf0, 0x0, 0x3f, 0xff, 0xff, 0xf8,
    0xff, 0xff, 0xff, 0xf1, 0x55, 0xbd, 0x55, 0x40,
    0x1, 0xf0, 0x0, 0x0, 0x7, 0xc0, 0x0, 0x0,
    0x1f, 0x0, 0x0, 0x0, 0x7c, 0x0, 0x0, 0x1,
    0xf0, 0x0, 0x0, 0x7, 0xc0, 0x0, 0x0, 0x1f,
    0x0, 0x0, 0x0, 0x7c, 0x0, 0x0, 0x1, 0xf0,
    0x0, 0x0, 0x7, 0xc0, 0x0, 0x0, 0xe, 0x0,
    0x0,

    /* U+256B "╫" */
    0x0, 0x0, 0x0, 0x0, 0x1, 0xe0, 0xf0, 0x0,
    0x7, 0x83, 0xc0, 0x0, 0x1e, 0xf, 0x0, 0x0,
    0x78, 0x3c, 0x0, 0x1, 0xe0, 0xf0, 0x0, 0x7,
    0x83, 0xc0, 0x0, 0x1e, 0xf, 0x0, 0x0, 0x78,
    0x3c, 0x0, 0x1, 0xe0, 0xf0, 0x0, 0x7, 0x83,
    0xc0, 0x0, 0x1e, 0xf, 0x0, 0x0, 0x78, 0x3c,
    0x0, 0x1, 0xe0, 0xf0, 0x3, 0xff, 0xff, 0xff,
    0xcf, 0xff, 0xff, 0xff, 0x0, 0xbc, 0x3d, 0x0,
    0x1, 0xe0, 0xf0, 0x0, 0x7, 0x83, 0xc0, 0x0,
    0x1e, 0xf, 0x0, 0x0, 0x78, 0x3c, 0x0, 0x1,
    0xe0, 0xf0, 0x0, 0x7, 0x83, 0xc0, 0x0, 0x1e,
    0xf, 0x0, 0x0, 0x78, 0x3c, 0x0, 0x1, 0xe0,
    0xf0, 0x0, 0x7, 0x83, 0xc0, 0x0, 0x1e, 0xf,
    0x0, 0x0, 0x78, 0x3c, 0x0, 0x1, 0xe0, 0xf0,
    0x0,

    /* U+256C "╬" */
    0x0, 0x10, 0x10, 0x0, 0x3, 0xd1, 0xf0, 0x0,
    0xf, 0x47, 0xc0, 0x0, 0x3d, 0x1f, 0x0, 0x0,
    0xf4, 0x7c, 0x0, 0x3, 0xd1, 0xf0, 0x0, 0xf,
    0x47, 0xc0, 0x0, 0x3d, 0x1f, 0x0, 0x0, 0xf4,
    0x7c, 0x0, 0x3, 0xd1, 0xf0, 0x0, 0xf, 0x47,
    0xc0, 0x5, 0x7d, 0x1f, 0x54, 0xbf, 0xf4, 0x7f,
    0xfa, 0xff, 0xd1, 0xff, 0xe0, 0x0, 0x0, 0x0,
    0x0, 0x0, 0x0, 0x0, 0xbf, 0xf4, 0x7f, 0xfa,
    0xff, 0xd1, 0xff, 0xe0, 0xf, 0x47, 0xc0, 0x0,
    0x3d, 0x1f, 0x0, 0x0, 0xf4, 0x7c, 0x0, 0x3,
    0xd1, 0xf0, 0x0, 0xf, 0x47, 0xc0, 0x0, 0x3d,
    0x1f, 0x0, 0x0, 0xf4, 0x7c, 0x0, 0x3, 0xd1,
    0xf0, 0x0, 0xf, 0x47, 0xc0, 0x0, 0x3d, 0x1f,
    0x0, 0x0, 0xf4, 0x7c, 0x0, 0x2, 0x80, 0xa0,
    0x0,

    /* U+256D "╭" */
    0x0, 0x0, 0x0, 0x1f, 0xf0, 0x3f, 0xfc, 0x3f,
    0x80, 0x1f, 0x40, 0xf, 0x80, 0x3, 0xc0, 0x0,
    0xf0, 0x0, 0x7c, 0x0, 0x1f, 0x0, 0x7, 0xc0,
    0x1, 0xf0, 0x0, 0x7c, 0x0, 0x1f, 0x0, 0x7,
    0xc0, 0x1, 0xf0, 0x0, 0x28, 0x0, 0x0,

    /* U+256E "╮" */
    0x0, 0x0, 0xf, 0xe0, 0x3, 0xff, 0x80, 0x7,
    0xf4, 0x0, 0x2f, 0x0, 0x3, 0xd0, 0x0, 0xb8,
    0x0, 0x1f, 0x0, 0x7, 0xc0, 0x1, 0xf0, 0x0,
    0x7c, 0x0, 0x1f, 0x0, 0x7, 0xc0, 0x1, 0xf0,
    0x0, 0x7c, 0x0, 0x1f, 0x0, 0x2, 0x80,

    /* U+256F "╯" */
    0x0, 0x1, 0x40, 0x1, 0xf0, 0x0, 0x7c, 0x0,
    0x1f, 0x0, 0x7, 0xc0, 0x1, 0xf0, 0x0, 0x7c,
    0x0, 0x1f, 0x0, 0x7, 0xc0, 0x1, 0xf0, 0x0,
    0xb8, 0x0, 0x3d, 0x0, 0x3f, 0x1, 0xbf, 0x3,
    0xff, 0x0, 0xf9, 0x0,

    /* U+2570 "╰" */
    0x14, 0x0, 0x1f, 0x0, 0x7, 0xc0, 0x1, 0xf0,
    0x0, 0x7c, 0x0, 0x1f, 0x0, 0x7, 0xc0, 0x1,
    0xf0, 0x0, 0x7c, 0x0, 0xf, 0x0, 0x3, 0xd0,
    0x0, 0xb8, 0x0, 0x1f, 0x80, 0x2, 0xfd, 0x40,
    0x2f, 0xfc, 0x0, 0xbf,

    /* U+2571 "╱" */
    0x0, 0x0, 0x0, 0x10, 0x0, 0x0, 0x2, 0xe0,
    0x0, 0x0, 0xf, 0x0, 0x0, 0x0, 0xb8, 0x0,
    0x0, 0x7, 0xc0, 0x0, 0x0, 0x3d, 0x0, 0x0,
    0x1, 0xf0, 0x0, 0x0, 0xf, 0x40, 0x0, 0x0,
    0xb8, 0x0, 0x0, 0x3, 0xc0, 0x0, 0x0, 0x2e,
    0x0, 0x0, 0x0, 0xf0, 0x0, 0x0, 0xf, 0x40,
    0x0, 0x0, 0x7c, 0x0, 0x0, 0x3, 0xd0, 0x0,
    0x0, 0x1f, 0x0, 0x0, 0x0, 0xf4, 0x0, 0x0,
    0xb, 0x80, 0x0, 0x0, 0x3c, 0x0, 0x0, 0x2,
    0xe0, 0x0, 0x0, 0xf, 0x0, 0x0, 0x0, 0xf4,
    0x0, 0x0, 0x7, 0xc0, 0x0, 0x0, 0x8, 0x0,
    0x0, 0x0,

    /* U+2572 "╲" */
    0x10, 0x0, 0x0, 0x1, 0xf0, 0x0, 0x0, 0x3,
    0xd0, 0x0, 0x0, 0x7, 0xc0, 0x0, 0x0, 0xf,
    0x40, 0x0, 0x0, 0xf, 0x0, 0x0, 0x0, 0x2e,
    0x0, 0x0, 0x0, 0x3c, 0x0, 0x0, 0x0, 0xb8,
    0x0, 0x0, 0x0, 0xf4, 0x0, 0x0, 0x1, 0xf0,
    0x0, 0x0, 0x3, 0xd0, 0x0, 0x0, 0x7, 0xc0,
    0x0, 0x0, 0xb, 0x80, 0x0, 0x0, 0xf, 0x0,
    0x0, 0x0, 0x2e, 0x0, 0x0, 0x0, 0x3c, 0x0,
    0x0, 0x0, 0x7c, 0x0, 0x0, 0x0, 0xf4, 0x0,
    0x0, 0x1, 0xf0, 0x0, 0x0, 0x3, 0xd0, 0x0,
    0x0, 0x7, 0xc0, 0x0, 0x0, 0xb, 0x80, 0x0,
    0x0, 0x9,

    /* U+2573 "╳" */
    0x0, 0x0, 0x0, 0x0, 0xf0, 0x0, 0x1, 0xf3,
    0xd0, 0x0, 0xf, 0x43, 0xc0, 0x0, 0x7c, 0xb,
    0x80, 0x3, 0xd0, 0xf, 0x0, 0x2e, 0x0, 0x2e,
    0x0, 0xf0, 0x0, 0x3d, 0xb, 0x80, 0x0, 0x7c,
    0x3c, 0x0, 0x0, 0xf7, 0xe0, 0x0, 0x1, 0xff,
    0x0, 0x0, 0x2, 0xf4, 0x0, 0x0, 0x7, 0xc0,
    0x0, 0x0, 0x3f, 0x80, 0x0, 0x2, 0xff, 0x0,
    0x0, 0xf, 0x2e, 0x0, 0x0, 0xb8, 0x3d, 0x0,
    0x3, 0xc0, 0x7c, 0x0, 0x3d, 0x0, 0xf4, 0x1,
    0xf0, 0x1, 0xf0, 0xf, 0x40, 0x2, 0xe0, 0x7c,
    0x0, 0x3, 0xc3, 0xc0, 0x0, 0xb, 0x8a, 0x0,
    0x0, 0xa,

    /* U+2574 "╴" */
    0x0, 0x0, 0xf, 0xff, 0xf3, 0xff, 0xfc,

    /* U+2575 "╵" */
    0x15, 0xf7, 0xdf, 0x7d, 0xf7, 0xdf, 0x7d, 0xf7,
    0xdf, 0x7d, 0xf7, 0xdf,

    /* U+2576 "╶" */
    0x0, 0x0, 0x1f, 0xff, 0xf7, 0xff, 0xfc,

    /* U+2577 "╷" */
    0x1, 0xf7, 0xdf, 0x7d, 0xf7, 0xdf, 0x7d, 0xf7,
    0xdf, 0x7d, 0xf7, 0xdf, 0x38,

    /* U+2578 "╸" */
    0x15, 0x55, 0x4f, 0xff, 0xf3, 0xff, 0xfc, 0xff,
    0xff, 0x3f, 0xff, 0xc0, 0x0, 0x0,

    /* U+2579 "╹" */
    0x15, 0x5f, 0xf7, 0xfd, 0xff, 0x7f, 0xdf, 0xf7,
    0xfd, 0xff, 0x7f, 0xdf, 0xf7, 0xfd, 0xff, 0x7f,
    0xdf, 0xf7, 0xfd, 0xff,

    /* U+257A "╺" */
    0x15, 0x55, 0x5f, 0xff, 0xf7, 0xff, 0xfd, 0xff,
    0xff, 0x7f, 0xff, 0xc0, 0x0, 0x0,

    /* U+257B "╻" */
    0x0, 0x1f, 0xf7, 0xfd, 0xff, 0x7f, 0xdf, 0xf7,
    0xfd, 0xff, 0x7f, 0xdf, 0xf7, 0xfd, 0xff, 0x7f,
    0xdf, 0xf7, 0xfd, 0xff, 0x7f, 0x80,

    /* U+257C "╼" */
    0x0, 0x1, 0x55, 0x54, 0x55, 0x5f, 0xff, 0xf3,
    0xff, 0xff, 0xff, 0xcf, 0xff, 0xff, 0xff, 0x0,
    0x7, 0xff, 0xfc, 0x0, 0x0, 0x0, 0x0,

    /* U+257D "╽" */
    0x4, 0x7, 0xc1, 0xf0, 0x7c, 0x1f, 0x7, 0xc1,
    0xf0, 0x7c, 0x1f, 0x7, 0xc1, 0xf0, 0x7c, 0x1f,
    0x7, 0xc7, 0xfd, 0xff, 0x7f, 0xdf, 0xf7, 0xfd,
    0xff, 0x7f, 0xdf, 0xf7, 0xfd, 0xff, 0x7f, 0xdf,
    0xf7, 0xfd, 0xff, 0x7f, 0xdf, 0xe0,

    /* U+257E "╾" */
    0x15, 0x55, 0x40, 0x0, 0xff, 0xff, 0x55, 0x43,
    0xff, 0xff, 0xff, 0xcf, 0xff, 0xff, 0xff, 0x3f,
    0xff, 0xc0, 0x0, 0x0, 0x0, 0x0, 0x0,

    /* U+257F "╿" */
    0x15, 0x5f, 0xf7, 0xfd, 0xff, 0x7f, 0xdf, 0xf7,
    0xfd, 0xff, 0x7f, 0xdf, 0xf7, 0xfd, 0xff, 0x7f,
    0xdf, 0xf7, 0xfd, 0xff, 0x1f, 0x7, 0xc1, 0xf0,
    0x7c, 0x1f, 0x7, 0xc1, 0xf0, 0x7c, 0x1f, 0x7,
    0xc1, 0xf0, 0x7c, 0x1f, 0x2, 0x40
};


/*---------------------
 *  GLYPH DESCRIPTION
 *--------------------*/

static const lv_font_fmt_txt_glyph_dsc_t glyph_dsc[] = {
    {.bitmap_index = 0, .adv_w = 0, .box_w = 0, .box_h = 0, .ofs_x = 0, .ofs_y = 0} /* id = 0 reserved */,
    {.bitmap_index = 0, .adv_w = 211, .box_w = 0, .box_h = 0, .ofs_x = 0, .ofs_y = 0},
    {.bitmap_index = 0, .adv_w = 211, .box_w = 5, .box_h = 16, .ofs_x = 4, .ofs_y = 0},
    {.bitmap_index = 20, .adv_w = 211, .box_w = 7, .box_h = 7, .ofs_x = 3, .ofs_y = 9},
    {.bitmap_index = 33, .adv_w = 211, .box_w = 13, .box_h = 16, .ofs_x = 0, .ofs_y = 0},
    {.bitmap_index = 85, .adv_w = 211, .box_w = 11, .box_h = 22, .ofs_x = 1, .ofs_y = -3},
    {.bitmap_index = 146, .adv_w = 211, .box_w = 13, .box_h = 16, .ofs_x = 0, .ofs_y = 0},
    {.bitmap_index = 198, .adv_w = 211, .box_w = 12, .box_h = 16, .ofs_x = 1, .ofs_y = 0},
    {.bitmap_index = 246, .adv_w = 211, .box_w = 3, .box_h = 7, .ofs_x = 5, .ofs_y = 9},
    {.bitmap_index = 252, .adv_w = 211, .box_w = 7, .box_h = 22, .ofs_x = 4, .ofs_y = -3},
    {.bitmap_index = 291, .adv_w = 211, .box_w = 8, .box_h = 22, .ofs_x = 2, .ofs_y = -3},
    {.bitmap_index = 335, .adv_w = 211, .box_w = 13, .box_h = 12, .ofs_x = 0, .ofs_y = 1},
    {.bitmap_index = 374, .adv_w = 211, .box_w = 11, .box_h = 11, .ofs_x = 1, .ofs_y = 1},
    {.bitmap_index = 405, .adv_w = 211, .box_w = 6, .box_h = 7, .ofs_x = 3, .ofs_y = -4},
    {.bitmap_index = 416, .adv_w = 211, .box_w = 8, .box_h = 2, .ofs_x = 3, .ofs_y = 6},
    {.bitmap_index = 420, .adv_w = 211, .box_w = 5, .box_h = 4, .ofs_x = 4, .ofs_y = 0},
    {.bitmap_index = 425, .adv_w = 211, .box_w = 11, .box_h = 20, .ofs_x = 1, .ofs_y = -2},
    {.bitmap_index = 480, .adv_w = 211, .box_w = 11, .box_h = 16, .ofs_x = 1, .ofs_y = 0},
    {.bitmap_index = 524, .adv_w = 211, .box_w = 11, .box_h = 16, .ofs_x = 1, .ofs_y = 0},
    {.bitmap_index = 568, .adv_w = 211, .box_w = 11, .box_h = 16, .ofs_x = 1, .ofs_y = 0},
    {.bitmap_index = 612, .adv_w = 211, .box_w = 11, .box_h = 16, .ofs_x = 1, .ofs_y = 0},
    {.bitmap_index = 656, .adv_w = 211, .box_w = 10, .box_h = 16, .ofs_x = 1, .ofs_y = 0},
    {.bitmap_index = 696, .adv_w = 211, .box_w = 11, .box_h = 16, .ofs_x = 1, .ofs_y = 0},
    {.bitmap_index = 740, .adv_w = 211, .box_w = 11, .box_h = 16, .ofs_x = 1, .ofs_y = 0},
    {.bitmap_index = 784, .adv_w = 211, .box_w = 11, .box_h = 16, .ofs_x = 1, .ofs_y = 0},
    {.bitmap_index = 828, .adv_w = 211, .box_w = 11, .box_h = 16, .ofs_x = 1, .ofs_y = 0},
    {.bitmap_index = 872, .adv_w = 211, .box_w = 11, .box_h = 16, .ofs_x = 1, .ofs_y = 0},
    {.bitmap_index = 916, .adv_w = 211, .box_w = 5, .box_h = 12, .ofs_x = 4, .ofs_y = 0},
    {.bitmap_index = 931, .adv_w = 211, .box_w = 6, .box_h = 16, .ofs_x = 3, .ofs_y = -4},
    {.bitmap_index = 955, .adv_w = 211, .box_w = 11, .box_h = 12, .ofs_x = 1, .ofs_y = 1},
    {.bitmap_index = 988, .adv_w = 211, .box_w = 11, .box_h = 7, .ofs_x = 1, .ofs_y = 4},
    {.bitmap_index = 1008, .adv_w = 211, .box_w = 11, .box_h = 12, .ofs_x = 1, .ofs_y = 1},
    {.bitmap_index = 1041, .adv_w = 211, .box_w = 9, .box_h = 16, .ofs_x = 2, .ofs_y = 0},
    {.bitmap_index = 1077, .adv_w = 211, .box_w = 13, .box_h = 20, .ofs_x = 0, .ofs_y = -4},
    {.bitmap_index = 1142, .adv_w = 211, .box_w = 12, .box_h = 16, .ofs_x = 1, .ofs_y = 0},
    {.bitmap_index = 1190, .adv_w = 211, .box_w = 10, .box_h = 16, .ofs_x = 2, .ofs_y = 0},
    {.bitmap_index = 1230, .adv_w = 211, .box_w = 11, .box_h = 16, .ofs_x = 1, .ofs_y = 0},
    {.bitmap_index = 1274, .adv_w = 211, .box_w = 10, .box_h = 16, .ofs_x = 2, .ofs_y = 0},
    {.bitmap_index = 1314, .adv_w = 211, .box_w = 10, .box_h = 16, .ofs_x = 2, .ofs_y = 0},
    {.bitmap_index = 1354, .adv_w = 211, .box_w = 10, .box_h = 16, .ofs_x = 2, .ofs_y = 0},
    {.bitmap_index = 1394, .adv_w = 211, .box_w = 11, .box_h = 16, .ofs_x = 1, .ofs_y = 0},
    {.bitmap_index = 1438, .adv_w = 211, .box_w = 10, .box_h = 16, .ofs_x = 2, .ofs_y = 0},
    {.bitmap_index = 1478, .adv_w = 211, .box_w = 9, .box_h = 16, .ofs_x = 2, .ofs_y = 0},
    {.bitmap_index = 1514, .adv_w = 211, .box_w = 11, .box_h = 16, .ofs_x = 0, .ofs_y = 0},
    {.bitmap_index = 1558, .adv_w = 211, .box_w = 11, .box_h = 16, .ofs_x = 2, .ofs_y = 0},
    {.bitmap_index = 1602, .adv_w = 211, .box_w = 10, .box_h = 16, .ofs_x = 2, .ofs_y = 0},
    {.bitmap_index = 1642, .adv_w = 211, .box_w = 11, .box_h = 16, .ofs_x = 1, .ofs_y = 0},
    {.bitmap_index = 1686, .adv_w = 211, .box_w = 11, .box_h = 16, .ofs_x = 1, .ofs_y = 0},
    {.bitmap_index = 1730, .adv_w = 211, .box_w = 11, .box_h = 16, .ofs_x = 1, .ofs_y = 0},
    {.bitmap_index = 1774, .adv_w = 211, .box_w = 11, .box_h = 16, .ofs_x = 2, .ofs_y = 0},
    {.bitmap_index = 1818, .adv_w = 211, .box_w = 11, .box_h = 20, .ofs_x = 1, .ofs_y = -4},
    {.bitmap_index = 1873, .adv_w = 211, .box_w = 10, .box_h = 16, .ofs_x = 2, .ofs_y = 0},
    {.bitmap_index = 1913, .adv_w = 211, .box_w = 11, .box_h = 16, .ofs_x = 1, .ofs_y = 0},
    {.bitmap_index = 1957, .adv_w = 211, .box_w = 11, .box_h = 16, .ofs_x = 1, .ofs_y = 0},
    {.bitmap_index = 2001, .adv_w = 211, .box_w = 11, .box_h = 16, .ofs_x = 1, .ofs_y = 0},
    {.bitmap_index = 2045, .adv_w = 211, .box_w = 12, .box_h = 16, .ofs_x = 1, .ofs_y = 0},
    {.bitmap_index = 2093, .adv_w = 211, .box_w = 13, .box_h = 16, .ofs_x = 0, .ofs_y = 0},
    {.bitmap_index = 2145, .adv_w = 211, .box_w = 13, .box_h = 16, .ofs_x = 0, .ofs_y = 0},
    {.bitmap_index = 2197, .adv_w = 211, .box_w = 13, .box_h = 16, .ofs_x = 0, .ofs_y = 0},
    {.bitmap_index = 2249, .adv_w = 211, .box_w = 11, .box_h = 16, .ofs_x = 1, .ofs_y = 0},
    {.bitmap_index = 2293, .adv_w = 211, .box_w = 6, .box_h = 20, .ofs_x = 4, .ofs_y = -2},
    {.bitmap_index = 2323, .adv_w = 211, .box_w = 11, .box_h = 20, .ofs_x = 1, .ofs_y = -2},
    {.bitmap_index = 2378, .adv_w = 211, .box_w = 6, .box_h = 20, .ofs_x = 3, .ofs_y = -2},
    {.bitmap_index = 2408, .adv_w = 211, .box_w = 11, .box_h = 9, .ofs_x = 1, .ofs_y = 7},
    {.bitmap_index = 2433, .adv_w = 211, .box_w = 11, .box_h = 2, .ofs_x = 1, .ofs_y = -2},
    {.bitmap_index = 2439, .adv_w = 211, .box_w = 5, .box_h = 3, .ofs_x = 4, .ofs_y = 14},
    {.bitmap_index = 2443, .adv_w = 211, .box_w = 11, .box_h = 12, .ofs_x = 1, .ofs_y = 0},
    {.bitmap_index = 2476, .adv_w = 211, .box_w = 10, .box_h = 16, .ofs_x = 2, .ofs_y = 0},
    {.bitmap_index = 2516, .adv_w = 211, .box_w = 11, .box_h = 12, .ofs_x = 1, .ofs_y = 0},
    {.bitmap_index = 2549, .adv_w = 211, .box_w = 11, .box_h = 16, .ofs_x = 1, .ofs_y = 0},
    {.bitmap_index = 2593, .adv_w = 211, .box_w = 11, .box_h = 12, .ofs_x = 1, .ofs_y = 0},
    {.bitmap_index = 2626, .adv_w = 211, .box_w = 11, .box_h = 16, .ofs_x = 1, .ofs_y = 0},
    {.bitmap_index = 2670, .adv_w = 211, .box_w = 11, .box_h = 16, .ofs_x = 1, .ofs_y = -4},
    {.bitmap_index = 2714, .adv_w = 211, .box_w = 10, .box_h = 16, .ofs_x = 2, .ofs_y = 0},
    {.bitmap_index = 2754, .adv_w = 211, .box_w = 12, .box_h = 17, .ofs_x = 1, .ofs_y = 0},
    {.bitmap_index = 2805, .adv_w = 211, .box_w = 10, .box_h = 21, .ofs_x = 1, .ofs_y = -4},
    {.bitmap_index = 2858, .adv_w = 211, .box_w = 11, .box_h = 16, .ofs_x = 2, .ofs_y = 0},
    {.bitmap_index = 2902, .adv_w = 211, .box_w = 13, .box_h = 16, .ofs_x = 0, .ofs_y = 0},
    {.bitmap_index = 2954, .adv_w = 211, .box_w = 11, .box_h = 12, .ofs_x = 1, .ofs_y = 0},
    {.bitmap_index = 2987, .adv_w = 211, .box_w = 10, .box_h = 12, .ofs_x = 2, .ofs_y = 0},
    {.bitmap_index = 3017, .adv_w = 211, .box_w = 11, .box_h = 12, .ofs_x = 1, .ofs_y = 0},
    {.bitmap_index = 3050, .adv_w = 211, .box_w = 10, .box_h = 16, .ofs_x = 2, .ofs_y = -4},
    {.bitmap_index = 3090, .adv_w = 211, .box_w = 11, .box_h = 16, .ofs_x = 1, .ofs_y = -4},
    {.bitmap_index = 3134, .adv_w = 211, .box_w = 10, .box_h = 12, .ofs_x = 2, .ofs_y = 0},
    {.bitmap_index = 3164, .adv_w = 211, .box_w = 11, .box_h = 12, .ofs_x = 1, .ofs_y = 0},
    {.bitmap_index = 3197, .adv_w = 211, .box_w = 11, .box_h = 15, .ofs_x = 1, .ofs_y = 0},
    {.bitmap_index = 3239, .adv_w = 211, .box_w = 11, .box_h = 12, .ofs_x = 1, .ofs_y = 0},
    {.bitmap_index = 3272, .adv_w = 211, .box_w = 11, .box_h = 12, .ofs_x = 1, .ofs_y = 0},
    {.bitmap_index = 3305, .adv_w = 211, .box_w = 13, .box_h = 12, .ofs_x = 0, .ofs_y = 0},
    {.bitmap_index = 3344, .adv_w = 211, .box_w = 12, .box_h = 12, .ofs_x = 1, .ofs_y = 0},
    {.bitmap_index = 3380, .adv_w = 211, .box_w = 11, .box_h = 16, .ofs_x = 1, .ofs_y = -4},
    {.bitmap_index = 3424, .adv_w = 211, .box_w = 11, .box_h = 12, .ofs_x = 1, .ofs_y = 0},
    {.bitmap_index = 3457, .adv_w = 211, .box_w = 11, .box_h = 20, .ofs_x = 1, .ofs_y = -2},
    {.bitmap_index = 3512, .adv_w = 211, .box_w = 3, .box_h = 20, .ofs_x = 5, .ofs_y = -2},
    {.bitmap_index = 3527, .adv_w = 211, .box_w = 11, .box_h = 20, .ofs_x = 1, .ofs_y = -2},
    {.bitmap_index = 3582, .adv_w = 211, .box_w = 11, .box_h = 5, .ofs_x = 1, .ofs_y = 5},
    {.bitmap_index = 3596, .adv_w = 211, .box_w = 13, .box_h = 11, .ofs_x = 0, .ofs_y = 1},
    {.bitmap_index = 3632, .adv_w = 211, .box_w = 7, .box_h = 7, .ofs_x = 3, .ofs_y = 9},
    {.bitmap_index = 3645, .adv_w = 211, .box_w = 13, .box_h = 11, .ofs_x = 0, .ofs_y = 1},
    {.bitmap_index = 3681, .adv_w = 211, .box_w = 10, .box_h = 20, .ofs_x = 2, .ofs_y = 0},
    {.bitmap_index = 3731, .adv_w = 211, .box_w = 12, .box_h = 16, .ofs_x = 1, .ofs_y = 0},
    {.bitmap_index = 3779, .adv_w = 211, .box_w = 10, .box_h = 16, .ofs_x = 2, .ofs_y = 0},
    {.bitmap_index = 3819, .adv_w = 211, .box_w = 10, .box_h = 16, .ofs_x = 2, .ofs_y = 0},
    {.bitmap_index = 3859, .adv_w = 211, .box_w = 10, .box_h = 16, .ofs_x = 2, .ofs_y = 0},
    {.bitmap_index = 3899, .adv_w = 211, .box_w = 13, .box_h = 19, .ofs_x = 0, .ofs_y = -3},
    {.bitmap_index = 3961, .adv_w = 211, .box_w = 10, .box_h = 16, .ofs_x = 2, .ofs_y = 0},
    {.bitmap_index = 4001, .adv_w = 211, .box_w = 13, .box_h = 16, .ofs_x = 0, .ofs_y = 0},
    {.bitmap_index = 4053, .adv_w = 211, .box_w = 11, .box_h = 16, .ofs_x = 1, .ofs_y = 0},
    {.bitmap_index = 4097, .adv_w = 211, .box_w = 11, .box_h = 16, .ofs_x = 1, .ofs_y = 0},
    {.bitmap_index = 4141, .adv_w = 211, .box_w = 11, .box_h = 21, .ofs_x = 1, .ofs_y = 0},
    {.bitmap_index = 4199, .adv_w = 211, .box_w = 11, .box_h = 16, .ofs_x = 2, .ofs_y = 0},
    {.bitmap_index = 4243, .adv_w = 211, .box_w = 12, .box_h = 16, .ofs_x = 0, .ofs_y = 0},
    {.bitmap_index = 4291, .adv_w = 211, .box_w = 11, .box_h = 16, .ofs_x = 1, .ofs_y = 0},
    {.bitmap_index = 4335, .adv_w = 211, .box_w = 10, .box_h = 16, .ofs_x = 2, .ofs_y = 0},
    {.bitmap_index = 4375, .adv_w = 211, .box_w = 11, .box_h = 16, .ofs_x = 1, .ofs_y = 0},
    {.bitmap_index = 4419, .adv_w = 211, .box_w = 10, .box_h = 16, .ofs_x = 2, .ofs_y = 0},
    {.bitmap_index = 4459, .adv_w = 211, .box_w = 11, .box_h = 16, .ofs_x = 2, .ofs_y = 0},
    {.bitmap_index = 4503, .adv_w = 211, .box_w = 11, .box_h = 16, .ofs_x = 1, .ofs_y = 0},
    {.bitmap_index = 4547, .adv_w = 211, .box_w = 11, .box_h = 16, .ofs_x = 1, .ofs_y = 0},
    {.bitmap_index = 4591, .adv_w = 211, .box_w = 12, .box_h = 16, .ofs_x = 1, .ofs_y = 0},
    {.bitmap_index = 4639, .adv_w = 211, .box_w = 12, .box_h = 18, .ofs_x = 1, .ofs_y = -1},
    {.bitmap_index = 4693, .adv_w = 211, .box_w = 13, .box_h = 16, .ofs_x = 0, .ofs_y = 0},
    {.bitmap_index = 4745, .adv_w = 211, .box_w = 11, .box_h = 19, .ofs_x = 2, .ofs_y = -3},
    {.bitmap_index = 4798, .adv_w = 211, .box_w = 11, .box_h = 16, .ofs_x = 1, .ofs_y = 0},
    {.bitmap_index = 4842, .adv_w = 211, .box_w = 11, .box_h = 16, .ofs_x = 1, .ofs_y = 0},
    {.bitmap_index = 4886, .adv_w = 211, .box_w = 12, .box_h = 19, .ofs_x = 1, .ofs_y = -3},
    {.bitmap_index = 4943, .adv_w = 211, .box_w = 14, .box_h = 16, .ofs_x = -1, .ofs_y = 0},
    {.bitmap_index = 4999, .adv_w = 211, .box_w = 11, .box_h = 16, .ofs_x = 1, .ofs_y = 0},
    {.bitmap_index = 5043, .adv_w = 211, .box_w = 11, .box_h = 16, .ofs_x = 2, .ofs_y = 0},
    {.bitmap_index = 5087, .adv_w = 211, .box_w = 11, .box_h = 16, .ofs_x = 1, .ofs_y = 0},
    {.bitmap_index = 5131, .adv_w = 211, .box_w = 12, .box_h = 16, .ofs_x = 1, .ofs_y = 0},
    {.bitmap_index = 5179, .adv_w = 211, .box_w = 11, .box_h = 16, .ofs_x = 1, .ofs_y = 0},
    {.bitmap_index = 5223, .adv_w = 211, .box_w = 11, .box_h = 12, .ofs_x = 1, .ofs_y = 0},
    {.bitmap_index = 5256, .adv_w = 211, .box_w = 11, .box_h = 16, .ofs_x = 1, .ofs_y = 0},
    {.bitmap_index = 5300, .adv_w = 211, .box_w = 10, .box_h = 12, .ofs_x = 2, .ofs_y = 0},
    {.bitmap_index = 5330, .adv_w = 211, .box_w = 10, .box_h = 12, .ofs_x = 2, .ofs_y = 0},
    {.bitmap_index = 5360, .adv_w = 211, .box_w = 13, .box_h = 15, .ofs_x = 0, .ofs_y = -3},
    {.bitmap_index = 5409, .adv_w = 211, .box_w = 11, .box_h = 12, .ofs_x = 1, .ofs_y = 0},
    {.bitmap_index = 5442, .adv_w = 211, .box_w = 13, .box_h = 12, .ofs_x = 0, .ofs_y = 0},
    {.bitmap_index = 5481, .adv_w = 211, .box_w = 11, .box_h = 12, .ofs_x = 1, .ofs_y = 0},
    {.bitmap_index = 5514, .adv_w = 211, .box_w = 10, .box_h = 12, .ofs_x = 2, .ofs_y = 0},
    {.bitmap_index = 5544, .adv_w = 211, .box_w = 10, .box_h = 17, .ofs_x = 2, .ofs_y = 0},
    {.bitmap_index = 5587, .adv_w = 211, .box_w = 11, .box_h = 12, .ofs_x = 2, .ofs_y = 0},
    {.bitmap_index = 5620, .adv_w = 211, .box_w = 12, .box_h = 12, .ofs_x = 0, .ofs_y = 0},
    {.bitmap_index = 5656, .adv_w = 211, .box_w = 11, .box_h = 12, .ofs_x = 1, .ofs_y = 0},
    {.bitmap_index = 5689, .adv_w = 211, .box_w = 10, .box_h = 12, .ofs_x = 2, .ofs_y = 0},
    {.bitmap_index = 5719, .adv_w = 211, .box_w = 11, .box_h = 12, .ofs_x = 1, .ofs_y = 0},
    {.bitmap_index = 5752, .adv_w = 211, .box_w = 10, .box_h = 12, .ofs_x = 2, .ofs_y = 0},
    {.bitmap_index = 5782, .adv_w = 211, .box_w = 10, .box_h = 16, .ofs_x = 2, .ofs_y = -4},
    {.bitmap_index = 5822, .adv_w = 211, .box_w = 11, .box_h = 12, .ofs_x = 1, .ofs_y = 0},
    {.bitmap_index = 5855, .adv_w = 211, .box_w = 11, .box_h = 12, .ofs_x = 1, .ofs_y = 0},
    {.bitmap_index = 5888, .adv_w = 211, .box_w = 11, .box_h = 16, .ofs_x = 1, .ofs_y = -4},
    {.bitmap_index = 5932, .adv_w = 211, .box_w = 12, .box_h = 20, .ofs_x = 1, .ofs_y = -4},
    {.bitmap_index = 5992, .adv_w = 211, .box_w = 12, .box_h = 12, .ofs_x = 1, .ofs_y = 0},
    {.bitmap_index = 6028, .adv_w = 211, .box_w = 11, .box_h = 15, .ofs_x = 2, .ofs_y = -3},
    {.bitmap_index = 6070, .adv_w = 211, .box_w = 10, .box_h = 12, .ofs_x = 1, .ofs_y = 0},
    {.bitmap_index = 6100, .adv_w = 211, .box_w = 11, .box_h = 12, .ofs_x = 1, .ofs_y = 0},
    {.bitmap_index = 6133, .adv_w = 211, .box_w = 12, .box_h = 15, .ofs_x = 1, .ofs_y = -3},
    {.bitmap_index = 6178, .adv_w = 211, .box_w = 13, .box_h = 12, .ofs_x = 0, .ofs_y = 0},
    {.bitmap_index = 6217, .adv_w = 211, .box_w = 11, .box_h = 12, .ofs_x = 1, .ofs_y = 0},
    {.bitmap_index = 6250, .adv_w = 211, .box_w = 11, .box_h = 12, .ofs_x = 2, .ofs_y = 0},
    {.bitmap_index = 6283, .adv_w = 211, .box_w = 11, .box_h = 12, .ofs_x = 1, .ofs_y = 0},
    {.bitmap_index = 6316, .adv_w = 211, .box_w = 12, .box_h = 12, .ofs_x = 1, .ofs_y = 0},
    {.bitmap_index = 6352, .adv_w = 211, .box_w = 11, .box_h = 12, .ofs_x = 1, .ofs_y = 0},
    {.bitmap_index = 6385, .adv_w = 211, .box_w = 11, .box_h = 17, .ofs_x = 1, .ofs_y = 0},
    {.bitmap_index = 6432, .adv_w = 211, .box_w = 14, .box_h = 2, .ofs_x = 0, .ofs_y = 6},
    {.bitmap_index = 6439, .adv_w = 211, .box_w = 11, .box_h = 4, .ofs_x = 1, .ofs_y = 0},
    {.bitmap_index = 6450, .adv_w = 211, .box_w = 13, .box_h = 17, .ofs_x = 0, .ofs_y = 0},
    {.bitmap_index = 6506, .adv_w = 211, .box_w = 15, .box_h = 3, .ofs_x = -1, .ofs_y = 7},
    {.bitmap_index = 6518, .adv_w = 211, .box_w = 15, .box_h = 6, .ofs_x = -1, .ofs_y = 5},
    {.bitmap_index = 6541, .adv_w = 211, .box_w = 3, .box_h = 30, .ofs_x = 5, .ofs_y = -7},
    {.bitmap_index = 6564, .adv_w = 211, .box_w = 5, .box_h = 30, .ofs_x = 4, .ofs_y = -7},
    {.bitmap_index = 6602, .adv_w = 211, .box_w = 13, .box_h = 3, .ofs_x = 0, .ofs_y = 7},
    {.bitmap_index = 6612, .adv_w = 211, .box_w = 13, .box_h = 6, .ofs_x = 0, .ofs_y = 5},
    {.bitmap_index = 6632, .adv_w = 211, .box_w = 3, .box_h = 26, .ofs_x = 5, .ofs_y = -5},
    {.bitmap_index = 6652, .adv_w = 211, .box_w = 5, .box_h = 26, .ofs_x = 4, .ofs_y = -5},
    {.bitmap_index = 6685, .adv_w = 211, .box_w = 13, .box_h = 3, .ofs_x = 0, .ofs_y = 7},
    {.bitmap_index = 6695, .adv_w = 211, .box_w = 13, .box_h = 6, .ofs_x = 0, .ofs_y = 5},
    {.bitmap_index = 6715, .adv_w = 211, .box_w = 3, .box_h = 26, .ofs_x = 5, .ofs_y = -5},
    {.bitmap_index = 6735, .adv_w = 211, .box_w = 5, .box_h = 26, .ofs_x = 4, .ofs_y = -5},
    {.bitmap_index = 6768, .adv_w = 211, .box_w = 9, .box_h = 17, .ofs_x = 5, .ofs_y = -7},
    {.bitmap_index = 6807, .adv_w = 211, .box_w = 9, .box_h = 18, .ofs_x = 5, .ofs_y = -7},
    {.bitmap_index = 6848, .adv_w = 211, .box_w = 10, .box_h = 17, .ofs_x = 4, .ofs_y = -7},
    {.bitmap_index = 6891, .adv_w = 211, .box_w = 10, .box_h = 18, .ofs_x = 4, .ofs_y = -7},
    {.bitmap_index = 6936, .adv_w = 211, .box_w = 9, .box_h = 17, .ofs_x = -1, .ofs_y = -7},
    {.bitmap_index = 6975, .adv_w = 211, .box_w = 9, .box_h = 18, .ofs_x = -1, .ofs_y = -7},
    {.bitmap_index = 7016, .adv_w = 211, .box_w = 10, .box_h = 17, .ofs_x = -1, .ofs_y = -7},
    {.bitmap_index = 7059, .adv_w = 211, .box_w = 10, .box_h = 18, .ofs_x = -1, .ofs_y = -7},
    {.bitmap_index = 7104, .adv_w = 211, .box_w = 9, .box_h = 16, .ofs_x = 5, .ofs_y = 7},
    {.bitmap_index = 7140, .adv_w = 211, .box_w = 9, .box_h = 18, .ofs_x = 5, .ofs_y = 5},
    {.bitmap_index = 7181, .adv_w = 211, .box_w = 10, .box_h = 16, .ofs_x = 4, .ofs_y = 7},
    {.bitmap_index = 7221, .adv_w = 211, .box_w = 10, .box_h = 18, .ofs_x = 4, .ofs_y = 5},
    {.bitmap_index = 7266, .adv_w = 211, .box_w = 9, .box_h = 16, .ofs_x = -1, .ofs_y = 7},
    {.bitmap_index = 7302, .adv_w = 211, .box_w = 9, .box_h = 18, .ofs_x = -1, .ofs_y = 5},
    {.bitmap_index = 7343, .adv_w = 211, .box_w = 10, .box_h = 16, .ofs_x = -1, .ofs_y = 7},
    {.bitmap_index = 7383, .adv_w = 211, .box_w = 10, .box_h = 18, .ofs_x = -1, .ofs_y = 5},
    {.bitmap_index = 7428, .adv_w = 211, .box_w = 9, .box_h = 30, .ofs_x = 5, .ofs_y = -7},
    {.bitmap_index = 7496, .adv_w = 211, .box_w = 9, .box_h = 30, .ofs_x = 5, .ofs_y = -7},
    {.bitmap_index = 7564, .adv_w = 211, .box_w = 10, .box_h = 30, .ofs_x = 4, .ofs_y = -7},
    {.bitmap_index = 7639, .adv_w = 211, .box_w = 10, .box_h = 30, .ofs_x = 4, .ofs_y = -7},
    {.bitmap_index = 7714, .adv_w = 211, .box_w = 10, .box_h = 30, .ofs_x = 4, .ofs_y = -7},
    {.bitmap_index = 7789, .adv_w = 211, .box_w = 10, .box_h = 30, .ofs_x = 4, .ofs_y = -7},
    {.bitmap_index = 7864, .adv_w = 211, .box_w = 10, .box_h = 30, .ofs_x = 4, .ofs_y = -7},
    {.bitmap_index = 7939, .adv_w = 211, .box_w = 10, .box_h = 30, .ofs_x = 4, .ofs_y = -7},
    {.bitmap_index = 8014, .adv_w = 211, .box_w = 9, .box_h = 30, .ofs_x = -1, .ofs_y = -7},
    {.bitmap_index = 8082, .adv_w = 211, .box_w = 9, .box_h = 30, .ofs_x = -1, .ofs_y = -7},
    {.bitmap_index = 8150, .adv_w = 211, .box_w = 10, .box_h = 30, .ofs_x = -1, .ofs_y = -7},
    {.bitmap_index = 8225, .adv_w = 211, .box_w = 10, .box_h = 30, .ofs_x = -1, .ofs_y = -7},
    {.bitmap_index = 8300, .adv_w = 211, .box_w = 10, .box_h = 30, .ofs_x = -1, .ofs_y = -7},
    {.bitmap_index = 8375, .adv_w = 211, .box_w = 10, .box_h = 30, .ofs_x = -1, .ofs_y = -7},
    {.bitmap_index = 8450, .adv_w = 211, .box_w = 10, .box_h = 30, .ofs_x = -1, .ofs_y = -7},
    {.bitmap_index = 8525, .adv_w = 211, .box_w = 10, .box_h = 30, .ofs_x = -1, .ofs_y = -7},
    {.bitmap_index = 8600, .adv_w = 211, .box_w = 15, .box_h = 17, .ofs_x = -1, .ofs_y = -7},
    {.bitmap_index = 8664, .adv_w = 211, .box_w = 15, .box_h = 18, .ofs_x = -1, .ofs_y = -7},
    {.bitmap_index = 8732, .adv_w = 211, .box_w = 15, .box_h = 18, .ofs_x = -1, .ofs_y = -7},
    {.bitmap_index = 8800, .adv_w = 211, .box_w = 15, .box_h = 18, .ofs_x = -1, .ofs_y = -7},
    {.bitmap_index = 8868, .adv_w = 211, .box_w = 15, .box_h = 17, .ofs_x = -1, .ofs_y = -7},
    {.bitmap_index = 8932, .adv_w = 211, .box_w = 15, .box_h = 18, .ofs_x = -1, .ofs_y = -7},
    {.bitmap_index = 9000, .adv_w = 211, .box_w = 15, .box_h = 18, .ofs_x = -1, .ofs_y = -7},
    {.bitmap_index = 9068, .adv_w = 211, .box_w = 15, .box_h = 18, .ofs_x = -1, .ofs_y = -7},
    {.bitmap_index = 9136, .adv_w = 211, .box_w = 15, .box_h = 16, .ofs_x = -1, .ofs_y = 7},
    {.bitmap_index = 9196, .adv_w = 211, .box_w = 15, .box_h = 18, .ofs_x = -1, .ofs_y = 5},
    {.bitmap_index = 9264, .adv_w = 211, .box_w = 15, .box_h = 18, .ofs_x = -1, .ofs_y = 5},
    {.bitmap_index = 9332, .adv_w = 211, .box_w = 15, .box_h = 18, .ofs_x = -1, .ofs_y = 5},
    {.bitmap_index = 9400, .adv_w = 211, .box_w = 15, .box_h = 16, .ofs_x = -1, .ofs_y = 7},
    {.bitmap_index = 9460, .adv_w = 211, .box_w = 15, .box_h = 18, .ofs_x = -1, .ofs_y = 5},
    {.bitmap_index = 9528, .adv_w = 211, .box_w = 15, .box_h = 18, .ofs_x = -1, .ofs_y = 5},
    {.bitmap_index = 9596, .adv_w = 211, .box_w = 15, .box_h = 18, .ofs_x = -1, .ofs_y = 5},
    {.bitmap_index = 9664, .adv_w = 211, .box_w = 15, .box_h = 30, .ofs_x = -1, .ofs_y = -7},
    {.bitmap_index = 9777, .adv_w = 211, .box_w = 15, .box_h = 30, .ofs_x = -1, .ofs_y = -7},
    {.bitmap_index = 9890, .adv_w = 211, .box_w = 15, .box_h = 30, .ofs_x = -1, .ofs_y = -7},
    {.bitmap_index = 10003, .adv_w = 211, .box_w = 15, .box_h = 30, .ofs_x = -1, .ofs_y = -7},
    {.bitmap_index = 10116, .adv_w = 211, .box_w = 15, .box_h = 30, .ofs_x = -1, .ofs_y = -7},
    {.bitmap_index = 10229, .adv_w = 211, .box_w = 15, .box_h = 30, .ofs_x = -1, .ofs_y = -7},
    {.bitmap_index = 10342, .adv_w = 211, .box_w = 15, .box_h = 30, .ofs_x = -1, .ofs_y = -7},
    {.bitmap_index = 10455, .adv_w = 211, .box_w = 15, .box_h = 30, .ofs_x = -1, .ofs_y = -7},
    {.bitmap_index = 10568, .adv_w = 211, .box_w = 15, .box_h = 30, .ofs_x = -1, .ofs_y = -7},
    {.bitmap_index = 10681, .adv_w = 211, .box_w = 15, .box_h = 30, .ofs_x = -1, .ofs_y = -7},
    {.bitmap_index = 10794, .adv_w = 211, .box_w = 15, .box_h = 30, .ofs_x = -1, .ofs_y = -7},
    {.bitmap_index = 10907, .adv_w = 211, .box_w = 15, .box_h = 30, .ofs_x = -1, .ofs_y = -7},
    {.bitmap_index = 11020, .adv_w = 211, .box_w = 15, .box_h = 30, .ofs_x = -1, .ofs_y = -7},
    {.bitmap_index = 11133, .adv_w = 211, .box_w = 15, .box_h = 30, .ofs_x = -1, .ofs_y = -7},
    {.bitmap_index = 11246, .adv_w = 211, .box_w = 15, .box_h = 30, .ofs_x = -1, .ofs_y = -7},
    {.bitmap_index = 11359, .adv_w = 211, .box_w = 15, .box_h = 30, .ofs_x = -1, .ofs_y = -7},
    {.bitmap_index = 11472, .adv_w = 211, .box_w = 11, .box_h = 3, .ofs_x = 1, .ofs_y = 7},
    {.bitmap_index = 11481, .adv_w = 211, .box_w = 11, .box_h = 6, .ofs_x = 1, .ofs_y = 5},
    {.bitmap_index = 11498, .adv_w = 211, .box_w = 3, .box_h = 24, .ofs_x = 5, .ofs_y = -4},
    {.bitmap_index = 11516, .adv_w = 211, .box_w = 5, .box_h = 24, .ofs_x = 4, .ofs_y = -4},
    {.bitmap_index = 11546, .adv_w = 211, .box_w = 15, .box_h = 8, .ofs_x = -1, .ofs_y = 4},
    {.bitmap_index = 11576, .adv_w = 211, .box_w = 7, .box_h = 30, .ofs_x = 3, .ofs_y = -7},
    {.bitmap_index = 11629, .adv_w = 211, .box_w = 9, .box_h = 19, .ofs_x = 5, .ofs_y = -7},
    {.bitmap_index = 11672, .adv_w = 211, .box_w = 11, .box_h = 17, .ofs_x = 3, .ofs_y = -7},
    {.bitmap_index = 11719, .adv_w = 211, .box_w = 11, .box_h = 19, .ofs_x = 3, .ofs_y = -7},
    {.bitmap_index = 11772, .adv_w = 211, .box_w = 9, .box_h = 19, .ofs_x = -1, .ofs_y = -7},
    {.bitmap_index = 11815, .adv_w = 211, .box_w = 11, .box_h = 17, .ofs_x = -1, .ofs_y = -7},
    {.bitmap_index = 11862, .adv_w = 211, .box_w = 11, .box_h = 19, .ofs_x = -1, .ofs_y = -7},
    {.bitmap_index = 11915, .adv_w = 211, .box_w = 9, .box_h = 19, .ofs_x = 5, .ofs_y = 4},
    {.bitmap_index = 11958, .adv_w = 211, .box_w = 11, .box_h = 16, .ofs_x = 3, .ofs_y = 7},
    {.bitmap_index = 12002, .adv_w = 211, .box_w = 11, .box_h = 19, .ofs_x = 3, .ofs_y = 4},
    {.bitmap_index = 12055, .adv_w = 211, .box_w = 9, .box_h = 19, .ofs_x = -1, .ofs_y = 4},
    {.bitmap_index = 12098, .adv_w = 211, .box_w = 11, .box_h = 16, .ofs_x = -1, .ofs_y = 7},
    {.bitmap_index = 12142, .adv_w = 211, .box_w = 11, .box_h = 19, .ofs_x = -1, .ofs_y = 4},
    {.bitmap_index = 12195, .adv_w = 211, .box_w = 9, .box_h = 30, .ofs_x = 5, .ofs_y = -7},
    {.bitmap_index = 12263, .adv_w = 211, .box_w = 11, .box_h = 30, .ofs_x = 3, .ofs_y = -7},
    {.bitmap_index = 12346, .adv_w = 211, .box_w = 11, .box_h = 30, .ofs_x = 3, .ofs_y = -7},
    {.bitmap_index = 12429, .adv_w = 211, .box_w = 9, .box_h = 30, .ofs_x = -1, .ofs_y = -7},
    {.bitmap_index = 12497, .adv_w = 211, .box_w = 11, .box_h = 30, .ofs_x = -1, .ofs_y = -7},
    {.bitmap_index = 12580, .adv_w = 211, .box_w = 11, .box_h = 30, .ofs_x = -1, .ofs_y = -7},
    {.bitmap_index = 12663, .adv_w = 211, .box_w = 15, .box_h = 19, .ofs_x = -1, .ofs_y = -7},
    {.bitmap_index = 12735, .adv_w = 211, .box_w = 15, .box_h = 17, .ofs_x = -1, .ofs_y = -7},
    {.bitmap_index = 12799, .adv_w = 211, .box_w = 15, .box_h = 19, .ofs_x = -1, .ofs_y = -7},
    {.bitmap_index = 12871, .adv_w = 211, .box_w = 15, .box_h = 19, .ofs_x = -1, .ofs_y = 4},
    {.bitmap_index = 12943, .adv_w = 211, .box_w = 15, .box_h = 16, .ofs_x = -1, .ofs_y = 7},
    {.bitmap_index = 13003, .adv_w = 211, .box_w = 15, .box_h = 19, .ofs_x = -1, .ofs_y = 4},
    {.bitmap_index = 13075, .adv_w = 211, .box_w = 15, .box_h = 30, .ofs_x = -1, .ofs_y = -7},
    {.bitmap_index = 13188, .adv_w = 211, .box_w = 15, .box_h = 30, .ofs_x = -1, .ofs_y = -7},
    {.bitmap_index = 13301, .adv_w = 211, .box_w = 15, .box_h = 30, .ofs_x = -1, .ofs_y = -7},
    {.bitmap_index = 13414, .adv_w = 211, .box_w = 9, .box_h = 17, .ofs_x = 5, .ofs_y = -7},
    {.bitmap_index = 13453, .adv_w = 211, .box_w = 9, .box_h = 17, .ofs_x = -1, .ofs_y = -7},
    {.bitmap_index = 13492, .adv_w = 211, .box_w = 9, .box_h = 16, .ofs_x = -1, .ofs_y = 7},
    {.bitmap_index = 13528, .adv_w = 211, .box_w = 9, .box_h = 16, .ofs_x = 5, .ofs_y = 7},
    {.bitmap_index = 13564, .adv_w = 211, .box_w = 15, .box_h = 24, .ofs_x = -1, .ofs_y = -4},
    {.bitmap_index = 13654, .adv_w = 211, .box_w = 15, .box_h = 24, .ofs_x = -1, .ofs_y = -4},
    {.bitmap_index = 13744, .adv_w = 211, .box_w = 15, .box_h = 24, .ofs_x = -1, .ofs_y = -4},
    {.bitmap_index = 13834, .adv_w = 211, .box_w = 9, .box_h = 3, .ofs_x = -1, .ofs_y = 7},
    {.bitmap_index = 13841, .adv_w = 211, .box_w = 3, .box_h = 16, .ofs_x = 5, .ofs_y = 7},
    {.bitmap_index = 13853, .adv_w = 211, .box_w = 9, .box_h = 3, .ofs_x = 5, .ofs_y = 7},
    {.bitmap_index = 13860, .adv_w = 211, .box_w = 3, .box_h = 17, .ofs_x = 5, .ofs_y = -7},
    {.bitmap_index = 13873, .adv_w = 211, .box_w = 9, .box_h = 6, .ofs_x = -1, .ofs_y = 5},
    {.bitmap_index = 13887, .adv_w = 211, .box_w = 5, .box_h = 16, .ofs_x = 4, .ofs_y = 7},
    {.bitmap_index = 13907, .adv_w = 211, .box_w = 9, .box_h = 6, .ofs_x = 5, .ofs_y = 5},
    {.bitmap_index = 13921, .adv_w = 211, .box_w = 5, .box_h = 17, .ofs_x = 4, .ofs_y = -7},
    {.bitmap_index = 13943, .adv_w = 211, .box_w = 15, .box_h = 6, .ofs_x = -1, .ofs_y = 5},
    {.bitmap_index = 13966, .adv_w = 211, .box_w = 5, .box_h = 30, .ofs_x = 4, .ofs_y = -7},
    {.bitmap_index = 14004, .adv_w = 211, .box_w = 15, .box_h = 6, .ofs_x = -1, .ofs_y = 5},
    {.bitmap_index = 14027, .adv_w = 211, .box_w = 5, .box_h = 30, .ofs_x = 4, .ofs_y = -7}
};

/*---------------------
 *  CHARACTER MAPPING
 *--------------------*/

static const uint16_t unicode_list_1[] = {
    0x0, 0x5, 0x10, 0x356
};

static const uint16_t unicode_list_3[] = {
    0x0, 0x1bc3, 0x1bd5, 0x1cc5
};

/*Collect the unicode lists and glyph_id offsets*/
static const lv_font_fmt_txt_cmap_t cmaps[] =
{
    {
        .range_start = 32, .range_length = 95, .glyph_id_start = 1,
        .unicode_list = NULL, .glyph_id_ofs_list = NULL, .list_length = 0, .type = LV_FONT_FMT_TXT_CMAP_FORMAT0_TINY
    },
    {
        .range_start = 171, .range_length = 855, .glyph_id_start = 96,
        .unicode_list = unicode_list_1, .glyph_id_ofs_list = NULL, .list_length = 4, .type = LV_FONT_FMT_TXT_CMAP_SPARSE_TINY
    },
    {
        .range_start = 1040, .range_length = 64, .glyph_id_start = 100,
        .unicode_list = NULL, .glyph_id_ofs_list = NULL, .list_length = 0, .type = LV_FONT_FMT_TXT_CMAP_FORMAT0_TINY
    },
    {
        .range_start = 1105, .range_length = 7366, .glyph_id_start = 164,
        .unicode_list = unicode_list_3, .glyph_id_ofs_list = NULL, .list_length = 4, .type = LV_FONT_FMT_TXT_CMAP_SPARSE_TINY
    },
    {
        .range_start = 9472, .range_length = 128, .glyph_id_start = 168,
        .unicode_list = NULL, .glyph_id_ofs_list = NULL, .list_length = 0, .type = LV_FONT_FMT_TXT_CMAP_FORMAT0_TINY
    }
};



/*--------------------
 *  ALL CUSTOM DATA
 *--------------------*/

#if LVGL_VERSION_MAJOR == 8
/*Store all the custom data of the font*/
static  lv_font_fmt_txt_glyph_cache_t cache;
#endif

#if LVGL_VERSION_MAJOR >= 8
static const lv_font_fmt_txt_dsc_t font_dsc = {
#else
static lv_font_fmt_txt_dsc_t font_dsc = {
#endif
    .glyph_bitmap = glyph_bitmap,
    .glyph_dsc = glyph_dsc,
    .cmaps = cmaps,
    .kern_dsc = NULL,
    .kern_scale = 0,
    .cmap_num = 5,
    .bpp = 2,
    .kern_classes = 0,
    .bitmap_format = 0,
#if LVGL_VERSION_MAJOR == 8
    .cache = &cache
#endif

};



/*-----------------
 *  PUBLIC FONT
 *----------------*/

/*Initialize a public general font descriptor*/
#if LVGL_VERSION_MAJOR >= 8
const lv_font_t term_font_30 = {
#else
lv_font_t term_font_30 = {
#endif
    .get_glyph_dsc = lv_font_get_glyph_dsc_fmt_txt,    /*Function pointer to get glyph's data*/
    .get_glyph_bitmap = lv_font_get_bitmap_fmt_txt,    /*Function pointer to get glyph's bitmap*/
    .line_height = 30,          /*The maximum line height required by the font*/
    .base_line = 7,             /*Baseline measured from the bottom of the line*/
#if !(LVGL_VERSION_MAJOR == 6 && LVGL_VERSION_MINOR == 0)
    .subpx = LV_FONT_SUBPX_NONE,
#endif
#if LV_VERSION_CHECK(7, 4, 0) || LVGL_VERSION_MAJOR >= 8
    .underline_position = -3,
    .underline_thickness = 1,
#endif
    .static_bitmap = 0,
    .dsc = &font_dsc,          /*The custom font data. Will be accessed by `get_glyph_bitmap/dsc` */
#if LV_VERSION_CHECK(8, 2, 0) || LVGL_VERSION_MAJOR >= 9
    .fallback = NULL,
#endif
    .user_data = NULL,
};



#endif /*#if TERM_FONT_30*/
